iso3,pcode,valid_date,adm_level,mean_old,median_old,min_old,max_old,count_old,sum_old,std_old,mean_new,max_new,min_new,median_new,sum_new,std_new,count_new,native_px,mean_rel,size_bucket
ETH,ET,2026-06-01,0,1.3329314,0.20599365,0.0,25.930405,37073,49415.766,2.4376702,1.3329875665662292,25.930404663085938,0.0,0.20599365234375,49407.50653060266,2.4379042432677887,37065,1482.92,4.213762705949291e-05,>64 px
ETH,ET01,2026-06-01,1,0.61717314,0.289917,0.0,7.692337,1759,1085.6075,1.2761828,0.6187383711494641,9.912490844726562,0.0,0.2899169921875,1088.7631757288684,1.2889887185706144,1760,70.36,0.002536129730895373,>64 px
ETH,ET0101,2026-06-01,2,0.469244,0.28038025,0.024795532,3.1604767,421,197.55173,0.5550808,0.45992613652138914,3.1604766845703125,0.0247955322265625,0.2803802490234375,192.07787347990114,0.5324504620327352,418,16.84,0.019857181932237504,16-64 px
ETH,ET0102,2026-06-01,2,0.27481663,0.25749207,0.024795532,0.63705444,313,86.01761,0.17133233,0.2739151559739515,0.637054443359375,0.0247955322265625,0.2574920654296875,87.56657542365875,0.1711237064970131,320,12.52,0.0032802746545888065,4-16 px
ETH,ET0103,2026-06-01,2,0.27966723,0.27275085,0.0,0.45013428,214,59.848785,0.13940704,0.2801506470350115,0.45013427734375,0.0,0.2727508544921875,59.661060695326285,0.1406296742509158,213,8.56,0.0017285437232368455,4-16 px
ETH,ET0104,2026-06-01,2,0.26955688,0.16403198,0.0019073486,0.7133484,169,45.555115,0.24265237,0.2684046308072982,0.713348388671875,0.0,0.164031982421875,45.25230052241369,0.24526196239235248,169,6.76,0.00427460502103227,4-16 px
ETH,ET0105,2026-06-01,2,1.4742779,0.6389618,0.21362305,7.692337,446,657.52795,2.2500544,1.4939876809911363,9.912490844726562,0.213623046875,0.6389617919921875,665.1414912135167,2.2784547338368286,445,17.84,0.013369108355443981,16-64 px
ETH,ET0106,2026-06-01,2,0.19349352,0.22888184,0.04386902,0.45013428,177,34.248352,0.08189445,0.19437166744465106,0.45013427734375,0.0438690185546875,0.2288818359375,34.61454847197842,0.0811188759039282,178,7.08,0.004538381671133285,4-16 px
ETH,ET0107,2026-06-01,2,0.2556851,0.25749207,0.24032593,0.25749207,19,4.858017,0.0052681537,0.2544917263583911,0.45013427734375,0.1735687255859375,0.2574920654296875,4.449326479631644,0.012883718657644115,17,0.76,0.004667357001283511,<1 px
ETH,ET02,2026-06-01,1,0.0062640645,0.0,0.0,0.37765503,3153,19.750595,0.022546554,0.006095743224974215,0.377655029296875,0.0,0.0,19.212760388831462,0.02141032323541925,3152,126.12,0.026870935799876428,>64 px
ETH,ET0201,2026-06-01,2,0.002583978,0.0,0.0,0.045776367,1074,2.7751923,0.007057377,0.0025825939228671315,0.0457763671875,0.0,0.0,2.7892565391596236,0.007052477620104328,1080,42.96,0.0005356381257380451,16-64 px
ETH,ET0202,2026-06-01,2,0.010725518,0.0019073486,0.0,0.37765503,1006,10.789871,0.035162687,0.010159492233030682,0.377655029296875,0.0,0.0019073486328125,10.133029817605,0.03286209574370549,997,40.24,0.0527737464026742,16-64 px
ETH,ET0203,2026-06-01,2,0.010678207,0.0019073486,0.0,0.1449585,518,5.531311,0.021696113,0.010822949372163495,0.14495849609375,0.0,0.0019073486328125,5.640984869459409,0.022185306742736506,521,20.72,0.013554932224435642,16-64 px
ETH,ET0204,2026-06-01,2,0.00065128977,0.0,0.0,0.009536743,369,0.24032593,0.0017899557,0.0006511984328347239,0.0095367431640625,0.0,0.0,0.2412028679898981,0.0017666168062561087,370,14.76,0.0001402404420939734,4-16 px
ETH,ET0205,2026-06-01,2,0.00222524,0.0019073486,0.0,0.0076293945,186,0.41389465,0.002493293,0.0022333747597525883,0.00762939453125,0.0,0.0019073486328125,0.4082862897797357,0.0024993358361257516,183,7.44,0.0036556774786487985,4-16 px
ETH,ET03,2026-06-01,1,2.0543563,0.91362,0.0,13.940811,5068,10411.479,2.6008441,2.0543940312384326,13.940811157226562,0.0,0.9136199951171875,10394.983494102351,2.6009041345061172,5060,202.72,1.8366453001730437e-05,>64 px
ETH,ET0301,2026-06-01,2,2.9790158,2.1133423,0.08392334,9.912491,225,670.27856,2.8677025,2.932121729229158,9.912490844726562,0.08392333984375,0.9918212890625,670.5111573576339,2.821433422530148,229,9.0,0.01574146426844801,4-16 px
ETH,ET0302,2026-06-01,2,2.8238194,1.8920898,0.07247925,11.581421,469,1324.3713,2.9004405,2.828079839005404,11.5814208984375,0.072479248046875,1.89208984375,1323.2207674263918,2.901991097844628,468,18.76,0.0015087505261150765,16-64 px
ETH,ET0303,2026-06-01,2,0.66887844,0.19073486,0.0,3.9520264,365,244.14062,1.1250155,0.6542550154833897,3.9520263671875,0.0,0.19073486328125,241.72942925733133,1.110483910275701,369,14.6,0.02186260408783732,4-16 px
ETH,ET0304,2026-06-01,2,1.546547,0.18119812,0.0,11.505127,616,952.673,2.7023485,1.5546849379766732,11.505126953125,0.0,0.1811981201171875,953.5241432660602,2.7063665049594823,613,24.64,0.005262004954697971,16-64 px
ETH,ET0305,2026-06-01,2,0.5929385,0.55885315,0.0,3.2615662,533,316.03622,0.7787313,0.5923158781589146,3.261566162109375,0.0,0.5588531494140625,317.4268270573127,0.783827009240391,536,21.32,0.0010500614162942926,16-64 px
ETH,ET0306,2026-06-01,2,3.9764347,1.9836426,0.076293945,13.940811,468,1860.9714,3.8737662,3.998088035281267,13.940811157226562,0.0762939453125,1.983642578125,1859.8860689588826,3.8791872032247614,465,18.72,0.005445414527055328,16-64 px
ETH,ET0307,2026-06-01,2,4.1148396,4.1999817,1.121521,9.397507,446,1835.2184,1.4923736,4.129961191789112,9.397506713867188,1.12152099609375,4.199981689453125,1854.0028728146751,1.4921994371529719,449,17.84,0.003674892160829925,16-64 px
ETH,ET0308,2026-06-01,2,0.4432137,0.37765503,0.024795532,6.2026978,296,131.19125,0.47053552,0.43972111477781284,6.20269775390625,0.0247955322265625,0.377655029296875,130.56404915422482,0.47071729051981664,297,11.84,0.00788013823170888,4-16 px
ETH,ET0309,2026-06-01,2,4.4691525,4.5681,0.749588,9.397507,309,1380.9681,2.9390695,4.508628005001608,9.397506713867188,0.7495880126953125,4.5680999755859375,1354.089065332562,2.9431823766931613,300,12.36,0.008832883863687357,4-16 px
ETH,ET0310,2026-06-01,2,0.0049500237,0.0019073486,0.0,0.030517578,126,0.623703,0.008751063,0.005245077950165804,0.049591064453125,0.0,0.0019073486328125,0.6615054711112123,0.009171027407285997,126,5.04,0.05960663383607705,4-16 px
ETH,ET0311,2026-06-01,2,1.8551724,1.5048981,0.024795532,9.912491,650,1205.862,1.8667958,1.8557121639265117,9.912490844726562,0.0247955322265625,1.5048980712890625,1204.7690051975478,1.8645926176943783,649,26.0,0.00029095081756912275,16-64 px
ETH,ET0312,2026-06-01,2,0.8657405,0.7572174,0.24032593,2.9315948,565,489.14337,0.5526047,0.8686088981731589,2.9315948486328125,0.2079010009765625,0.7572174072265625,484.5985611361611,0.5566319261668055,558,22.6,0.0033132308967396933,16-64 px
ETH,ET04,2026-06-01,1,2.346201,0.67710876,0.0,17.059326,10582,24827.5,3.0812051,2.3507989041330863,17.059326171875,0.0,0.6771087646484375,24894.640416454306,3.083129148768283,10590,423.28,0.0019597230301607316,>64 px
ETH,ET0401,2026-06-01,2,6.3077874,6.744385,1.947403,10.576248,401,2529.4229,2.3469336,6.2526204889604795,10.576248168945312,1.38092041015625,6.744384765625,2546.3759413239836,2.3668149615206886,407,16.04,0.008745841852488575,16-64 px
ETH,ET0402,2026-06-01,2,7.369012,8.174896,1.4953613,14.457703,452,3330.7935,3.3486118,7.362843243004306,14.45770263671875,1.495361328125,8.174896240234375,3310.4160648829597,3.3649817620105136,450,18.08,0.0008371213122862894,16-64 px
ETH,ET0403,2026-06-01,2,5.3434196,4.9114227,2.6016235,11.24382,328,1752.6417,1.842706,5.372590878781889,11.243820190429688,2.60162353515625,4.9114227294921875,1785.4768407669085,1.8595212519171664,332,13.12,0.005459290298274342,4-16 px
ETH,ET0404,2026-06-01,2,5.3288803,5.1841736,1.3122559,10.639191,599,3191.9995,2.1287608,5.3408863535614,11.243820190429688,1.312255859375,5.184173583984375,3189.0038730295805,2.1401572112202514,597,23.96,0.0022530161845444653,16-64 px
ETH,ET0405,2026-06-01,2,5.0058956,3.3664703,0.4043579,17.059326,467,2337.7534,3.7762444,5.014443146946644,17.059326171875,0.40435791015625,3.3664703369140625,2344.7625354083048,3.7725634496646583,468,18.68,0.0017074960465904448,16-64 px
ETH,ET0406,2026-06-01,2,0.9503619,0.9441376,0.10108948,2.5939941,300,285.10858,0.6769752,0.9498514668963997,2.838134765625,0.1010894775390625,0.9441375732421875,285.0118271658903,0.6753972910728344,300,12.0,0.0005370933994726929,4-16 px
ETH,ET0407,2026-06-01,2,0.59537536,0.4196167,0.011444092,2.5939941,324,192.90161,0.58487076,0.5961165137149507,8.76617431640625,0.003814697265625,0.41961669921875,191.75723650786125,0.619270404170051,322,12.96,0.0012448511724614344,4-16 px
ETH,ET0408,2026-06-01,2,2.2949066,0.91362,0.0705719,11.137009,677,1553.6519,3.1647496,2.290833870438013,11.137008666992188,0.0705718994140625,0.9136199951171875,1548.8799548985633,3.1588239184119424,676,27.08,0.0017746820554645321,16-64 px
ETH,ET0409,2026-06-01,2,0.33619756,0.13542175,0.0019073486,1.4305115,575,193.3136,0.4038979,0.3353739332818042,1.430511474609375,0.0019073486328125,0.1354217529296875,193.0857518727014,0.40329856620877613,576,23.0,0.002449829553182368,16-64 px
ETH,ET0410,2026-06-01,2,0.28787923,0.09346008,0.0,1.4305115,819,235.77309,0.36022884,0.2887181812492571,1.430511474609375,0.0,0.0934600830078125,236.67052158782286,0.35977847219303044,820,32.76,0.0029142472322754636,16-64 px
ETH,ET0411,2026-06-01,2,1.3884063,0.44250488,0.038146973,10.129929,957,1328.7048,2.4841354,1.3851569708603375,10.129928588867188,0.03814697265625,0.423431396484375,1332.2118740280775,2.479205036645536,962,38.28,0.0023403301610360537,16-64 px
ETH,ET0412,2026-06-01,2,0.19764155,0.17166138,0.005722046,0.5989075,1441,284.80148,0.15235478,0.19760010902869482,0.598907470703125,0.0057220458984375,0.171661376953125,284.827120735498,0.15218594412656583,1441,57.64,0.0002096774251425314,16-64 px
ETH,ET0413,2026-06-01,2,4.448637,3.168106,0.7839203,17.059326,188,836.34375,3.9029179,4.500557404095003,17.059326171875,0.5550384521484375,3.1681060791015625,852.087504047977,3.878808866741629,189,7.52,0.01167108129860981,4-16 px
ETH,ET0414,2026-06-01,2,0.89260525,0.5130768,0.23841858,4.66156,562,501.64413,0.96306413,0.8931272679046091,4.66156005859375,0.1811981201171875,0.5130767822265625,502.8956534316009,0.9630246883799258,563,22.48,0.0005848250440035392,16-64 px
ETH,ET0415,2026-06-01,2,0.88978726,0.64849854,0.23460388,3.0441284,313,278.50342,0.71819973,0.9017179168068583,3.04412841796875,0.2346038818359375,0.64849853515625,282.9901345180019,0.7268059242044598,314,12.52,0.013408437435773515,4-16 px
ETH,ET0416,2026-06-01,2,5.464028,5.109787,3.1871796,9.721756,203,1109.1976,1.761403,5.459486724775233,9.721755981445312,3.1871795654296875,5.1097869873046875,1090.9346196799286,1.7578030617461042,200,8.12,0.0008311222462196579,4-16 px
ETH,ET0417,2026-06-01,2,3.558931,3.2520294,0.6656647,10.129929,410,1459.1617,2.1428258,3.5621916254812818,11.137008666992188,0.6656646728515625,3.2520294189453125,1466.882229386514,2.1553140207433574,412,16.4,0.0009161811457659393,16-64 px
ETH,ET0418,2026-06-01,2,4.7233067,4.875183,0.8735657,7.915497,319,1506.7349,1.993317,4.748361974488275,7.915496826171875,0.873565673828125,4.87518310546875,1508.7291461830077,1.986545712181342,318,12.76,0.005304604608520303,4-16 px
ETH,ET0419,2026-06-01,2,5.5195727,3.99971,0.8468628,11.598587,266,1468.2064,3.8572304,5.526949852427247,11.598587036132812,0.84686279296875,3.9997100830078125,1487.5674250692916,3.85347916949722,269,10.64,0.0013365441182153087,4-16 px
ETH,ET0420,2026-06-01,2,2.5542576,2.5939941,0.7839203,3.5476685,144,367.8131,0.69249165,2.540584652204754,3.54766845703125,0.7839202880859375,2.593994140625,371.830475561552,0.7103601955968465,146,5.76,0.005353002686669493,4-16 px
ETH,ET0421,2026-06-01,2,0.09919808,0.036239624,0.0038146973,0.995636,837,83.02879,0.1813659,0.0992852371470552,0.995635986328125,0.003814697265625,0.0362396240234375,82.24367527867471,0.18164320528697406,828,33.48,0.0008786172782296363,16-64 px
ETH,ET05,2026-06-01,1,0.06484142,0.04196167,0.0,1.3256073,10178,659.956,0.07097339,0.06487656343261039,1.3256072998046875,0.0,0.041961669921875,660.8769713523386,0.0712706836760105,10187,407.12,0.000541990484020759,>64 px
ETH,ET0501,2026-06-01,2,0.008602066,0.0019073486,0.0,1.3256073,1004,8.636475,0.066377446,0.009354108831047047,1.3256072998046875,0.0,0.0019073486328125,9.406196284711399,0.07099812290975097,1006,40.16,0.08742583828664495,16-64 px
ETH,ET0502,2026-06-01,2,0.093114875,0.0705719,0.0019073486,0.92315674,547,50.933838,0.0979779,0.09145617218861316,0.92315673828125,0.0019073486328125,0.0705718994140625,50.11587900675685,0.09479479148468903,548,21.88,0.017813510584499464,16-64 px
ETH,ET0503,2026-06-01,2,0.08593217,0.06484985,0.015258789,0.26893616,1278,109.82132,0.04869585,0.08547051846668943,0.2689361572265625,0.0133514404296875,0.064849853515625,109.70636812439038,0.04851806837645348,1284,51.12,0.005372278313355403,16-64 px
ETH,ET0504,2026-06-01,2,0.04864909,0.04386902,0.015258789,0.104904175,326,15.859604,0.020384489,0.04842960931430761,0.1087188720703125,0.0152587890625,0.0438690185546875,15.551025649451766,0.020373537289330283,321,13.04,0.004511506498731752,4-16 px
ETH,ET0505,2026-06-01,2,0.072449796,0.05531311,0.009536743,0.24795532,1101,79.76723,0.05552423,0.07272887129447428,0.247955322265625,0.0095367431640625,0.057220458984375,79.52614735144853,0.05565916012973464,1093,44.04,0.003851981784383243,16-64 px
ETH,ET0506,2026-06-01,2,0.042548414,0.036239624,0.0038146973,0.16212463,1102,46.88835,0.029229203,0.04283087300336029,0.1621246337890625,0.003814697265625,0.0362396240234375,47.46787803539543,0.029420608764384404,1108,44.08,0.0066385318935810395,16-64 px
ETH,ET0507,2026-06-01,2,0.026246693,0.022888184,0.0076293945,0.08773804,1501,39.396286,0.01247221,0.026147365323244923,0.087738037109375,0.00762939453125,0.02288818359375,39.17249478488372,0.012469414065562744,1498,60.04,0.0037843882562682775,16-64 px
ETH,ET0508,2026-06-01,2,0.038025673,0.034332275,0.0038146973,0.08392334,1368,52.01912,0.020612009,0.037988806950570615,0.08392333984375,0.003814697265625,0.034332275390625,52.1903169785648,0.020639886568573497,1374,54.72,0.0009695041933745037,16-64 px
ETH,ET0509,2026-06-01,2,0.08811654,0.06484985,0.017166138,0.44822693,1028,90.5838,0.07301576,0.08811398190344027,0.7724761962890625,0.0171661376953125,0.06103515625,90.91559695032988,0.0731165671404196,1032,41.12,2.903083302769584e-05,16-64 px
ETH,ET0510,2026-06-01,2,0.13843201,0.1373291,0.015258789,0.26893616,524,72.538376,0.06621146,0.13863457672643392,0.2689361572265625,0.0152587890625,0.1373291015625,72.59604903770978,0.06636083921220255,524,20.96,0.0014632939768333072,16-64 px
ETH,ET0511,2026-06-01,2,0.23488663,0.24223328,0.10871887,0.43296814,398,93.48488,0.079222076,0.2359695077543551,0.4329681396484375,0.1087188720703125,0.2422332763671875,94.22901898740454,0.07988872890719198,399,15.92,0.004610214529260725,4-16 px
ETH,ET06,2026-06-01,1,2.7896667,1.6021729,0.31471252,25.930405,1663,4639.2153,3.5882268,2.785637245931259,25.930404663085938,0.3147125244140625,1.6021728515625,4623.383207481036,3.591161798988051,1660,66.52,0.0014444213241464772,>64 px
ETH,ET0602,2026-06-01,2,3.0855672,1.4629364,0.31471252,25.930405,839,2588.791,4.6782794,3.073550878825093,25.930404663085938,0.3147125244140625,1.4629364013671875,2591.289809721921,4.6711870475913315,843,33.56,0.0038943637898752287,16-64 px
ETH,ET0603,2026-06-01,2,2.0910933,1.6021729,0.4787445,4.2266846,382,798.7976,1.0804746,2.093816280194577,5.2280426025390625,0.4787445068359375,1.6021728515625,793.1952259708775,1.0865903805031654,379,15.28,0.0013021801535959183,4-16 px
ETH,ET0604,2026-06-01,2,2.8847058,1.9454956,0.70762634,14.457703,336,969.26117,2.4799907,2.904188131898417,14.45770263671875,0.7076263427734375,1.94549560546875,967.2676194265595,2.475047889321426,333,13.44,0.0067536633712932505,4-16 px
ETH,ET0605,2026-06-01,2,2.6638284,2.023697,0.875473,6.626129,106,282.36578,1.6021007,2.5933383019488074,6.626129150390625,0.4730224609375,2.0236968994140625,271.6305547002973,1.578317371456489,105,4.24,0.026461951547326563,4-16 px
ETH,ET07,2026-06-01,1,1.7063586,0.85639954,0.0,9.874344,2076,3542.4004,2.1142144,1.704317562724285,9.874343872070312,0.0,0.8563995361328125,3532.243519182637,2.10544015501337,2073,83.04,0.0011961361906664394,>64 px
ETH,ET0701,2026-06-01,2,4.9260798,5.1345825,0.55503845,9.874344,187,921.1769,2.9059236,4.823970108989333,9.874343872070312,0.2002716064453125,5.13458251953125,904.0793597325126,2.9106144333045383,187,7.48,0.020728387512249986,4-16 px
ETH,ET0702,2026-06-01,2,3.6954472,3.314972,1.159668,5.970001,117,432.3673,1.4950458,3.6935809624947717,5.970001220703125,0.667572021484375,3.314971923828125,441.8794315469621,1.4816005026966113,120,4.68,0.0005050099228120685,4-16 px
ETH,ET0703,2026-06-01,2,2.3282225,2.506256,1.253128,4.869461,44,102.44179,0.84998333,2.3344632415459747,4.8694610595703125,1.2531280517578125,2.506256103515625,103.70807145561045,0.8737528073450759,44,1.76,0.0026804747166453684,1-4 px
ETH,ET0705,2026-06-01,2,2.8028286,2.861023,0.64849854,4.66156,47,131.73294,0.74168277,2.8143585072657835,4.66156005859375,0.64849853515625,2.86102294921875,125.20791979433454,0.7306248847238506,44,1.88,0.00411366833697349,1-4 px
ETH,ET0706,2026-06-01,2,1.6991148,1.9187927,0.6313324,2.5920868,149,253.1681,0.51503104,1.6955026854183266,2.5920867919921875,0.6313323974609375,1.918792724609375,250.26076680290112,0.5147850436854093,148,5.96,0.0021258802416843354,4-16 px
ETH,ET0707,2026-06-01,2,0.4762246,0.05531311,0.0,6.8187714,766,364.78806,1.4070503,0.48431315908426104,6.8187713623046875,0.0,0.0553131103515625,366.99299883293793,1.4237275171473187,758,30.64,0.016984756949265194,16-64 px
ETH,ET0710,2026-06-01,2,2.2972364,2.3708344,0.1411438,6.258011,237,544.44507,1.697253,2.275989576692793,6.2580108642578125,0.141143798828125,2.2907257080078125,551.5341861283663,1.6970655640512071,242,9.48,0.009248862375333662,4-16 px
ETH,ET0712,2026-06-01,2,0.21499634,0.16212463,0.09727478,0.5168915,25,5.3749084,0.1530968,0.2036865020094312,0.5168914794921875,0.0972747802734375,0.1621246337890625,5.238741044877315,0.1476707084484061,26,1.0,0.05260479313540319,<1 px
ETH,ET0713,2026-06-01,2,0.123011604,0.13160706,0.047683716,0.23651123,77,9.471893,0.04396275,0.12422756308237906,0.5950927734375,0.0476837158203125,0.1316070556640625,9.477736955609828,0.05032446883676184,76,3.08,0.00988491364098516,1-4 px
ETH,ET0714,2026-06-01,2,1.0346805,0.88214874,0.667572,2.506256,34,35.17914,0.45806772,1.024624933483947,2.506256103515625,0.667572021484375,0.9174346923828125,32.819228326097516,0.43553684535806336,32,1.36,0.009718523269794766,1-4 px
ETH,ET0715,2026-06-01,2,2.2849257,2.3784637,0.6313324,6.8187714,147,335.8841,1.4525248,2.2375958661114,6.8187713623046875,0.5130767822265625,2.3784637451171875,332.7136821132337,1.4442628395204116,149,5.88,0.020713948768049613,4-16 px
ETH,ET0716,2026-06-01,2,6.293517,6.8187714,3.4046173,6.8187714,13,81.81572,1.231831,6.090295007466474,6.8187713623046875,3.4046173095703125,6.8187713623046875,81.75592629395823,1.3853758960874643,13,0.52,0.032290687787691,<1 px
ETH,ET0720,2026-06-01,2,2.0779047,1.0910034,0.667572,7.7323914,88,182.8556,1.4238418,2.0676168988014583,7.732391357421875,0.667572021484375,1.09100341796875,179.46466484657364,1.5083391723938677,87,3.52,0.004951045733012524,1-4 px
ETH,ET0721,2026-06-01,2,0.57131904,0.23460388,0.23269653,1.039505,56,31.993866,0.37255636,0.5573061114372229,1.0395050048828125,0.1316070556640625,0.2346038818359375,29.57904213889903,0.37074329859418337,53,2.24,0.024527326382781045,1-4 px
ETH,ET0722,2026-06-01,2,0.29680946,0.23651123,0.13160706,0.7991791,44,13.059616,0.19397166,0.31510054480865024,1.0395050048828125,0.1316070556640625,0.23651123046875,14.163137034239881,0.2196285160219637,45,1.76,0.06162568001926291,1-4 px
ETH,ET0723,2026-06-01,2,0.4233447,0.5168915,0.13160706,0.5950928,22,9.313583,0.19325455,0.41226648877686706,0.5950927734375,0.1316070556640625,0.5168914794921875,9.414320073375393,0.19658914670216857,23,0.88,0.026168300260125992,<1 px
ETH,ET0724,2026-06-01,2,3.7970335,3.4732819,3.314972,4.3182373,23,87.33177,0.41910157,3.749390022000888,4.3182373046875,3.314971923828125,3.4732818603515625,93.95430916860903,0.40606582122304125,25,0.92,0.012547552714273437,<1 px
ETH,ET11,2026-06-01,1,1.9974483,0.75149536,0.0019073486,11.24382,1289,2574.711,2.6598983,1.9851528853302491,11.243820190429688,0.0019073486328125,0.751495361328125,2535.4499553657975,2.6453278090887005,1277,51.56,0.006155560907258989,16-64 px
ETH,ET1101,2026-06-01,2,6.8361664,7.3604584,2.9277802,9.559631,75,512.71246,1.9517409,6.728628602006647,9.55963134765625,0.5702972412109375,7.3604583740234375,516.2433714322754,1.9846789280311414,77,3.0,0.015730716852262835,1-4 px
ETH,ET1102,2026-06-01,2,3.953754,3.2176971,0.04196167,11.24382,350,1383.8138,3.2353268,3.9147322716805664,11.243820190429688,0.041961669921875,3.2176971435546875,1350.2293700960552,3.2261856927247066,345,14.0,0.009869538752141287,4-16 px
ETH,ET1103,2026-06-01,2,1.2895522,0.7457733,0.08010864,4.081726,155,199.8806,1.0861917,1.2862104502269176,4.08172607421875,0.080108642578125,0.7457733154296875,194.41401915358813,1.0804447680973277,151,6.2,0.0025914032584972717,4-16 px
ETH,ET1104,2026-06-01,2,1.8029213,1.6651154,0.8087158,2.6760101,144,259.62067,0.45604253,1.80797745009051,2.6760101318359375,0.8087158203125,1.6651153564453125,258.631767760531,0.45835221824984856,143,5.76,0.0028044208532618533,4-16 px
ETH,ET1105,2026-06-01,2,0.18360493,0.089645386,0.0019073486,3.4046173,485,89.048386,0.3772468,0.18774894591505611,3.4046173095703125,0.0019073486328125,0.0896453857421875,90.93624632560693,0.38977931281103007,484,19.4,0.022570286729534525,16-64 px
ETH,ET1106,2026-06-01,2,1.6204357,1.16539,0.27656555,3.917694,80,129.63486,1.1346815,1.6228909501889672,5.893707275390625,0.2765655517578125,1.1653900146484375,124.99518723072534,1.148784233675435,77,3.2,0.0015151790280646094,1-4 px
ETH,ET12,2026-06-01,1,0.9762487,0.7286072,0.034332275,5.710602,1021,996.7499,1.078151,0.9796735408266695,9.55963134765625,0.034332275390625,0.728607177734375,1003.5424209213497,1.0901945906777046,1024,40.84,0.003508164289150393,16-64 px
ETH,ET1201,2026-06-01,2,0.90822387,0.84877014,0.7171631,1.4533997,158,143.49937,0.14557368,0.9065126631177092,1.453399658203125,0.7171630859375,0.8487701416015625,140.51778383503688,0.14565991577101323,155,6.32,0.0018841245411121731,4-16 px
ETH,ET1202,2026-06-01,2,0.80105174,0.6389618,0.034332275,5.0735474,715,572.752,1.0000882,0.804454028503812,7.114410400390625,0.034332275390625,0.6389617919921875,579.9701352223717,1.0047059073288238,721,28.6,0.004247276841083908,16-64 px
ETH,ET1203,2026-06-01,2,2.7760823,2.9277802,0.26130676,5.710602,75,208.20618,1.6178869,2.7734247113786057,9.55963134765625,0.2384185791015625,2.9277801513671875,211.3511129539142,1.6652549576205902,76,3.0,0.0009573162227194865,1-4 px
ETH,ET1204,2026-06-01,2,0.99030584,0.84877014,0.40626526,1.3885498,73,72.29233,0.2956767,0.9931168850842588,5.07354736328125,0.4062652587890625,0.8487701416015625,71.70338687238487,0.31015701609415036,72,2.92,0.002838562563923463,1-4 px
ETH,ET13,2026-06-01,1,0.5117563,0.5645752,0.33569336,0.5645752,13,6.652832,0.09643365,0.515490891055421,0.797271728515625,0.335693359375,0.5645751953125,6.291429850757702,0.10550520854211819,12,0.52,0.00729759664008231,<1 px
ETH,ET1301,2026-06-01,2,0.5117563,0.5645752,0.33569336,0.5645752,13,6.652832,0.09643365,0.515490891055421,0.797271728515625,0.335693359375,0.5645751953125,6.291429850757702,0.10550520854211819,12,0.52,0.00729759664008231,<1 px
ETH,ET14,2026-06-01,1,3.411798,3.5476685,2.1915436,3.5476685,17,58.000565,0.37844384,3.4065693858083566,3.54766845703125,2.1915435791015625,3.54766845703125,60.458907372229476,0.3798050548243465,18,0.68,0.0015325098940920754,<1 px
ETH,ET1401,2026-06-01,2,3.411798,3.5476685,2.1915436,3.5476685,17,58.000565,0.37844384,3.4065693858083566,3.54766845703125,2.1915435791015625,3.54766845703125,60.458907372229476,0.3798050548243465,18,0.68,0.0015325098940920754,<1 px
ETH,ET15,2026-06-01,1,0.22063535,0.2822876,0.0,0.38146973,34,7.501602,0.16749105,0.21901553280541658,0.797271728515625,0.0,0.28228759765625,7.600493379555928,0.1854995271309926,35,1.36,0.0073416032135531694,1-4 px
ETH,ET1501,2026-06-01,2,0.14209747,0.14209747,0.0019073486,0.2822876,2,0.28419495,0.14019012,0.14918789644055083,0.3814697265625,0.0,0.28228759765625,0.381666489879251,0.14729640956943452,3,0.08,0.04989832993191806,<1 px
ETH,ET1502,2026-06-01,2,0.22554398,0.2822876,0.0,0.38146973,32,7.217407,0.16783516,0.2245728978396318,0.797271728515625,0.0,0.28228759765625,7.218827355215396,0.1870908516698094,32,1.28,0.004305511325854066,1-4 px
ETH,ET16,2026-06-01,1,2.6647394,2.2335052,0.6313324,4.951477,220,586.2427,1.1284374,2.6503706222476087,4.95147705078125,0.6313323974609375,2.2335052490234375,580.0598016898695,1.1192169258664852,219,8.8,0.005392188726744363,4-16 px
ETH,ET1600,2026-06-01,2,2.6647394,2.2335052,0.6313324,4.951477,220,586.2427,1.1284374,2.6503706222476087,4.95147705078125,0.6313323974609375,2.2335052490234375,580.0598016898695,1.1192169258664852,219,8.8,0.005392188726744363,4-16 px
HTI,HT,2026-06-01,0,1.796005,1.4209747,0.26130676,5.830765,904,1623.5886,1.059994,1.7768376980606009,5.8307647705078125,0.164031982421875,1.4209747314453125,1642.454718966566,1.0533143161025966,924,36.16,0.01067218740448896,16-64 px
HTI,HT01,2026-06-01,1,2.0263362,1.996994,0.36621094,3.643036,172,348.52982,1.0469835,2.020431109251448,3.643035888671875,0.3662109375,1.9969940185546875,344.140175540474,1.0570606437266505,170,6.88,0.0029141712755028568,4-16 px
HTI,HT0111,2026-06-01,2,3.643036,3.643036,3.643036,3.643036,2,7.286072,0.0,3.643035888671875,3.643035888671875,3.643035888671875,3.643035888671875,4.2659415004919765,0.0,1,0.08,3.0559161353598514e-08,<1 px
HTI,HT0112,2026-06-01,2,3.643036,3.643036,3.643036,3.643036,1,3.643036,0.0,3.643035888671875,3.643035888671875,3.643035888671875,3.643035888671875,3.2472774638137025,0.0,1,0.04,3.0559161353598514e-08,<1 px
HTI,HT0113,2026-06-01,2,3.126417,3.0403137,3.0403137,3.643036,7,21.884918,0.21090883,3.104670024436412,3.643035888671875,2.124786376953125,3.040313720703125,17.466409538975658,0.18785478370053596,6,0.28,0.006955878106979317,<1 px
HTI,HT0114,2026-06-01,2,3.643036,3.643036,3.643036,3.643036,4,14.572144,0.0,3.643035888671875,3.643035888671875,3.643035888671875,3.643035888671875,19.589614403514588,0.0,5,0.16,3.0559161353598514e-08,<1 px
HTI,HT0115,2026-06-01,2,3.238678,3.643036,2.2277832,3.643036,7,22.670746,0.639346,3.2825529528054878,3.643035888671875,2.227783203125,3.643035888671875,22.88785560162765,0.6080030986272823,7,0.28,0.013547179684268577,<1 px
HTI,HT0116,2026-06-01,2,3.0403137,3.0403137,3.0403137,3.0403137,2,6.0806274,0.0,3.040313720703125,3.040313720703125,3.040313720703125,3.040313720703125,9.315615391614074,0.0,3,0.08,6.809535802880655e-09,<1 px
HTI,HT0117,2026-06-01,2,,,,,0,0.0,,3.634269729004684,3.643035888671875,1.9969940185546875,3.643035888671875,2.6582794717844305,0.11980242191632869,1,0.0,,
HTI,HT0118,2026-06-01,2,3.643036,3.643036,3.643036,3.643036,2,7.286072,0.0,3.643035888671875,3.643035888671875,3.643035888671875,3.643035888671875,3.545066149968079,0.0,1,0.08,3.0559161353598514e-08,<1 px
HTI,HT0121,2026-06-01,2,2.598689,3.0403137,1.4133453,3.0403137,13,33.78296,0.57913697,2.6323090715153015,3.040313720703125,1.4133453369140625,3.040313720703125,34.28177657021081,0.5478199538226668,13,0.52,0.012937320131536196,<1 px
HTI,HT0122,2026-06-01,2,1.7638887,1.6937256,1.4038086,2.1457672,14,24.694443,0.35988373,1.778360799362994,2.1457672119140625,1.40380859375,1.9741058349609375,23.04966990394064,0.3546710797571057,13,0.56,0.008204655635581697,<1 px
HTI,HT0123,2026-06-01,2,1.6236305,1.4133453,1.4133453,1.9741058,8,12.989044,0.271477,1.6156528596321846,1.9741058349609375,1.4133453369140625,1.4133453369140625,13.583769664293754,0.2692911685326872,8,0.32,0.004913458060695055,<1 px
HTI,HT0131,2026-06-01,2,2.5786445,1.996994,1.6956329,3.643036,21,54.151535,0.79041123,2.6261679103529385,3.643035888671875,1.6956329345703125,2.227783203125,57.84417589040913,0.7979717287423549,22,0.84,0.018429609181466747,<1 px
HTI,HT0132,2026-06-01,2,2.031517,1.996994,1.5010834,3.643036,10,20.31517,0.6440111,2.0382234560345074,3.643035888671875,1.5010833740234375,1.9969940185546875,20.393918742733774,0.5986049818630909,10,0.4,0.0033012059630844184,<1 px
HTI,HT0133,2026-06-01,2,2.7305202,2.6798248,2.6798248,3.643036,19,51.879883,0.21508202,2.69018490063931,3.643035888671875,1.6956329345703125,2.6798248291015625,45.30316597901596,0.2253553659469189,17,0.76,0.014772020130336265,<1 px
HTI,HT0134,2026-06-01,2,1.6264235,1.5010834,1.5010834,1.9397736,7,11.384964,0.19818002,1.619063702064585,1.9397735595703125,1.5010833740234375,1.5010833740234375,12.441580651767481,0.19451851889872956,8,0.28,0.004525142397054008,<1 px
HTI,HT0135,2026-06-01,2,1.477623,1.159668,1.159668,2.6798248,10,14.77623,0.47112134,1.5489241327920515,2.6798248291015625,1.15966796875,1.15966796875,15.213474992847864,0.5228638660970908,10,0.4,0.04825394081714459,<1 px
HTI,HT0141,2026-06-01,2,1.5921274,1.4476776,0.4825592,2.5844574,15,23.881912,0.97712547,1.573344468269023,2.5844573974609375,0.4825592041015625,1.4476776123046875,22.126786494335484,0.9938153078418752,14,0.6,0.011797379864813025,<1 px
HTI,HT0142,2026-06-01,2,1.1316026,0.4825592,0.4825592,1.996994,7,7.921219,0.74945086,1.043298715487085,1.9969940185546875,0.4825592041015625,0.4825592041015625,7.304055302626011,0.7312828715707727,7,0.28,0.07803435986530513,<1 px
HTI,HT0151,2026-06-01,2,0.41516623,0.39482117,0.36621094,0.5455017,12,4.9819946,0.059216615,0.4116279007979704,0.545501708984375,0.3662109375,0.3948211669921875,5.303444442716909,0.058520943198559494,13,0.48,0.008522680667041782,<1 px
HTI,HT0152,2026-06-01,2,0.39516795,0.39482117,0.3681183,0.40626526,11,4.3468475,0.013749714,0.3996842194160387,0.545501708984375,0.3681182861328125,0.4062652587890625,4.318296155503276,0.028454769140145227,11,0.44,0.011428734076330636,<1 px
HTI,HT02,2026-06-01,1,1.7751637,1.6956329,1.159668,3.0403137,66,117.1608,0.4064188,1.7258191359777673,3.643035888671875,0.4901885986328125,1.6956329345703125,120.23248650747664,0.4691402059734424,70,2.64,0.02779719077301589,1-4 px
HTI,HT0211,2026-06-01,2,2.1901813,2.1247864,2.1247864,3.0403137,14,30.662537,0.23578434,2.1522469124053343,3.643035888671875,1.4133453369140625,2.124786376953125,32.48501055266306,0.30182887982350265,15,0.56,0.017320204311243828,<1 px
HTI,HT0212,2026-06-01,2,2.2277832,2.2277832,2.2277832,2.2277832,6,13.366699,0.0,2.227783203125,2.227783203125,2.227783203125,2.227783203125,14.421792548091616,0.0,6,0.24,1.4027396447169767e-09,<1 px
HTI,HT0213,2026-06-01,2,2.1247864,2.1247864,2.1247864,2.1247864,2,4.2495728,0.0,2.1382403860536074,2.227783203125,2.124786376953125,2.124786376953125,5.846763103534158,0.034708930778134535,3,0.08,0.006331924024743084,<1 px
HTI,HT0214,2026-06-01,2,1.4133453,1.4133453,1.4133453,1.4133453,3,4.240036,0.0,1.4229332710662093,2.124786376953125,1.4133453369140625,1.4133453369140625,4.151365304416732,0.08203244092262185,3,0.12,0.006783884353108355,<1 px
HTI,HT0221,2026-06-01,2,1.4133453,1.4133453,1.4133453,1.4133453,11,15.546799,0.0,1.4125684338041622,1.4133453369140625,1.40380859375,1.4133453369140625,14.474041245193803,0.0026087443301917044,10,0.44,0.0005496648241854507,<1 px
HTI,HT0222,2026-06-01,2,1.4038086,1.4038086,1.4038086,1.4038086,6,8.422852,0.0,1.4038712218823077,1.4133453369140625,1.40380859375,1.40380859375,8.426801938726802,0.0007702896401400165,6,0.24,4.460856152872714e-05,<1 px
HTI,HT0231,2026-06-01,2,1.9236974,1.6956329,1.6956329,2.2277832,14,26.931763,0.26334608,1.9043504800313078,2.227783203125,1.6956329345703125,1.6956329345703125,24.934796445563734,0.2598193297002384,13,0.56,0.010057153463269327,<1 px
HTI,HT0232,2026-06-01,2,1.6956329,1.6956329,1.6956329,1.6956329,3,5.086899,0.0,1.6293136634069876,1.6956329345703125,1.15966796875,1.6956329345703125,4.437867683293462,0.17648388077851432,3,0.12,0.039111789228088535,<1 px
HTI,HT0233,2026-06-01,2,1.266861,1.159668,1.159668,1.6956329,5,6.334305,0.21438599,1.296426470051001,1.6956329345703125,1.15966796875,1.15966796875,5.390218280254544,0.23365546815200436,4,0.2,0.023337580090476442,<1 px
HTI,HT0234,2026-06-01,2,1.159668,1.159668,1.159668,1.159668,2,2.319336,0.0,0.9100499608233676,1.15966796875,0.4901885986328125,1.15966796875,5.663832181923567,0.3237359368920427,6,0.08,0.21524957071906123,<1 px
HTI,HT03,2026-06-01,1,3.2166762,2.9888153,0.54359436,5.830765,71,228.38402,1.776385,3.1184350799401543,5.8307647705078125,0.5435943603515625,2.9888153076171875,225.8576828806702,1.7743450879230718,72,2.84,0.030541190331761045,1-4 px
HTI,HT0311,2026-06-01,2,1.7204285,1.7204285,1.7204285,1.7204285,1,1.7204285,0.0,1.720428466796875,1.720428466796875,1.720428466796875,1.720428466796875,3.209058139219678,0.0,2,0.04,1.9299334390339484e-08,<1 px
HTI,HT0312,2026-06-01,2,1.7204285,1.7204285,1.7204285,1.7204285,1,1.7204285,0.0,1.8246881794040142,2.9888153076171875,1.720428466796875,1.720428466796875,3.7495686076027823,0.34838421293979394,2,0.04,0.06060099527763826,<1 px
HTI,HT0313,2026-06-01,2,1.4491081,1.1320114,0.54359436,2.9888153,4,5.7964325,1.010473,1.1171907223604194,2.9888153076171875,0.5435943603515625,0.5435943603515625,5.048183122058347,0.7853597131196275,5,0.16,0.2290494253945448,<1 px
HTI,HT0321,2026-06-01,2,2.01634,1.7204285,1.2550354,2.9888153,7,14.11438,0.6348516,2.225076126609121,5.8307647705078125,1.255035400390625,1.720428466796875,14.38284369434939,0.8551865648670087,6,0.28,0.10352228622609332,<1 px
HTI,HT0322,2026-06-01,2,2.0375252,1.7204285,1.7204285,2.9888153,4,8.150101,0.5492276,1.9818224485777807,2.9888153076171875,1.720428466796875,1.720428466796875,6.875279863294281,0.5130515305982907,3,0.16,0.02733843557970202,<1 px
HTI,HT0323,2026-06-01,2,1.7204285,1.7204285,1.7204285,1.7204285,2,3.440857,0.0,2.046787899838378,2.9888153076171875,1.720428466796875,1.720428466796875,4.955004050088974,0.5544722993191356,2,0.08,0.1896965784037978,<1 px
HTI,HT0331,2026-06-01,2,2.9888153,2.9888153,2.9888153,2.9888153,2,5.9776306,0.0,2.791676821851973,2.9888153076171875,1.6002655029296875,2.9888153076171875,12.152672790488595,0.4846370016165466,4,0.08,0.0659587356060534,<1 px
HTI,HT0332,2026-06-01,2,2.2945404,2.2945404,1.6002655,2.9888153,4,9.178162,0.6942749,2.222879242177403,2.9888153076171875,1.6002655029296875,1.6002655029296875,6.060670972729554,0.6905666642172551,3,0.16,0.031231159766285644,<1 px
HTI,HT0341,2026-06-01,2,3.0089786,2.9888153,2.9888153,3.0593872,7,21.06285,0.031881135,3.010191133965027,3.05938720703125,2.9888153076171875,2.9888153076171875,19.01366980021635,0.032428486163544656,6,0.28,0.00040297194703447673,<1 px
HTI,HT0342,2026-06-01,2,2.9888153,2.9888153,2.9888153,2.9888153,4,11.955261,0.0,2.9888153076171875,2.9888153076171875,2.9888153076171875,2.9888153076171875,12.386798240981989,0.0,4,0.16,2.5485640833467448e-09,<1 px
HTI,HT0343,2026-06-01,2,1.6002655,1.6002655,1.6002655,1.6002655,2,3.200531,0.0,1.5674797045722717,1.6002655029296875,1.392364501953125,1.6002655029296875,4.342433878790075,0.07577131200124068,3,0.08,0.020487722460884268,<1 px
HTI,HT0344,2026-06-01,2,2.2258759,2.2258759,1.3923645,3.0593872,4,8.903503,0.83351135,1.9941245662835152,3.05938720703125,1.392364501953125,1.392364501953125,9.887916776707417,0.7923225977487484,5,0.16,0.10411691582468048,<1 px
HTI,HT0345,2026-06-01,2,1.3923645,1.3923645,1.3923645,1.3923645,2,2.784729,0.0,1.3945008323669088,1.6002655029296875,1.392364501953125,1.392364501953125,1.4554030946287155,0.020966194786023278,1,0.08,0.00153431976103154,<1 px
HTI,HT0351,2026-06-01,2,5.508423,5.830765,3.8967133,5.830765,6,33.050537,0.72077847,5.493481250563562,5.8307647705078125,2.3708343505859375,5.8307647705078125,34.50895955626754,0.7446602016853462,6,0.24,0.0027125276029886717,<1 px
HTI,HT0352,2026-06-01,2,5.830765,5.830765,5.830765,5.830765,4,23.32306,0.0,5.8307647705078125,5.8307647705078125,5.8307647705078125,5.8307647705078125,24.8617731244849,0.0,4,0.16,3.935884706720107e-08,<1 px
HTI,HT0361,2026-06-01,2,4.8031807,5.830765,1.7204285,5.830765,4,19.212723,1.7798278,4.235053423955994,5.8307647705078125,1.255035400390625,5.8307647705078125,17.35898588517415,2.118183248527725,4,0.16,0.118281470452279,<1 px
HTI,HT0362,2026-06-01,2,5.830765,5.830765,5.830765,5.830765,2,11.66153,0.0,5.4000278976031995,5.8307647705078125,1.720428466796875,5.8307647705078125,9.74400586128965,1.258943665287335,2,0.08,0.07387317142721425,<1 px
HTI,HT0371,2026-06-01,2,2.3989677,1.2550354,1.2550354,5.830765,4,9.595871,1.981349,2.3594650962360384,5.8307647705078125,1.255035400390625,1.255035400390625,9.90432673422248,1.9580108384389137,4,0.16,0.01646650088867876,<1 px
HTI,HT0372,2026-06-01,2,5.830765,5.830765,5.830765,5.830765,5,29.153824,0.0,5.554108492377789,5.8307647705078125,1.255035400390625,5.8307647705078125,25.960128373991864,0.9734000045827157,5,0.2,0.0474477204315749,<1 px
HTI,HT04,2026-06-01,1,1.201759,1.2779236,0.38146973,1.6002655,59,70.90378,0.421032,1.212970749654226,1.6002655029296875,0.3814697265625,1.277923583984375,67.959418134933,0.41077353273980893,56,2.36,0.009329449294097975,1-4 px
HTI,HT0411,2026-06-01,2,0.9820461,1.2779236,0.38146973,1.6002655,8,7.856369,0.47624117,1.0981155198009698,1.6002655029296875,0.3814697265625,1.277923583984375,8.972592464084883,0.46107728259081665,8,0.32,0.11819141667684413,<1 px
HTI,HT0412,2026-06-01,2,0.97910565,1.2779236,0.38146973,1.2779236,3,2.937317,0.4225924,0.7088222400639775,1.277923583984375,0.3814697265625,0.3814697265625,1.667827300266822,0.4316210784581899,2,0.12,0.2760513228945441,<1 px
HTI,HT0413,2026-06-01,2,1.6002655,1.6002655,1.6002655,1.6002655,2,3.200531,0.0,1.6002655029296875,1.6002655029296875,1.6002655029296875,1.6002655029296875,2.2255706763729677,0.0,1,0.08,1.8307509620282089e-09,<1 px
HTI,HT0421,2026-06-01,2,1.2779236,1.2779236,1.2779236,1.2779236,6,7.6675415,0.0,1.277923583984375,1.277923583984375,1.277923583984375,1.277923583984375,8.939739032598482,0.0,7,0.24,1.2532537194228415e-08,<1 px
HTI,HT0422,2026-06-01,2,1.2779236,1.2779236,1.2779236,1.2779236,3,3.8337708,0.0,1.277923583984375,1.277923583984375,1.277923583984375,1.277923583984375,2.686489921188695,0.0,2,0.12,1.2532537194228415e-08,<1 px
HTI,HT0423,2026-06-01,2,1.0795593,1.0795593,0.88119507,1.2779236,4,4.3182373,0.19836426,1.1406029889184122,1.277923583984375,0.881195068359375,1.277923583984375,4.018081794399109,0.18873804602143945,4,0.16,0.05654500768824098,<1 px
HTI,HT0431,2026-06-01,2,1.6002655,1.6002655,1.6002655,1.6002655,4,6.401062,0.0,1.435297964716689,1.6002655029296875,0.5435943603515625,1.6002655029296875,6.412547690803905,0.3835389790200893,4,0.16,0.10308760345287134,<1 px
HTI,HT0432,2026-06-01,2,1.6002655,1.6002655,1.6002655,1.6002655,5,8.0013275,0.0,1.5907329075688517,1.6002655029296875,0.5435943603515625,1.6002655029296875,7.026157906536712,0.09990969951589225,4,0.2,0.00595688179939406,<1 px
HTI,HT0433,2026-06-01,2,0.8223397,0.54359436,0.38146973,1.6002655,7,5.756378,0.4950468,0.9704455622223975,1.6002655029296875,0.3814697265625,0.5435943603515625,5.668003016623402,0.5283220990716867,6,0.28,0.18010301852433674,<1 px
HTI,HT0434,2026-06-01,2,0.54359436,0.54359436,0.54359436,0.54359436,3,1.6307831,0.0,0.5435943603515625,0.5435943603515625,0.5435943603515625,0.5435943603515625,1.4013400786438979,0.0,3,0.12,6.467367428567228e-10,<1 px
HTI,HT0441,2026-06-01,2,1.6002655,1.6002655,1.6002655,1.6002655,6,9.601593,0.0,1.597193517930954,1.6002655029296875,1.277923583984375,1.6002655029296875,8.559843056282768,0.02745585218718332,5,0.24,0.0019196702478719368,<1 px
HTI,HT0442,2026-06-01,2,1.2779236,1.2779236,1.2779236,1.2779236,1,1.2779236,0.0,1.0353226897404384,1.6002655029296875,0.881195068359375,0.881195068359375,2.001704984455621,0.21990424517729903,2,0.04,0.189839917080772,<1 px
HTI,HT0443,2026-06-01,2,1.2029921,1.3923645,0.88119507,1.6002655,7,8.420944,0.28687277,1.2150925244850843,1.6002655029296875,0.881195068359375,1.392364501953125,8.379520136103658,0.2825335586183711,7,0.28,0.010058606773132106,<1 px
HTI,HT05,2026-06-01,1,2.0278907,1.4476776,0.6465912,5.830765,166,336.62988,0.9936971,2.035338879574369,5.8307647705078125,0.5550384521484375,1.4476776123046875,339.99775589249606,1.0207529621057916,167,6.64,0.003672870324997927,4-16 px
HTI,HT0511,2026-06-01,2,1.2475967,1.1882782,1.121521,2.4414062,20,24.951935,0.2814809,1.3245945444902394,5.8307647705078125,1.12152099609375,1.255035400390625,25.90823192125634,0.708566410271834,20,0.8,0.06171693504017725,<1 px
HTI,HT0512,2026-06-01,2,1.2550354,1.2550354,1.2550354,1.2550354,7,8.785248,0.0,1.2709462238155962,2.9888153076171875,1.255035400390625,1.255035400390625,9.303262808546542,0.16532607676825828,7,0.28,0.012677589664479804,<1 px
HTI,HT0513,2026-06-01,2,1.4928182,1.1882782,0.84877014,2.4414062,6,8.956909,0.6860074,1.617368163153039,2.44140625,0.8487701416015625,1.255035400390625,9.674747131604988,0.7215212096758565,6,0.24,0.0834327737651101,<1 px
HTI,HT0521,2026-06-01,2,4.0348597,3.8967133,3.8967133,5.830765,14,56.488037,0.4980944,3.9529344544530782,5.8307647705078125,1.12152099609375,3.8967132568359375,54.157812772537284,0.8538265830253372,14,0.56,0.020304360408596595,<1 px
HTI,HT0522,2026-06-01,2,2.046585,1.121521,1.121521,3.8967133,6,12.2795105,1.3082381,2.1181009555331354,3.8967132568359375,1.12152099609375,1.12152099609375,13.216705342422586,1.3289298156210678,6,0.24,0.034944043630308785,<1 px
HTI,HT0523,2026-06-01,2,1.2607574,1.411438,0.6465912,1.411438,14,17.650604,0.26994976,1.2689352984153996,3.8967132568359375,0.5550384521484375,1.41143798828125,18.85083478320171,0.5126478535729371,15,0.56,0.006486496462681664,<1 px
HTI,HT0531,2026-06-01,2,1.4042325,1.4476776,0.84877014,2.5844574,18,25.276184,0.5941222,1.4609000766791416,2.5844573974609375,0.8487701416015625,1.4476776123046875,27.919462459635724,0.6002179464307028,19,0.72,0.04035483915885836,<1 px
HTI,HT0532,2026-06-01,2,2.5725365,2.5844574,2.4414062,2.5844574,12,30.870438,0.039537247,2.5647029588095376,2.5844573974609375,1.1730194091796875,2.5844573974609375,30.63759258065124,0.1223534384075365,12,0.48,0.0030450651294791826,<1 px
HTI,HT0533,2026-06-01,2,1.455307,1.1730194,1.1730194,2.5844574,5,7.276535,0.5645752,1.5568733384907856,2.5844573974609375,1.1730194091796875,1.1730194091796875,7.815948342404511,0.5821734023098121,5,0.2,0.06979031811898498,<1 px
HTI,HT0541,2026-06-01,2,2.5650024,2.4414062,2.4414062,3.0593872,15,38.475037,0.24719238,2.5601131426843655,3.05938720703125,0.8487701416015625,2.44140625,41.31749944311647,0.31410521278230596,16,0.6,0.0019061414194522777,<1 px
HTI,HT0542,2026-06-01,2,1.8270493,1.1730194,1.1730194,3.0593872,20,36.540985,0.7407212,1.7718735123575375,3.05938720703125,1.1730194091796875,1.1730194091796875,30.827952319967267,0.7134062282398151,17,0.8,0.03019939726993823,<1 px
HTI,HT0543,2026-06-01,2,0.84877014,0.84877014,0.84877014,0.84877014,1,0.84877014,0.0,0.849565789271617,2.44140625,0.8487701416015625,0.8487701416015625,1.4801714194323523,0.03558853963956541,2,0.04,0.0009374143058531914,<1 px
HTI,HT0544,2026-06-01,2,0.84877014,0.84877014,0.84877014,0.84877014,3,2.5463104,0.0,0.9681405136601271,2.44140625,0.8487701416015625,0.8487701416015625,3.3359757604184415,0.4189946591040344,3,0.12,0.1406392237833993,<1 px
HTI,HT0551,2026-06-01,2,2.723603,2.9888153,1.2550354,3.0593872,21,57.195663,0.5379858,2.7704789020964453,3.05938720703125,1.255035400390625,2.9888153076171875,57.413155958130346,0.48549013837755384,21,0.84,0.017210989302201933,<1 px
HTI,HT0552,2026-06-01,2,2.1219254,2.1219254,1.2550354,2.9888153,4,8.487701,0.86688995,2.10619598201524,2.9888153076171875,1.255035400390625,1.255035400390625,8.138402851542992,0.8667472402797017,4,0.16,0.00741280442034391,<1 px
HTI,HT06,2026-06-01,1,1.3337258,1.1730194,0.60272217,3.0593872,117,156.04591,0.6239351,1.3403314159633084,3.05938720703125,0.60272216796875,1.1730194091796875,159.22634472219954,0.629132917692483,119,4.68,0.004952754129303288,4-16 px
HTI,HT0611,2026-06-01,2,1.0783547,1.3923645,0.60272217,1.3923645,19,20.488739,0.3690335,1.0875177611808575,3.05938720703125,0.60272216796875,1.392364501953125,21.7596724586544,0.37608882772732066,20,0.76,0.008497260855688322,<1 px
HTI,HT0612,2026-06-01,2,2.664566,3.0593872,1.1730194,3.0593872,9,23.981094,0.7404499,2.5946688492967187,3.05938720703125,1.1730194091796875,3.05938720703125,26.35534720010213,0.7844080561109997,10,0.36,0.02623209584723422,<1 px
HTI,HT0613,2026-06-01,2,0.60272217,0.60272217,0.60272217,0.60272217,13,7.835388,0.0,0.6422517698996029,1.5010833740234375,0.60272216796875,0.60272216796875,7.9717663947764805,0.1758862948557596,12,0.52,0.06558511013391613,<1 px
HTI,HT0614,2026-06-01,2,1.3923645,1.3923645,1.3923645,1.3923645,6,8.354187,0.0,1.3658885037867652,1.392364501953125,0.881195068359375,1.392364501953125,7.327917265076422,0.11328169537759498,5,0.24,0.019015133043994457,<1 px
HTI,HT0621,2026-06-01,2,1.6498566,1.5010834,1.5010834,1.996994,10,16.498566,0.22725481,1.6074087591160848,1.9969940185546875,0.60272216796875,1.5010833740234375,17.997090032828567,0.2868275222398683,11,0.4,0.02572820018655868,<1 px
HTI,HT0622,2026-06-01,2,1.996994,1.996994,1.996994,1.996994,5,9.98497,0.0,1.9437263307213952,1.9969940185546875,1.1730194091796875,1.9969940185546875,11.435150360750157,0.20261731344493086,6,0.2,0.02667392554940311,<1 px
HTI,HT0623,2026-06-01,2,1.1264483,1.1730194,0.60272217,1.996994,12,13.51738,0.38037816,1.054804119674062,1.9969940185546875,0.60272216796875,1.1730194091796875,12.844900486896904,0.32401433224651605,12,0.48,0.06360183625465811,<1 px
HTI,HT0631,2026-06-01,2,1.3214111,1.5010834,0.60272217,1.5010834,5,6.6070557,0.35934448,1.3919314539685563,1.9397735595703125,0.60272216796875,1.5010833740234375,6.9840324016468,0.33481542479353354,5,0.2,0.05336745995894569,<1 px
HTI,HT0632,2026-06-01,2,1.6182986,1.9397736,1.16539,1.9397736,11,17.801285,0.3636083,1.5736666922889562,1.9397735595703125,0.60272216796875,1.9397735595703125,16.21661306572264,0.42567575250485173,10,0.44,0.027579525627127004,<1 px
HTI,HT0633,2026-06-01,2,1.7935435,1.9397736,1.5010834,1.9397736,6,10.761261,0.20680054,1.8080111952400373,1.9397735595703125,1.5010833740234375,1.9397735595703125,10.321414472969082,0.20110080905416367,6,0.24,0.008066542707237001,<1 px
HTI,HT0641,2026-06-01,2,0.88119507,0.88119507,0.88119507,0.88119507,12,10.574341,0.0,0.9162741100753797,3.0574798583984375,0.881195068359375,0.881195068359375,11.366560470685641,0.10335360475477615,12,0.48,0.03980848426146978,<1 px
HTI,HT0642,2026-06-01,2,1.0712942,1.16539,0.60272217,1.16539,9,9.641647,0.18787572,1.0595894177077139,1.392364501953125,0.60272216796875,1.1653900146484375,8.645878995747204,0.19517035279614506,8,0.36,0.010925833718026495,<1 px
HTI,HT07,2026-06-01,1,1.2409946,1.2321472,0.97465515,1.9741058,83,103.00255,0.20343561,1.2284116836743415,1.9741058349609375,0.4825592041015625,1.232147216796875,111.11622030952617,0.20593793909461028,90,3.32,0.010139380401541276,1-4 px
HTI,HT0711,2026-06-01,2,1.2321472,1.2321472,1.2321472,1.2321472,8,9.857178,0.0,1.2321640694816332,1.4209747314453125,1.232147216796875,1.232147216796875,9.180641137238652,0.001783806762248017,7,0.32,1.3691125243114392e-05,<1 px
HTI,HT0712,2026-06-01,2,1.326561,1.326561,1.2321472,1.4209747,6,7.959366,0.09441376,1.3276548822898053,1.4209747314453125,1.232147216796875,1.4209747314453125,8.585917368542084,0.09439174271507789,6,0.24,0.0008246000672454759,<1 px
HTI,HT0713,2026-06-01,2,1.4209747,1.4209747,1.4209747,1.4209747,5,7.1048737,0.0,1.4377098675917024,1.9741058349609375,1.4209747314453125,1.4209747314453125,7.4238521226011045,0.0947452349318882,5,0.2,0.01177724528923876,<1 px
HTI,HT0714,2026-06-01,2,1.4438629,1.3599396,1.2321472,1.9741058,5,7.2193146,0.27508968,1.360106272397294,1.9741058349609375,1.232147216796875,1.3599395751953125,5.901501433447365,0.19445040206121475,4,0.2,0.058008712324907,<1 px
HTI,HT0715,2026-06-01,2,1.2960434,1.2960434,1.2321472,1.3599396,6,7.7762604,0.06389618,1.2939473549726732,1.3599395751953125,1.232147216796875,1.232147216796875,5.77128413752348,0.0638617908321307,4,0.24,0.00161726453552933,<1 px
HTI,HT0716,2026-06-01,2,,,,,0,0.0,,1.1768639823831861,1.2359619140625,1.10626220703125,1.2359619140625,1.8355959941374067,0.06459426364768771,2,0.0,,
HTI,HT0721,2026-06-01,2,,,,,0,0.0,,1.2118690765122022,1.4209747314453125,1.194000244140625,1.194000244140625,2.4118029245401296,0.047733800617925565,2,0.0,,
HTI,HT0722,2026-06-01,2,,,,,0,0.0,,1.2333279675277056,1.2359619140625,1.194000244140625,1.2359619140625,2.913445030428008,0.01017777582464647,2,0.0,,
HTI,HT0723,2026-06-01,2,1.4209747,1.4209747,1.4209747,1.4209747,1,1.4209747,0.0,1.39533539820442,1.4209747314453125,1.194000244140625,1.4209747314453125,2.3829997109481305,0.07177798843979995,2,0.04,0.018043461150701576,<1 px
HTI,HT0731,2026-06-01,2,1.1022741,0.97465515,0.97465515,1.4038086,22,24.25003,0.18754451,1.096430657189095,1.40380859375,0.9746551513671875,0.9746551513671875,23.87533773458017,0.18387021144105417,22,0.88,0.005301261102755746,<1 px
HTI,HT0732,2026-06-01,2,1.0910034,1.0910034,1.0910034,1.0910034,4,4.3640137,0.0,1.0938417736077168,1.232147216796875,1.09100341796875,1.09100341796875,6.830034766602822,0.019813127834235736,6,0.16,0.0026016175639020757,<1 px
HTI,HT0733,2026-06-01,2,1.2232462,1.2321472,1.0910034,1.3599396,6,7.3394775,0.10481551,1.2346004290719275,1.3599395751953125,1.09100341796875,1.232147216796875,9.648904872960884,0.09419825098444963,8,0.24,0.00928204728690554,<1 px
HTI,HT0741,2026-06-01,2,1.4209747,1.4209747,1.4209747,1.4209747,3,4.262924,0.0,1.4209747314453125,1.4209747314453125,1.4209747314453125,1.4209747314453125,3.443998910057644,0.0,2,0.12,2.2129396516376712e-08,<1 px
HTI,HT0742,2026-06-01,2,1.4209747,1.4209747,1.4209747,1.4209747,3,4.262924,0.0,1.4209747314453125,1.4209747314453125,1.4209747314453125,1.4209747314453125,2.7886381239738967,0.0,2,0.12,2.2129396516376712e-08,<1 px
HTI,HT0743,2026-06-01,2,1.4209747,1.4209747,1.4209747,1.4209747,2,2.8419495,0.0,1.4209747314453125,1.4209747314453125,1.4209747314453125,1.4209747314453125,2.391923043632005,0.0,2,0.08,2.2129396516376712e-08,<1 px
HTI,HT0751,2026-06-01,2,1.4686584,1.4209747,1.0585785,1.9741058,4,5.874634,0.3271812,1.4336599311207232,1.9741058349609375,1.0585784912109375,1.4209747314453125,5.621047268089541,0.29630095026019176,4,0.16,0.023830230964039578,<1 px
HTI,HT0752,2026-06-01,2,1.0585785,1.0585785,1.0585785,1.0585785,3,3.1757355,0.0,1.2579051333611015,1.9741058349609375,1.0585784912109375,1.0585784912109375,5.159375557051149,0.3248694600989813,4,0.12,0.1882965064575763,<1 px
HTI,HT0753,2026-06-01,2,1.0585785,1.0585785,1.0585785,1.0585785,5,5.2928925,0.0,0.984523300935022,1.766204833984375,0.4825592041015625,1.0585784912109375,4.949919439400929,0.25328432114676486,5,0.2,0.06995721060363311,<1 px
HTI,HT08,2026-06-01,1,1.7453914,1.7662048,1.0890961,1.9741058,57,99.487305,0.260642,1.6250145640966371,1.9741058349609375,0.3185272216796875,1.766204833984375,106.43630657152237,0.39306560766740906,65,2.28,0.06896839064485066,1-4 px
HTI,HT0811,2026-06-01,2,1.7175039,1.7662048,1.0890961,1.9741058,15,25.762558,0.2596208,1.7095185792523204,1.9741058349609375,0.476837158203125,1.766204833984375,24.470224444073096,0.29234213256240477,14,0.6,0.004649375612876139,<1 px
HTI,HT0812,2026-06-01,2,1.540502,1.7662048,1.0890961,1.7662048,3,4.6215057,0.31919214,1.4978843038611145,1.766204833984375,0.7610321044921875,1.766204833984375,5.260085952130122,0.3416066533980684,4,0.12,0.027664810651907984,<1 px
HTI,HT0813,2026-06-01,2,1.4276505,1.4276505,1.0890961,1.7662048,2,2.855301,0.33855438,1.4195760611355128,1.766204833984375,1.0890960693359375,1.0890960693359375,1.6788235948084207,0.33845808308945563,1,0.08,0.005655753186432611,<1 px
HTI,HT0814,2026-06-01,2,1.7662048,1.7662048,1.7662048,1.7662048,6,10.597229,0.0,1.7661849228995556,1.766204833984375,1.0585784912109375,1.766204833984375,10.938519462508214,0.0037535598676404214,6,0.24,1.1254131142812824e-05,<1 px
HTI,HT0815,2026-06-01,2,1.7662048,1.7662048,1.7662048,1.7662048,2,3.5324097,0.0,1.766204833984375,1.766204833984375,1.766204833984375,1.766204833984375,4.444176290263613,0.0,3,0.08,1.9241469104734278e-08,<1 px
HTI,HT0821,2026-06-01,2,1.7662048,1.7662048,1.7662048,1.7662048,1,1.7662048,0.0,1.165524064713014,1.766204833984375,0.9002685546875,0.9002685546875,3.8656409028448024,0.39916648633821067,3,0.04,0.3400968762439021,<1 px
HTI,HT0822,2026-06-01,2,1.7662048,1.7662048,1.7662048,1.7662048,1,1.7662048,0.0,1.0643294025476426,1.766204833984375,0.7610321044921875,0.9002685546875,3.6619262897219507,0.34345114943595584,3,0.04,0.3973918525486723,<1 px
HTI,HT0823,2026-06-01,2,1.7662048,1.7662048,1.7662048,1.7662048,2,3.5324097,0.0,1.1745958939961985,1.766204833984375,0.4825592041015625,0.9002685546875,5.076834887018933,0.4577612042796842,4,0.08,0.3349605357225852,<1 px
HTI,HT0831,2026-06-01,2,1.9741058,1.9741058,1.9741058,1.9741058,3,5.9223175,0.0,1.878448441196655,1.9741058349609375,1.3599395751953125,1.9741058349609375,6.933002219344786,0.2227087936417464,4,0.12,0.048456044657457016,<1 px
HTI,HT0832,2026-06-01,2,1.9741058,1.9741058,1.9741058,1.9741058,9,17.766953,0.0,1.9741058349609375,1.9741058349609375,1.9741058349609375,1.9741058349609375,14.427676525485822,0.0,7,0.36,1.770975875677256e-08,<1 px
HTI,HT0833,2026-06-01,2,1.9741058,1.9741058,1.9741058,1.9741058,5,9.870529,0.0,1.9665840324285122,1.9741058349609375,1.4209747314453125,1.9741058349609375,11.278550892335204,0.06406219963324837,6,0.2,0.003810215020637604,<1 px
HTI,HT0834,2026-06-01,2,1.4367104,1.3599396,1.3599396,1.9741058,8,11.493683,0.2031164,1.4448634955289363,1.9741058349609375,0.3185272216796875,1.3599395751953125,14.400842187223262,0.338613419504673,10,0.32,0.005674835742078845,<1 px
HTI,HT09,2026-06-01,1,1.4447495,0.55503845,0.26130676,5.830765,71,102.57721,1.2756852,1.467188210496738,5.8307647705078125,0.164031982421875,1.41143798828125,105.90786895867122,1.248479550352998,72,2.84,0.015531211809893735,1-4 px
HTI,HT0911,2026-06-01,2,1.3128916,1.411438,0.4005432,2.336502,12,15.7547,0.6232091,1.4975281949272032,3.8967132568359375,0.400543212890625,1.41143798828125,18.441054625562003,0.7916359084988092,12,0.48,0.14063354120568927,<1 px
HTI,HT0912,2026-06-01,2,2.0138423,2.336502,0.4005432,2.336502,6,12.083054,0.72148925,1.9878101502654393,2.3708343505859375,0.400543212890625,2.3365020751953125,12.25665041600099,0.7440119494119667,6,0.24,0.012926607875184955,<1 px
HTI,HT0913,2026-06-01,2,3.1866345,3.8967133,1.411438,3.8967133,7,22.306442,1.1227329,3.0948623569149265,3.8967132568359375,1.41143798828125,3.8967132568359375,22.821298816921853,1.1618327525671988,7,0.28,0.02879908037306234,<1 px
HTI,HT0914,2026-06-01,2,3.8967133,3.8967133,3.8967133,3.8967133,2,7.7934265,0.0,3.520350386461231,3.8967132568359375,2.3365020751953125,3.8967132568359375,6.528112877379755,0.6675002236076704,2,0.08,0.09658470730673692,<1 px
HTI,HT0921,2026-06-01,2,2.7265549,2.336502,2.336502,3.8967133,4,10.9062195,0.67559123,2.9816886217451724,3.8967132568359375,2.3365020751953125,2.3365020751953125,11.69312412123702,0.7683499100815047,4,0.16,0.09357366020584157,<1 px
HTI,HT0922,2026-06-01,2,4.863739,4.863739,3.8967133,5.830765,2,9.727478,0.96702576,3.954161289660843,5.8307647705078125,2.3365020751953125,3.8967132568359375,9.59631791617177,1.3560533640886328,2,0.08,0.1870120313485483,<1 px
HTI,HT0931,2026-06-01,2,0.44488907,0.55503845,0.26130676,0.55503845,8,3.5591125,0.14220224,0.44605320948527794,0.5550384521484375,0.2613067626953125,0.5550384521484375,3.545914682234752,0.14189656914302362,8,0.32,0.0026166960794922144,<1 px
HTI,HT0932,2026-06-01,2,0.55503845,0.55503845,0.55503845,0.55503845,6,3.3302307,0.0,0.5642033607136816,1.41143798828125,0.164031982421875,0.5550384521484375,3.9725621091502017,0.09175613440490861,7,0.24,0.016512208683347327,<1 px
HTI,HT0933,2026-06-01,2,0.4711151,0.55503845,0.26130676,0.55503845,7,3.2978058,0.13269445,0.4756667678421922,0.5550384521484375,0.164031982421875,0.5550384521484375,3.0596335061972013,0.1305418941669292,6,0.28,0.00966147729544688,<1 px
HTI,HT0934,2026-06-01,2,0.8128671,0.55503845,0.33187866,1.411438,17,13.818741,0.44838098,0.8377004397702882,1.41143798828125,0.331878662109375,0.5550384521484375,13.993199182493754,0.4565707304577457,17,0.68,0.030550307387626135,<1 px
HTI,HT10,2026-06-01,1,1.4492216,1.3599396,0.97465515,2.1457672,42,60.86731,0.25464123,1.4683996561224266,2.1457672119140625,0.9746551513671875,1.3599395751953125,61.580462266164204,0.2675459000775554,42,1.68,0.0132333496288122,1-4 px
HTI,HT1011,2026-06-01,2,1.700592,1.4038086,1.4038086,2.1457672,5,8.50296,0.363484,1.6882334470748723,2.1457672119140625,0.9746551513671875,1.40380859375,9.807848162246557,0.3796447167375448,6,0.2,0.007267206317051811,<1 px
HTI,HT1012,2026-06-01,2,1.7127991,1.7127991,1.7127991,1.7127991,3,5.138397,0.0,1.7255125766602433,2.1457672119140625,1.712799072265625,1.712799072265625,5.291119672978795,0.07309520608191857,3,0.12,0.007422631562711149,<1 px
HTI,HT1013,2026-06-01,2,1.7127991,1.7127991,1.7127991,1.7127991,2,3.4255981,0.0,1.449644376919178,1.712799072265625,0.9746551513671875,1.712799072265625,4.252000195670291,0.35354723155892315,3,0.08,0.15364015726118843,<1 px
HTI,HT1014,2026-06-01,2,1.7127991,1.7127991,1.7127991,1.7127991,2,3.4255981,0.0,1.7667014139618133,2.1457672119140625,1.712799072265625,1.712799072265625,3.9844598215488247,0.14294241556151346,2,0.08,0.0314703072659329,<1 px
HTI,HT1021,2026-06-01,2,1.6179085,1.7127991,1.3332367,1.7127991,4,6.471634,0.16435534,1.634773906804369,1.712799072265625,1.3332366943359375,1.712799072265625,5.968953481971795,0.1533867363743531,4,0.16,0.010424203101948588,<1 px
HTI,HT1022,2026-06-01,2,1.3332367,1.3332367,1.3332367,1.3332367,6,7.99942,0.0,1.3332366943359375,1.3332366943359375,1.3332366943359375,1.3332366943359375,7.039981907297488,0.0,5,0.24,4.248354813749875e-09,<1 px
HTI,HT1023,2026-06-01,2,1.197815,1.0910034,0.97465515,1.7127991,7,8.384705,0.2326809,1.2341111209137436,1.712799072265625,0.9746551513671875,1.09100341796875,6.634607021460681,0.20778717545440456,5,0.28,0.030301942214568667,<1 px
HTI,HT1024,2026-06-01,2,1.3332367,1.3332367,1.3332367,1.3332367,1,1.3332367,0.0,1.4646644545764202,1.712799072265625,1.3332366943359375,1.3332366943359375,3.7116361273348275,0.1805873114064791,3,0.04,0.09857796036999296,<1 px
HTI,HT1025,2026-06-01,2,1.3332367,1.3332367,1.3332367,1.3332367,4,5.332947,0.0,1.3364776148468938,1.3599395751953125,1.3332366943359375,1.3332366943359375,4.175712435827705,0.00871999704818941,3,0.16,0.002430862311916335,<1 px
HTI,HT1031,2026-06-01,2,1.3561249,1.3599396,1.3332367,1.3599396,7,9.492874,0.009344062,1.356785422167179,1.3599395751953125,1.3332366943359375,1.3599395751953125,8.645466148848868,0.00861836940480057,6,0.28,0.000487065879535826,<1 px
HTI,HT1032,2026-06-01,2,1.3599396,1.3599396,1.3599396,1.3599396,1,1.3599396,0.0,1.3480625199335787,1.3599395751953125,1.3332366943359375,1.3599395751953125,2.0686779198975103,0.01326978334126115,2,0.04,0.008733534979363192,<1 px
MMR,MMR,2026-06-01,0,15.388479,13.731003,2.7160645,64.208984,23312,358736.22,8.675089,15.387442245325861,64.208984375,2.716064453125,13.706207275390625,358487.3684651507,8.678099595609181,23297,932.48,6.737213431809716e-05,>64 px
MMR,MMR001,2026-06-01,1,24.92212,22.144318,5.8918,64.208984,3205,79875.4,10.832394,24.894604991246506,64.208984375,5.8917999267578125,22.144317626953125,79946.98471139384,10.842955281137256,3211,128.2,0.0011040396544713378,>64 px
MMR,MMR001D001,2026-06-01,2,22.874245,21.961212,12.220383,43.146133,1265,28935.92,6.2295136,22.89496389918581,43.14613342285156,12.220382690429688,21.961212158203125,28918.016814719438,6.230361343012039,1263,50.6,0.0009057741221978032,16-64 px
MMR,MMR001D002,2026-06-01,2,20.399923,19.260406,10.931015,43.146133,552,11260.758,6.602528,20.368946247163475,43.14613342285156,10.931015014648438,19.260406494140625,11248.678877065444,6.560491051930413,552,22.08,0.0015184740077953402,16-64 px
MMR,MMR001D003,2026-06-01,2,14.149489,13.137817,8.340836,25.531769,383,5419.2544,2.955599,14.10130704068351,25.531768798828125,8.340835571289062,13.1378173828125,5428.680577163259,2.93446187666432,385,15.32,0.0034052084366079025,4-16 px
MMR,MMR001D004,2026-06-01,2,34.089016,32.79686,5.8918,64.208984,1005,34259.46,12.382156,33.973778564434085,64.208984375,5.8917999267578125,32.79685974121094,34351.60849461433,12.456693446528043,1011,40.2,0.003380485830565372,16-64 px
MMR,MMR002,2026-06-01,1,9.923742,9.225845,7.545471,23.25821,406,4029.0393,2.468971,9.876453669118378,23.258209228515625,7.54547119140625,9.225845336914062,3993.065398907447,2.368821473590487,404,16.24,0.004765171331703559,16-64 px
MMR,MMR002D001,2026-06-01,2,9.578308,9.065628,7.545471,18.043518,226,2164.6978,1.7895724,9.56463564000935,20.862579345703125,7.54547119140625,9.065628051757812,2165.3326242405237,1.740752846205244,226,9.04,0.0014274295617399551,4-16 px
MMR,MMR002D002,2026-06-01,2,10.357454,9.225845,7.545471,23.25821,180,1864.3418,3.0643969,10.273235658120615,23.258209228515625,7.54547119140625,9.225845336914062,1827.732781281899,2.935054532617964,178,7.2,0.008131181840574445,4-16 px
MMR,MMR003,2026-06-01,1,21.462088,22.064209,7.4806213,31.114578,1023,21955.715,4.5920067,21.482287476053134,31.114578247070312,7.480621337890625,22.064208984375,22149.100843630647,4.556774039274214,1031,40.92,0.0009411701253453424,16-64 px
MMR,MMR003D001,2026-06-01,2,23.54553,24.698257,9.649277,28.697968,363,8547.027,4.0768356,23.54282696356527,28.697967529296875,9.649276733398438,24.698257446289062,8715.89982334157,4.04778096470865,370,14.52,0.0001148004073270439,4-16 px
MMR,MMR003D002,2026-06-01,2,17.143494,19.348145,7.4806213,24.698257,109,1868.6409,5.458538,17.232760017983768,24.698257446289062,7.480621337890625,19.34814453125,1832.7034492180428,5.388811470442949,106,4.36,0.005206990942672926,4-16 px
MMR,MMR003D003,2026-06-01,2,20.989445,21.707535,14.221191,27.431488,321,6737.612,2.7837658,21.013902253206595,27.431488037109375,14.22119140625,21.707534790039062,6822.938362262959,2.7481821344335504,325,12.84,0.0011652167652167647,4-16 px
MMR,MMR003D004,2026-06-01,2,20.880152,21.438599,9.437561,31.114578,230,4802.435,5.126577,20.791103143048865,31.114578247070312,9.43756103515625,21.4385986328125,4777.55920621794,5.164526068591267,230,9.2,0.004264760953422852,4-16 px
MMR,MMR004,2026-06-01,1,16.458185,16.571045,7.320404,29.071808,1270,20901.896,5.300622,16.490556245803635,29.071807861328125,7.320404052734375,16.571044921875,20804.74788203588,5.2876496033124285,1262,50.8,0.001966878231325915,16-64 px
MMR,MMR004D001,2026-06-01,2,10.923273,10.190964,7.320404,28.024673,305,3331.5984,3.1667001,10.914641005528502,28.024673461914062,7.320404052734375,10.190963745117188,3297.9981978573214,3.1886969879826736,302,12.2,0.0007902388296528262,4-16 px
MMR,MMR004D002,2026-06-01,2,19.430256,18.810272,12.758255,24.438858,199,3866.621,3.4597578,19.47747473967441,24.438858032226562,12.758255004882812,18.810272216796875,3900.6924031262715,3.4302901022425183,200,7.96,0.0024301655971187257,4-16 px
MMR,MMR004D003,2026-06-01,2,13.422322,13.383865,8.0394745,18.026352,277,3717.9832,3.367402,13.503578616610897,18.026351928710938,8.039474487304688,13.383865356445312,3665.792300896409,3.361543806630349,271,11.08,0.006053841996257967,4-16 px
MMR,MMR004D004,2026-06-01,2,20.42064,21.030426,12.493134,29.071808,489,9985.693,3.4346895,20.38117022517276,29.071807861328125,12.493133544921875,21.030426025390625,9940.265021898596,3.445997793512318,488,19.56,0.0019328373071186425,16-64 px
MMR,MMR005,2026-06-01,1,13.502439,10.942459,3.622055,45.139313,3336,45044.137,8.099907,13.49540675040493,45.139312744140625,2.773284912109375,10.942459106445312,44913.29568122462,8.09653999407113,3328,133.44,0.0005208132838126903,>64 px
MMR,MMR005D001,2026-06-01,2,4.7984123,4.896164,3.622055,6.418228,84,403.06665,0.7259417,4.818163535062677,6.4182281494140625,2.773284912109375,4.8961639404296875,412.75888985417845,0.7392076751460638,86,3.36,0.004116202157675608,1-4 px
MMR,MMR005D002,2026-06-01,2,5.818424,5.7582855,4.4403076,7.724762,283,1646.614,0.89662105,5.820026030617958,9.090423583984375,4.4403076171875,5.7582855224609375,1646.4082277980601,0.9059134639304726,283,11.32,0.00027533755153595716,4-16 px
MMR,MMR005D003,2026-06-01,2,4.7220306,4.579544,3.9157867,5.5160522,125,590.25385,0.42429298,4.723131615111256,6.4182281494140625,3.9157867431640625,4.5795440673828125,576.0065767780432,0.4428266917657456,122,5.0,0.00023316560279291684,4-16 px
MMR,MMR005D004,2026-06-01,2,10.029487,9.6035,6.8302155,18.728256,336,3369.9075,2.1025317,10.027965763786026,18.728256225585938,6.8302154541015625,9.603500366210938,3342.14238085366,2.089577567612273,333,13.44,0.00015167637327543812,4-16 px
MMR,MMR005D005,2026-06-01,2,11.637153,12.050629,6.3705444,16.889572,301,3502.7827,3.1641645,11.699543102240543,28.024673461914062,6.37054443359375,12.050628662109375,3558.1065206115054,3.2720545114028927,304,12.04,0.005361285723453473,4-16 px
MMR,MMR005D006,2026-06-01,2,18.030636,20.301819,9.180069,28.024673,69,1244.1139,5.3359723,18.051576179125913,28.024673461914062,9.180068969726562,20.30181884765625,1251.988129819237,5.561152701784137,69,2.76,0.001161366638753721,1-4 px
MMR,MMR005D007,2026-06-01,2,11.732513,10.3702545,8.337021,28.024673,273,3202.9763,4.407083,11.712663279955454,28.024673461914062,8.337020874023438,10.370254516601562,3185.9905799028534,4.2901275877036245,272,10.92,0.0016918557895096579,4-16 px
MMR,MMR005D008,2026-06-01,2,20.784544,20.196915,8.657455,45.139313,675,14029.567,8.083951,20.824635644713005,45.139312744140625,8.657455444335938,20.196914672851562,14053.336624103384,8.084185268488673,675,27.0,0.0019289162520479198,16-64 px
MMR,MMR005D009,2026-06-01,2,8.110551,6.662369,3.9157867,15.943527,227,1841.095,3.8976803,8.093894683026349,15.943527221679688,3.9157867431640625,6.6623687744140625,1866.1965782917455,3.9116121152622365,231,9.08,0.002053660346091187,4-16 px
MMR,MMR005D010,2026-06-01,2,6.895151,6.39534,4.72641,11.676788,244,1682.4169,1.6391852,6.869907506844328,11.676788330078125,4.726409912109375,6.3953399658203125,1653.486453563202,1.6074633432756729,241,9.76,0.0036610500851500458,4-16 px
MMR,MMR005D011,2026-06-01,2,9.392822,9.162903,6.8302155,12.229919,228,2141.5635,1.551065,9.390940733543223,12.22991943359375,6.8302154541015625,9.16290283203125,2162.2659049086224,1.55830266992366,230,9.12,0.00020028767252030887,4-16 px
MMR,MMR005S001,2026-06-01,2,23.226776,22.42279,9.132385,45.139313,490,11381.121,5.4789724,23.226105945072657,45.139312744140625,9.13238525390625,22.42279052734375,11204.6088582116,5.443608062257194,482,19.6,2.8848382889814532e-05,16-64 px
MMR,MMR006,2026-06-01,1,15.34083,14.995575,3.1909943,30.820847,1367,20970.914,6.0164957,15.323575834195816,31.251907348632812,3.1909942626953125,14.995574951171875,20984.61244458221,6.05955854607766,1369,54.68,0.001124721791727308,16-64 px
MMR,MMR006D001,2026-06-01,2,16.573027,17.780304,3.1909943,30.820847,457,7573.8735,7.7304444,16.617218073163738,31.251907348632812,3.1909942626953125,17.780303955078125,7668.141185487416,7.783671765292385,461,18.28,0.0026664454938580516,16-64 px
MMR,MMR006D002,2026-06-01,2,15.694993,16.159058,5.9928894,26.05629,633,9934.931,5.3167396,15.595519239739223,26.056289672851562,5.21087646484375,16.1590576171875,9835.600953015984,5.343980083330353,631,25.32,0.0063379295716013825,16-64 px
MMR,MMR006D003,2026-06-01,2,12.541023,12.527466,7.3451996,17.660141,278,3486.4043,2.2496665,12.552399323315399,17.660140991210938,7.3451995849609375,12.5274658203125,3480.870353271642,2.2197485757959488,277,11.12,0.0009071288136063236,4-16 px
MMR,MMR007,2026-06-01,1,19.320704,18.89801,11.735916,31.114578,812,15688.412,3.7915149,19.30753646623216,31.114578247070312,11.735916137695312,18.89801025390625,15580.752448207058,3.799131209168303,807,32.48,0.0006815245328450806,16-64 px
MMR,MMR007D001,2026-06-01,2,19.863218,18.987656,15.232086,30.561447,446,8858.995,2.6581943,19.88380594045113,30.561447143554688,15.232086181640625,18.987655639648438,8783.726476593944,2.6537782744410157,442,17.84,0.0010364856515761608,16-64 px
MMR,MMR007D002,2026-06-01,2,18.659607,17.669678,11.735916,31.114578,366,6829.4165,4.742066,18.61051777237819,31.114578247070312,11.735916137695312,17.669677734375,6797.025976950266,4.741877532515931,365,14.64,0.002630775000878088,4-16 px
MMR,MMR008,2026-06-01,1,13.614103,12.485504,10.061264,22.520065,509,6929.5786,3.107599,13.607215366448315,23.746490478515625,10.061264038085938,12.2833251953125,6926.26128703963,3.110552125413795,509,20.36,0.0005059190129298094,16-64 px
MMR,MMR008D001,2026-06-01,2,13.350667,11.735916,10.061264,22.520065,264,3524.5762,3.5835054,13.315279547472603,23.746490478515625,10.061264038085938,11.735916137695312,3473.716543702787,3.5749383869578253,261,10.56,0.0026506130762902667,4-16 px
MMR,MMR008D002,2026-06-01,2,13.89797,13.793945,10.061264,18.960953,245,3405.0027,2.4638426,13.914152147056543,19.207000732421875,10.061264038085938,13.7939453125,3452.5447258550043,2.4955035632381453,248,9.8,0.0011643532873176262,4-16 px
MMR,MMR009,2026-06-01,1,9.172305,8.174896,2.7160645,24.438858,1550,14217.073,4.3545613,9.165834931633299,27.418136596679688,2.716064453125,8.174896240234375,14237.494134389473,4.361527557567645,1553,62.0,0.0007053917599448495,16-64 px
MMR,MMR009D001,2026-06-01,2,8.087077,7.753372,3.0384064,13.1549835,330,2668.7356,2.3662772,8.09212620180866,13.154983520507812,3.0384063720703125,7.7533721923828125,2702.6456228283923,2.3726119968222106,334,13.2,0.0006243543629744203,4-16 px
MMR,MMR009D002,2026-06-01,2,7.819699,6.4048767,3.0384064,24.335861,319,2494.484,4.3560753,8.003388352599638,27.418136596679688,3.0384063720703125,6.5517425537109375,2577.3810106393234,4.559699890278317,322,12.76,0.02349059121068953,4-16 px
MMR,MMR009D003,2026-06-01,2,12.186652,11.951447,6.4048767,23.479462,415,5057.461,2.494427,12.152265343216154,24.812698364257812,6.404876708984375,11.951446533203125,5017.2910284863765,2.4856320632734263,413,16.6,0.0028216656046177774,16-64 px
MMR,MMR009D004,2026-06-01,2,5.03954,4.3582916,2.7160645,16.571045,288,1451.3875,2.9637146,5.009369289583131,16.571044921875,2.716064453125,4.3582916259765625,1450.6915498558426,2.9299540291183708,290,11.52,0.005986798480986057,4-16 px
MMR,MMR009D005,2026-06-01,2,12.853564,11.302948,6.5517426,24.438858,198,2545.0059,4.5133653,12.77728020954207,24.438858032226562,6.5517425537109375,11.302947998046875,2489.4849038944567,4.4680019746095025,195,7.92,0.005934835696770975,4-16 px
MMR,MMR010,2026-06-01,1,6.5184526,5.9432983,2.7160645,16.651154,1078,7026.8916,2.5700455,6.531107849560479,16.651153564453125,2.716064453125,5.94329833984375,7049.176710100582,2.5765288234404964,1079,43.12,0.0019414499632135816,16-64 px
MMR,MMR010D001,2026-06-01,2,6.423546,7.71904,4.655838,7.71904,33,211.977,1.3732373,6.4748286810850475,7.7190399169921875,4.6558380126953125,7.7190399169921875,206.47928502590673,1.360772022246535,32,1.32,0.007983546951333036,1-4 px
MMR,MMR010D002,2026-06-01,2,7.7751374,7.200241,4.6844482,13.881683,287,2231.4644,2.3613324,7.755612346111242,13.881683349609375,4.6844482421875,7.2002410888671875,2275.700097837319,2.3716347459551663,293,11.48,0.0025112165720387316,4-16 px
MMR,MMR010D003,2026-06-01,2,4.930496,4.655838,3.6392212,7.6084137,145,714.92194,0.9900524,4.9331241166219435,10.31494140625,3.63922119140625,4.6558380126953125,713.8442379368337,1.0013033249189904,145,5.8,0.0005330329082396035,4-16 px
MMR,MMR010D004,2026-06-01,2,4.290383,4.213333,2.773285,7.0819855,159,682.1709,0.8766064,4.294178528448092,7.0819854736328125,2.716064453125,4.2133331298828125,680.859387261945,0.8521026299701693,159,6.36,0.000884659585890519,4-16 px
MMR,MMR010D005,2026-06-01,2,4.637623,4.746437,2.7160645,7.0819855,120,556.5148,1.4527677,4.648140540556067,7.3375701904296875,2.716064453125,5.428314208984375,551.0708455601559,1.4599591441432818,119,4.8,0.002267873122948453,4-16 px
MMR,MMR010D006,2026-06-01,2,9.426073,8.806229,6.795883,16.651154,131,1234.8156,2.3110592,9.514166686645375,16.651153564453125,6.7958831787109375,8.806228637695312,1250.312592963887,2.3460409416539165,131,5.24,0.00934574627688265,4-16 px
MMR,MMR010D007,2026-06-01,2,6.872055,6.795883,4.257202,12.434006,203,1395.0271,2.3008738,6.828057888909071,12.434005737304688,4.222869873046875,6.7958831787109375,1370.9102419225517,2.2417319270429044,201,8.12,0.006402322317113079,4-16 px
MMR,MMR011,2026-06-01,1,23.735544,23.71788,16.132355,30.323029,394,9351.805,2.2808516,23.75605179203893,30.323028564453125,16.132354736328125,23.717880249023438,9202.230181507406,2.2758690910415957,387,15.76,0.0008640118818819031,4-16 px
MMR,MMR011D001,2026-06-01,2,23.694695,23.71788,16.132355,30.323029,212,5023.2754,2.7988343,23.714991861068178,30.323028564453125,16.132354736328125,23.717880249023438,4917.932486381069,2.7948084112575535,207,8.48,0.0008565993809238156,4-16 px
MMR,MMR011D002,2026-06-01,2,23.783129,23.72551,21.438599,26.683807,182,4328.5293,1.4605385,23.803359984199098,26.683807373046875,19.285202026367188,23.725509643554688,4284.297608133325,1.4641031458713547,180,7.28,0.000850644345371833,4-16 px
MMR,MMR012,2026-06-01,1,26.267958,26.10588,11.09314,42.13333,1199,31495.281,3.71599,26.26162035217793,42.133331298828125,11.0931396484375,26.105880737304688,31476.1193303126,3.7654952705149958,1199,47.96,0.00024126914707537606,16-64 px
MMR,MMR012D001,2026-06-01,2,25.871817,26.10588,24.528503,27.885437,113,2923.5154,1.0699389,25.87959062520803,30.336380004882812,24.137496948242188,26.105880737304688,2796.5092881255346,1.115990994315942,108,4.52,0.0003004669215166208,4-16 px
MMR,MMR012D002,2026-06-01,2,23.8998,24.223328,18.96286,29.691696,127,3035.2744,2.5555985,23.937686337674496,29.691696166992188,18.962860107421875,24.22332763671875,3074.8052806018222,2.5640031073140057,128,5.08,0.0015852156785620246,4-16 px
MMR,MMR012D003,2026-06-01,2,26.034243,26.203156,11.09314,37.21237,313,8148.718,3.6381307,26.072282368080387,37.212371826171875,11.0931396484375,26.203155517578125,8143.818586114508,3.6480658099648133,312,12.52,0.0014611282563655487,4-16 px
MMR,MMR012D004,2026-06-01,2,27.4581,27.385712,14.476776,42.13333,356,9775.084,4.836322,27.410678115523226,42.133331298828125,14.476776123046875,27.385711669921875,9889.472592113125,4.9410825385744666,361,14.24,0.00172706357966415,4-16 px
MMR,MMR012D005,2026-06-01,2,26.250654,25.936127,21.659851,30.866623,290,7612.69,2.5438008,26.20750269175848,30.866622924804688,21.65985107421875,25.936126708984375,7571.513439706834,2.5319036584252874,289,11.6,0.001643818407020235,4-16 px
MMR,MMR013,2026-06-01,1,17.135689,17.026901,15.838623,20.736694,332,5689.049,1.0499432,17.127051833474887,20.7366943359375,13.978958129882812,17.026901245117188,5734.689567170884,1.051100197482938,335,13.28,0.0005040454763804449,4-16 px
MMR,MMR013D001,2026-06-01,2,17.002571,16.695023,15.94162,18.554688,156,2652.401,0.8961856,17.006672204510338,18.89801025390625,15.455245971679688,16.695022583007812,2684.365578534095,0.894859287063881,158,6.24,0.00024121084454450494,4-16 px
MMR,MMR013D002,2026-06-01,2,16.273205,16.407013,15.972137,16.407013,13,211.55167,0.20071176,16.254167167210376,16.407012939453125,15.972137451171875,16.407012939453125,198.16896657545158,0.20762237293535538,12,0.52,0.001169888340349967,<1 px
MMR,MMR013D003,2026-06-01,2,17.34877,17.026901,15.838623,20.736694,161,2793.1519,1.1628917,17.320586764661634,20.7366943359375,13.978958129882812,17.026901245117188,2810.3150006177298,1.1724907199448018,162,6.44,0.001624509134559061,4-16 px
MMR,MMR013D004,2026-06-01,2,15.972137,15.972137,15.972137,15.972137,2,31.944275,0.0,16.436235880569136,17.404556274414062,15.972137451171875,15.972137451171875,41.840016107536414,0.651970038423163,3,0.08,0.029056780602942218,<1 px
MMR,MMR014,2026-06-01,1,8.081826,7.505417,3.3073425,20.86258,1943,15702.987,3.3961592,8.095768344407634,20.862579345703125,3.307342529296875,7.5054168701171875,15759.649111767987,3.420771674929399,1947,77.72,0.0017251478078883383,>64 px
MMR,MMR014D001,2026-06-01,2,8.015132,6.832123,3.3073425,20.86258,413,3310.2493,4.3997006,8.047739605994357,20.862579345703125,3.307342529296875,6.832122802734375,3396.509525281222,4.482147615081117,422,16.52,0.004068255643744534,16-64 px
MMR,MMR014D002,2026-06-01,2,7.8879247,7.7705383,3.780365,11.486053,691,5450.5557,2.0397975,7.894007112216373,11.486053466796875,3.780364990234375,7.770538330078125,5421.02511736518,2.033505408713897,687,27.64,0.0007711042444881832,16-64 px
MMR,MMR014D003,2026-06-01,2,6.6248245,6.0424805,4.5547485,9.218216,421,2789.051,1.5802253,6.620587482111697,9.218215942382812,4.55474853515625,6.04248046875,2793.8731533330597,1.5751294396085993,422,16.84,0.0006395668124194244,16-64 px
MMR,MMR014S001,2026-06-01,2,8.72553,8.0013275,3.6392212,12.203217,126,1099.4167,2.0333998,8.75807798979944,12.203216552734375,3.63922119140625,8.001327514648438,1100.3842068575632,2.014155843205352,126,5.04,0.0037302020392390636,4-16 px
MMR,MMR014S002,2026-06-01,2,10.457928,8.136749,3.3073425,20.385742,292,3053.7148,5.0157557,10.501129334933653,20.3857421875,3.307342529296875,8.136749267578125,3047.8571045270273,4.988372302203119,290,11.68,0.004130965037591786,4-16 px
MMR,MMR015,2026-06-01,1,10.607372,10.416031,3.545761,20.320892,2153,22837.674,3.6469395,10.610315256573223,20.320892333984375,3.5457611083984375,10.416030883789062,22877.927244969535,3.643758600798556,2156,86.12,0.00027747274001734375,>64 px
MMR,MMR015D001,2026-06-01,2,9.332918,9.809494,4.25148,18.468857,475,4433.1357,2.3526134,9.34548604576122,20.320892333984375,3.5457611083984375,9.809494018554688,4436.2262947149175,2.3759463254454554,475,19.0,0.0013466362568727705,16-64 px
MMR,MMR015D002,2026-06-01,2,13.421809,13.994217,6.336212,18.468857,272,3650.732,2.9029584,13.413454308023493,18.468856811523438,6.336212158203125,13.994216918945312,3638.9179603236066,2.915782958893837,271,10.88,0.0006224713804604846,4-16 px
MMR,MMR015D003,2026-06-01,2,7.558083,7.200241,3.545761,20.320892,490,3703.4607,3.4814892,7.572105560148242,20.320892333984375,3.5457611083984375,7.2002410888671875,3712.2205572347248,3.4597973593905333,490,19.6,0.0018553064511519937,16-64 px
MMR,MMR015D006,2026-06-01,2,12.5944,13.2751465,10.175705,14.7304535,161,2027.6985,1.5028071,12.580015190533214,14.730453491210938,10.175704956054688,13.275146484375,2048.5078969105784,1.5060426850542576,163,6.44,0.0011421591712814157,4-16 px
MMR,MMR015D007,2026-06-01,2,10.174646,10.541916,7.129669,13.09967,272,2767.5037,1.7266297,10.166029127373504,13.338088989257812,7.129669189453125,10.541915893554688,2779.480532322875,1.7345567590349051,273,10.88,0.0008468965531081341,4-16 px
MMR,MMR015D008,2026-06-01,2,11.550537,10.974884,8.161545,17.471313,276,3187.9482,2.6016736,11.547307516938675,17.4713134765625,8.161544799804688,10.974884033203125,3156.6016384169493,2.6286689882135037,273,11.04,0.00027959592366357607,4-16 px
MMR,MMR015S001,2026-06-01,2,14.1451645,13.731003,5.302429,20.320892,143,2022.7585,4.04555,14.047022585759596,20.320892333984375,5.30242919921875,13.731002807617188,2036.104140430267,4.0458349769708954,145,5.72,0.006938195327484831,4-16 px
MMR,MMR015S002,2026-06-01,2,16.319305,16.576767,12.763977,18.468857,64,1044.4355,1.247962,16.356815138948637,18.468856811523438,11.732101440429688,16.576766967773438,1069.8682865741605,1.271105616758494,65,2.56,0.002298513260744667,1-4 px
MMR,MMR016,2026-06-01,1,8.9572,8.428574,4.623413,14.556885,1345,12047.434,2.4151607,8.96074711804424,14.556884765625,4.6234130859375,8.428573608398438,11964.66458805674,2.413699548234853,1335,53.8,0.0003960074626267527,16-64 px
MMR,MMR016D001,2026-06-01,2,8.786138,8.428574,5.1956177,13.271332,611,5368.33,2.1003113,8.795630434111915,13.271331787109375,5.19561767578125,8.428573608398438,5336.921672116653,2.0941245169090026,607,24.44,0.0010803875504705282,16-64 px
MMR,MMR016D002,2026-06-01,2,7.6965017,7.3108673,4.623413,13.99231,403,3101.6902,1.506053,7.704932165980148,13.9923095703125,4.6234130859375,7.4405670166015625,3073.327272789772,1.5290233955270325,399,16.12,0.0010953633623115298,16-64 px
MMR,MMR016D003,2026-06-01,2,10.807896,11.508942,4.709244,14.556885,331,3577.4136,2.7172403,10.784580341849823,14.556884765625,4.7092437744140625,11.508941650390625,3554.4156543118147,2.7229175486959534,330,13.24,0.002157280024731579,4-16 px
MMR,MMR017,2026-06-01,1,18.76953,18.417358,10.353088,32.42874,1140,21397.264,3.292499,18.77196161085529,32.428741455078125,10.35308837890625,18.4173583984375,21410.917713089508,3.2847705582735367,1141,45.6,0.00012955097198968406,16-64 px
MMR,MMR017D001,2026-06-01,2,21.504065,21.326065,16.059875,32.42874,359,7719.9595,3.0117903,21.527808411105607,32.428741455078125,15.455245971679688,21.326065063476562,7632.309248234607,3.0284093890630808,355,14.36,0.001104135943860199,4-16 px
MMR,MMR017D002,2026-06-01,2,15.64538,15.798569,10.353088,27.385712,238,3723.6003,3.5351906,15.661255924488321,27.385711669921875,10.35308837890625,15.798568725585938,3742.450533066632,3.4957185525689565,239,9.52,0.0010147356272792198,4-16 px
MMR,MMR017D003,2026-06-01,2,19.16792,19.374847,17.751694,21.53778,104,1993.4635,1.2500908,19.190801799732327,21.53778076171875,17.751693725585938,19.374847412109375,1991.1328171557052,1.2643029081878407,104,4.16,0.0011937549683183305,4-16 px
MMR,MMR017D004,2026-06-01,2,19.23068,19.317627,17.784119,23.054123,123,2365.3735,1.3546433,19.218037903858434,23.054122924804688,17.297744750976562,19.317626953125,2422.0942698333524,1.3478637112704355,126,4.92,0.0006573920496605122,4-16 px
MMR,MMR017D005,2026-06-01,2,17.633762,17.784119,15.455246,19.374847,141,2486.3606,0.6703413,17.63506917683484,19.374847412109375,15.455245971679688,17.78411865234375,2569.7923633169476,0.6753369336206912,146,5.64,7.412920934505871e-05,4-16 px
MMR,MMR017D006,2026-06-01,2,17.762897,17.501831,15.838623,20.967484,175,3108.507,1.2339119,17.794536817064586,22.03369140625,15.838623046875,17.5018310546875,3053.1384718809563,1.2618269715799644,172,7.0,0.001781230677889246,4-16 px
MMR,MMR018,2026-06-01,1,14.302704,13.978004,10.597229,20.86258,250,3575.676,2.2577603,14.274196253468457,20.862579345703125,10.59722900390625,13.763427734375,3475.6790900591027,2.2276214054925965,243,10.0,0.00199317181782854,4-16 px
MMR,MMR018D001,2026-06-01,2,13.607555,13.463974,10.597229,20.385742,126,1714.5519,2.1282609,13.615767923219238,20.3857421875,10.59722900390625,13.463973999023438,1679.582556338488,2.150536561008929,123,5.04,0.0006035561288738702,4-16 px
MMR,MMR018D002,2026-06-01,2,15.009065,14.192581,11.987686,20.86258,124,1861.124,2.164407,14.950258631061681,20.862579345703125,11.987686157226562,14.192581176757812,1796.0965578848409,2.0991966347517454,120,4.96,0.003918056783571708,4-16 px
MOZ,MZ,2026-06-01,0,0.20916,0.1411438,0.0019073486,1.2588501,26827,5611.1353,0.18481477,0.20923901891368804,1.7375946044921875,0.0019073486328125,0.141143798828125,5610.924934374666,0.1850472054113662,26816,1073.08,0.00037779170820438017,>64 px
MOZ,MZ01,2026-06-01,1,0.12734158,0.076293945,0.017166138,1.2588501,2598,330.83344,0.15641555,0.12839935560284715,1.7375946044921875,0.0171661376953125,0.0762939453125,332.6948791915977,0.16202619460371376,2591,103.92,0.00830660027028991,>64 px
MOZ,MZ0101,2026-06-01,2,0.18686306,0.2002716,0.049591064,0.30326843,167,31.206131,0.07130001,0.18492834569985944,0.3032684326171875,0.0324249267578125,0.2002716064453125,30.32828015139266,0.07360635841736138,164,6.68,0.010353647746861018,4-16 px
MOZ,MZ0102,2026-06-01,2,0.07406699,0.06484985,0.032424927,0.11253357,185,13.702393,0.01838675,0.07437131060511558,0.1125335693359375,0.0324249267578125,0.064849853515625,13.652384723439326,0.018228175621538587,184,7.4,0.004108721106603353,4-16 px
MOZ,MZ0103,2026-06-01,2,0.20185749,0.17738342,0.11634827,0.30326843,178,35.930634,0.057642687,0.2018031508853634,0.3032684326171875,0.0820159912109375,0.1773834228515625,36.200158786524675,0.057567744093795004,179,7.12,0.00026919543404900335,4-16 px
MOZ,MZ0104,2026-06-01,2,0.24795532,0.24795532,0.24795532,0.24795532,3,0.74386597,0.0,0.247955322265625,0.247955322265625,0.247955322265625,0.247955322265625,0.8293483872989782,0.0,3,0.12,9.137230825172952e-09,<1 px
MOZ,MZ0105,2026-06-01,2,0.23523967,0.20599365,0.20599365,0.2937317,3,0.705719,0.041360106,0.24084652697995915,1.0852813720703125,0.20599365234375,0.20599365234375,0.5912918023879415,0.08445037634597904,2,0.12,0.023834657564173318,<1 px
MOZ,MZ0106,2026-06-01,2,0.2143618,0.118255615,0.045776367,1.0585785,142,30.439377,0.25222495,0.20391830625392945,1.0585784912109375,0.0457763671875,0.118255615234375,28.38297171776638,0.24054983152266002,139,5.68,0.04871900565338851,4-16 px
MOZ,MZ0107,2026-06-01,2,0.1891613,0.17356873,0.1411438,0.24795532,40,7.566452,0.026335532,0.18940264175469795,0.247955322265625,0.141143798828125,0.1735687255859375,7.802530511469286,0.026999610598938437,41,1.6,0.0012758516393043876,1-4 px
MOZ,MZ0108,2026-06-01,2,0.044662073,0.036239624,0.02670288,0.1411438,190,8.485794,0.023039997,0.04547135576404221,0.2117156982421875,0.026702880859375,0.0362396240234375,8.664447309585361,0.02599924713247796,191,7.6,0.01812013437088361,4-16 px
MOZ,MZ0109,2026-06-01,2,0.18211648,0.18692017,0.09727478,0.2708435,54,9.83429,0.050764173,0.18189718293695387,0.92315673828125,0.0972747802734375,0.186920166015625,9.62525908811962,0.05638805210339311,53,2.16,0.0012041582565516919,1-4 px
MOZ,MZ0110,2026-06-01,2,0.3034728,0.31471252,0.078201294,1.2588501,112,33.988953,0.28484696,0.3101646926246075,1.537322998046875,0.0629425048828125,0.3147125244140625,35.69722962669664,0.29701464053964427,115,4.48,0.022051045842024424,4-16 px
MOZ,MZ0111,2026-06-01,2,0.050070316,0.038146973,0.017166138,0.120162964,593,29.691696,0.029148167,0.0503556865673204,0.148773193359375,0.0171661376953125,0.03814697265625,29.83708588435441,0.029493252987884556,593,23.72,0.005699396171584098,16-64 px
MOZ,MZ0112,2026-06-01,2,0.05308787,0.036239624,0.017166138,0.17166138,372,19.748688,0.045408037,0.053033711460605176,0.171661376953125,0.0171661376953125,0.0362396240234375,19.73939178645523,0.045321994627642886,372,14.88,0.0010201678725257955,4-16 px
MOZ,MZ0113,2026-06-01,2,0.0678049,0.062942505,0.036239624,0.22315979,71,4.814148,0.02934107,0.0678182138584661,0.2231597900390625,0.0362396240234375,0.0629425048828125,4.716405541679847,0.030730193117729076,70,2.84,0.00019635540301813978,1-4 px
MOZ,MZ0114,2026-06-01,2,0.09340343,0.09536743,0.05722046,0.12588501,202,18.867493,0.021935873,0.09332017444516423,0.1678466796875,0.057220458984375,0.095367431640625,18.65788318837769,0.02189479254796736,200,8.08,0.000891354362851182,4-16 px
MOZ,MZ0115,2026-06-01,2,0.11802442,0.14305115,0.036239624,0.25367737,99,11.684418,0.05323227,0.11760876501092561,0.2536773681640625,0.0362396240234375,0.1430511474609375,11.551349771599106,0.05336618959370534,98,3.96,0.003521771079869685,1-4 px
MOZ,MZ0116,2026-06-01,2,0.53854156,0.39482117,0.14305115,1.1024475,114,61.393738,0.25802788,0.5580401045160627,1.7375946044921875,0.1430511474609375,0.3948211669921875,65.01355380761353,0.28649433510115074,117,4.56,0.03620620201728294,4-16 px
MOZ,MZ0118,2026-06-01,2,0.16478969,0.12397766,0.076293945,0.2937317,73,12.029648,0.08724633,0.1618447800544751,0.9326934814453125,0.034332275390625,0.1239776611328125,11.405305895305204,0.08477727536120819,70,2.92,0.017870717188222616,1-4 px
MOZ,MZ02,2026-06-01,1,0.18668659,0.15068054,0.020980835,0.7839203,2662,496.9597,0.12967946,0.18693934454663713,1.0852813720703125,0.0209808349609375,0.1506805419921875,497.7024475903673,0.1294791396504887,2662,106.48,0.0013538977097236515,>64 px
MOZ,MZ0201,2026-06-01,2,0.5371934,0.51116943,0.3681183,0.7839203,59,31.694412,0.15704301,0.5392001952523098,1.0852813720703125,0.3681182861328125,0.51116943359375,32.113739201503066,0.1593143821120508,60,2.36,0.0037357034772015707,1-4 px
MOZ,MZ0202,2026-06-01,2,0.25975153,0.207901,0.047683716,0.497818,195,50.65155,0.11960837,0.25577818921824,0.4978179931640625,0.0476837158203125,0.2079010009765625,51.00632446470854,0.11891823470671412,199,7.8,0.015296698278389281,4-16 px
MOZ,MZ0203,2026-06-01,2,0.15970062,0.15830994,0.12207031,0.23651123,395,63.08174,0.025893888,0.15977854699194627,0.23651123046875,0.1220703125,0.1583099365234375,64.0105933397069,0.025949886477798414,401,15.8,0.0004879567276963675,4-16 px
MOZ,MZ0204,2026-06-01,2,0.07017343,0.062942505,0.020980835,0.16021729,359,25.19226,0.030565247,0.07047987474802966,0.16021728515625,0.0209808349609375,0.0629425048828125,25.152925952674764,0.03067471308059744,357,14.36,0.004366962652811312,4-16 px
MOZ,MZ0205,2026-06-01,2,0.34119102,0.3414154,0.24795532,0.4119873,85,29.001236,0.04481485,0.34001561901539323,0.4119873046875,0.1678466796875,0.3414154052734375,29.627856388664277,0.0453914848554063,87,3.4,0.0034449939057797536,1-4 px
MOZ,MZ0206,2026-06-01,2,0.5534744,0.5493164,0.4272461,0.67329407,50,27.673721,0.09050058,0.5474228946660104,0.6732940673828125,0.4119873046875,0.54931640625,28.290915390416504,0.0910900277430014,52,2.0,0.01093366799618859,1-4 px
MOZ,MZ0207,2026-06-01,2,0.52785873,0.5493164,0.46348572,0.5493164,4,2.111435,0.03716578,0.5263197810760056,0.54931640625,0.4634857177734375,0.54931640625,2.5478234418230272,0.0380127794554436,5,0.16,0.002915456042555971,<1 px
MOZ,MZ0208,2026-06-01,2,0.23194855,0.207901,0.12397766,0.3452301,153,35.48813,0.07870131,0.23248815018743232,0.392913818359375,0.1239776611328125,0.2079010009765625,34.62422316820035,0.07857353449003675,149,6.12,0.0023263787914704396,4-16 px
MOZ,MZ0209,2026-06-01,2,0.5294164,0.48732758,0.39291382,0.7839203,60,31.764984,0.108636506,0.5250194432096509,0.7839202880859375,0.392913818359375,0.4634857177734375,30.74292094744635,0.10623383644816345,59,2.4,0.008305290108786065,1-4 px
MOZ,MZ0210,2026-06-01,2,0.13324618,0.1335144,0.047683716,0.28038025,320,42.63878,0.036940675,0.13304710663663233,0.2803802490234375,0.0476837158203125,0.133514404296875,42.000526027763385,0.03687291372366915,316,12.8,0.0014940267958725973,4-16 px
MOZ,MZ0211,2026-06-01,2,0.31404674,0.2784729,0.16021729,0.5893707,106,33.288956,0.12197019,0.3145371031910461,0.6732940673828125,0.16021728515625,0.23651123046875,33.50809224302864,0.1243788664283885,107,4.24,0.0015614337886332367,4-16 px
MOZ,MZ0212,2026-06-01,2,0.13417844,0.1373291,0.05722046,0.17929077,405,54.34227,0.026217068,0.13424266639596283,0.179290771484375,0.057220458984375,0.1373291015625,54.705713623270924,0.025970534557772047,408,16.2,0.00047866405335178025,16-64 px
MOZ,MZ0213,2026-06-01,2,0.12649253,0.12779236,0.05722046,0.20217896,270,34.152985,0.03220741,0.12665426048707573,0.202178955078125,0.057220458984375,0.1277923583984375,33.37035310377878,0.03206989377522633,263,10.8,0.0012785773758793478,4-16 px
MOZ,MZ0214,2026-06-01,2,0.17849366,0.16975403,0.1296997,0.25367737,201,35.877228,0.040682,0.17861540422486674,0.2536773681640625,0.12969970703125,0.1697540283203125,36.0004377643941,0.04080576383484201,202,8.04,0.0006820647011593762,4-16 px
MOZ,MZ03,2026-06-01,1,0.15831073,0.09346008,0.020980835,0.69999695,2422,383.4286,0.15245947,0.15821508772945986,0.6999969482421875,0.0209808349609375,0.091552734375,382.9179762577933,0.15264747697003941,2420,96.88,0.0006041426916555355,>64 px
MOZ,MZ0301,2026-06-01,2,0.5209786,0.48828125,0.48828125,0.5645752,7,3.6468506,0.037755713,0.516060907203339,0.5645751953125,0.362396240234375,0.48828125,3.567449962600666,0.03701210785613477,7,0.28,0.009439337425109186,<1 px
MOZ,MZ0302,2026-06-01,2,0.049414095,0.04386902,0.020980835,0.11444092,485,23.965836,0.018408444,0.04890804405057446,0.11444091796875,0.0209808349609375,0.0438690185546875,23.480645452345072,0.01799564782609471,480,19.4,0.010241024335779886,16-64 px
MOZ,MZ0303,2026-06-01,2,0.1131423,0.09727478,0.049591064,0.22888184,141,15.953064,0.056023546,0.11390983584554727,0.6122589111328125,0.0457763671875,0.0972747802734375,15.734541607695384,0.056904647589783815,138,5.64,0.006783809817789375,4-16 px
MOZ,MZ0304,2026-06-01,2,0.29683468,0.2670288,0.11444092,0.4386902,67,19.887924,0.083607554,0.2919998395304184,0.438690185546875,0.0858306884765625,0.26702880859375,19.848765296759385,0.08588680257207877,68,2.68,0.01628799057300718,1-4 px
MOZ,MZ0305,2026-06-01,2,0.41985267,0.4386902,0.16212463,0.6637573,97,40.725708,0.17014304,0.41969111964078903,0.6999969482421875,0.1621246337890625,0.438690185546875,41.051945284764635,0.17082306579872708,98,3.88,0.00038477868727367884,1-4 px
MOZ,MZ0306,2026-06-01,2,0.14313255,0.10681152,0.06484985,0.58174133,164,23.47374,0.09772353,0.14139787042832241,0.5970001220703125,0.064849853515625,0.1068115234375,23.42950815412692,0.09888351569991084,166,6.56,0.012119392630660064,4-16 px
MOZ,MZ0307,2026-06-01,2,0.5208306,0.48828125,0.36239624,0.69999695,46,23.958206,0.10360349,0.5212017512343817,0.6999969482421875,0.26702880859375,0.48828125,23.9424454954445,0.10462961684637716,46,1.84,0.0007126141098117021,1-4 px
MOZ,MZ0308,2026-06-01,2,0.07506882,0.07247925,0.038146973,0.11634827,534,40.086746,0.018212663,0.07504607660682285,0.1163482666015625,0.034332275390625,0.072479248046875,40.2594961623648,0.018286405768324687,536,21.36,0.0003029672396229119,16-64 px
MOZ,MZ0309,2026-06-01,2,0.18301743,0.10681152,0.05340576,0.56266785,260,47.584534,0.1419986,0.18536382195247714,0.5626678466796875,0.0438690185546875,0.09918212890625,48.32138691004779,0.14519615925859292,261,10.4,0.012820592839037944,4-16 px
MOZ,MZ0310,2026-06-01,2,0.3976822,0.3976822,0.36239624,0.43296814,10,3.976822,0.03528595,0.3962015351681189,0.5645751953125,0.362396240234375,0.362396240234375,3.7617091243613565,0.03563707369650057,9,0.4,0.003723236372865279,<1 px
MOZ,MZ0311,2026-06-01,2,0.27641883,0.23269653,0.08583069,0.5645752,91,25.154114,0.1438131,0.27761019624920913,0.5645751953125,0.0591278076171875,0.232696533203125,25.308376644339603,0.14223254965114726,91,3.64,0.004310003950198055,1-4 px
MOZ,MZ0312,2026-06-01,2,0.15265094,0.14686584,0.020980835,0.4386902,242,36.94153,0.06786137,0.15063151134760458,0.438690185546875,0.0209808349609375,0.1468658447265625,36.59101908475293,0.06685645044962542,243,9.68,0.013229061363103515,4-16 px
MOZ,MZ0313,2026-06-01,2,0.19470929,0.1449585,0.06866455,0.58174133,203,39.525986,0.14835918,0.19677820409803476,0.5817413330078125,0.064849853515625,0.14495849609375,40.379572551962895,0.14801914987009654,205,8.12,0.01062565683452881,4-16 px
MOZ,MZ0314,2026-06-01,2,0.51823175,0.5378723,0.32043457,0.6275177,74,38.34915,0.11133398,0.5191103346912006,0.6275177001953125,0.1811981201171875,0.537872314453125,37.241116512531924,0.11143609609137176,72,2.96,0.0016953509529290946,1-4 px
MOZ,MZ04,2026-06-01,1,0.26488706,0.2002716,0.04196167,0.9174347,2132,564.73926,0.21073161,0.26491316545171545,0.9174346923828125,0.03814697265625,0.2002716064453125,566.8162146267397,0.21053251362605957,2140,85.28,9.855314078174041e-05,>64 px
MOZ,MZ0401,2026-06-01,2,0.35022315,0.25749207,0.04196167,0.65231323,191,66.892624,0.20858471,0.34450907654058005,0.9002685546875,0.041961669921875,0.2574920654296875,67.88879295669403,0.21009651650267075,197,7.64,0.016315521859191585,4-16 px
MOZ,MZ0402,2026-06-01,2,0.40626526,0.40626526,0.4043579,0.4081726,6,2.4375916,0.0019073486,0.4061612835051471,0.408172607421875,0.2307891845703125,0.40435791015625,2.4331688163372904,0.002315427867881805,6,0.24,0.0002559325275632527,<1 px
MOZ,MZ0403,2026-06-01,2,0.36727297,0.3643036,0.24223328,0.5645752,88,32.320023,0.06290825,0.3634515940039379,0.5645751953125,0.2422332763671875,0.3643035888671875,33.49140650321658,0.062942891662082,92,3.52,0.010404729746548139,1-4 px
MOZ,MZ0404,2026-06-01,2,0.08086998,0.07247925,0.04196167,0.18310547,238,19.247055,0.027941816,0.08172079864829757,0.2002716064453125,0.03814697265625,0.072479248046875,19.218873676765668,0.028714649880989915,235,9.52,0.010520821796883982,4-16 px
MOZ,MZ0405,2026-06-01,2,0.36882585,0.4043579,0.23078918,0.46157837,62,22.867203,0.0860916,0.3694144005158132,0.5016326904296875,0.2307891845703125,0.40435791015625,22.6194563342913,0.08639580429299126,61,2.48,0.001595740959624145,1-4 px
MOZ,MZ0406,2026-06-01,2,0.09170996,0.078201294,0.049591064,0.45394897,461,42.27829,0.045902804,0.09214087593489798,0.453948974609375,0.049591064453125,0.0782012939453125,42.58197925635088,0.04743722937468521,462,18.44,0.00469868196320206,16-64 px
MOZ,MZ0407,2026-06-01,2,0.23616126,0.23841858,0.11444092,0.415802,327,77.22473,0.04273235,0.2364765984983144,0.6256103515625,0.0972747802734375,0.2384185791015625,77.13554320083212,0.04395305684174857,326,13.08,0.0013352676824064543,4-16 px
MOZ,MZ0408,2026-06-01,2,0.58859044,0.51116943,0.16784668,0.90026855,88,51.79596,0.24176274,0.5915608135279475,0.9002685546875,0.152587890625,0.6008148193359375,51.388538874697076,0.23571250009830652,87,3.52,0.005046588130020409,1-4 px
MOZ,MZ0409,2026-06-01,2,0.4022555,0.44822693,0.12588501,0.8831024,176,70.79697,0.20971435,0.39895502859384263,0.8831024169921875,0.0820159912109375,0.4482269287109375,69.41410299133865,0.2085242358212587,174,7.04,0.008204913061865797,4-16 px
MOZ,MZ0410,2026-06-01,2,0.49011043,0.46157837,0.15258789,0.9174347,244,119.586945,0.25180897,0.49137913375951237,0.9174346923828125,0.152587890625,0.461578369140625,120.43210906133028,0.25199756899835857,245,9.76,0.00258860795823582,4-16 px
MOZ,MZ0411,2026-06-01,2,0.1401239,0.15640259,0.062942505,0.2155304,144,20.177841,0.04512374,0.139904241111547,0.2288818359375,0.0629425048828125,0.156402587890625,20.342143824645394,0.044935022180454,145,5.76,0.001567604730192275,4-16 px
MOZ,MZ0412,2026-06-01,2,0.36555138,0.33950806,0.2002716,0.8277893,107,39.114,0.124331914,0.36798317518705476,0.9002685546875,0.171661376953125,0.339508056640625,39.870099355265864,0.1335426236329483,108,4.28,0.00665240324644589,4-16 px
MOZ,MZ05,2026-06-01,1,0.3426038,0.30708313,0.16975403,1.1100769,841,288.12982,0.13241242,0.34268342763805787,1.110076904296875,0.1697540283203125,0.3070831298828125,286.5383317914083,0.13261482511970943,836,33.64,0.00023241901595328287,16-64 px
MOZ,MZ0501,2026-06-01,2,0.25776455,0.24986267,0.24604797,0.2861023,28,7.217407,0.013939073,0.2572240803005625,0.286102294921875,0.244140625,0.2498626708984375,7.468190617387904,0.014061663884972033,29,1.12,0.0020967572904710746,1-4 px
MOZ,MZ0502,2026-06-01,2,0.2616002,0.26893616,0.24986267,0.26893616,13,3.4008026,0.009279332,0.2629434119757628,0.2689361572265625,0.2498626708984375,0.2689361572265625,3.4816729261422097,0.008853787266931677,13,0.52,0.005134598428299423,<1 px
MOZ,MZ0503,2026-06-01,2,0.30940747,0.30708313,0.22697449,0.42152405,247,76.423645,0.045954302,0.3096699597677934,0.4215240478515625,0.2269744873046875,0.3070831298828125,76.97710882510478,0.04574205221166442,249,9.88,0.000848362736017205,4-16 px
MOZ,MZ0504,2026-06-01,2,0.47077852,0.49209595,0.333786,0.76293945,85,40.016174,0.11264521,0.4732062721691789,1.0852813720703125,0.3337860107421875,0.492095947265625,40.14090495035872,0.11163959320824171,85,3.4,0.005156888145998884,1-4 px
MOZ,MZ0505,2026-06-01,2,0.44410706,0.45013428,0.26893616,0.76293945,25,11.102676,0.101519234,0.4464980918833885,0.762939453125,0.2689361572265625,0.45013427734375,11.192811279769899,0.10719108485649952,25,1.0,0.005383908743509993,<1 px
MOZ,MZ0506,2026-06-01,2,0.42054665,0.3490448,0.24414062,1.1100769,201,84.52988,0.19602183,0.42326430198508846,1.110076904296875,0.244140625,0.3490447998046875,81.90103524221558,0.19765336093408614,193,8.04,0.006462189117636397,4-16 px
MOZ,MZ0507,2026-06-01,2,0.26800025,0.28038025,0.16975403,0.35858154,161,43.14804,0.047374036,0.2682994405182986,0.35858154296875,0.1697540283203125,0.2803802490234375,44.07646146038502,0.04778097578142679,164,6.44,0.0011163814895643978,4-16 px
MOZ,MZ0508,2026-06-01,2,0.2751998,0.2746582,0.24604797,0.39863586,81,22.291183,0.034786142,0.274370803158561,0.3986358642578125,0.244140625,0.274658203125,21.30014606829267,0.033773709268573794,78,3.24,0.003012345363038056,1-4 px
MOZ,MZ06,2026-06-01,1,0.4874638,0.2593994,0.24986267,1.1100769,14,6.8244934,0.33896706,0.4067018240661729,1.110076904296875,0.2498626708984375,0.2498626708984375,5.088072036407709,0.29322622014231686,13,0.56,0.16567789430482247,<1 px
MOZ,MZ0601,2026-06-01,2,0.4874638,0.2593994,0.24986267,1.1100769,14,6.8244934,0.33896706,0.4067018240661729,1.110076904296875,0.2498626708984375,0.2498626708984375,5.088072036407709,0.29322622014231686,13,0.56,0.16567789430482247,<1 px
MOZ,MZ07,2026-06-01,1,0.23979041,0.19645691,0.049591064,0.72288513,2625,629.4498,0.14839596,0.23980669886676045,0.7572174072265625,0.0476837158203125,0.1964569091796875,630.0592461580601,0.14840029505236516,2627,105.0,6.792960052257464e-05,>64 px
MOZ,MZ0701,2026-06-01,2,0.4449545,0.48446655,0.2822876,0.6942749,102,45.38536,0.09588266,0.4432249396354695,0.69427490234375,0.28228759765625,0.484466552734375,45.2034149238667,0.09379340299196441,102,4.08,0.0038870499445010226,4-16 px
MOZ,MZ0702,2026-06-01,2,0.3039042,0.29945374,0.29945374,0.31280518,12,3.6468506,0.006293929,0.30411602313051556,0.31280517578125,0.2994537353515625,0.2994537353515625,3.3756116883387755,0.006347005267577288,11,0.48,0.0006970062622219195,<1 px
MOZ,MZ0703,2026-06-01,2,0.14851624,0.1487732,0.08201599,0.33569336,193,28.663635,0.055775575,0.1468278782910034,0.335693359375,0.0820159912109375,0.148773193359375,28.00148271199232,0.05408749684987952,191,7.72,0.011368195888857563,4-16 px
MOZ,MZ0704,2026-06-01,2,0.57729083,0.5531311,0.5531311,0.62561035,3,1.7318726,0.034167044,0.5845176052312324,0.6256103515625,0.553131103515625,0.553131103515625,3.5612257140414885,0.035913192375712145,6,0.12,0.012518430669048362,<1 px
MOZ,MZ0705,2026-06-01,2,0.09377587,0.08583069,0.05722046,0.16021729,151,14.160156,0.027243653,0.09466688626512179,0.16021728515625,0.057220458984375,0.091552734375,14.382922970312961,0.027711257270505718,152,6.04,0.009501551573147698,4-16 px
MOZ,MZ0706,2026-06-01,2,0.5053263,0.42152405,0.17929077,0.6942749,63,31.835556,0.15459141,0.5081322811700966,0.69427490234375,0.179290771484375,0.46539306640625,31.70243347236923,0.15184921967387457,62,2.52,0.00555281047136585,1-4 px
MOZ,MZ0707,2026-06-01,2,0.4193293,0.45967102,0.24986267,0.6351471,73,30.611038,0.11870722,0.4239128033327283,0.6351470947265625,0.2498626708984375,0.4596710205078125,30.32038336883147,0.118839741334222,72,2.92,0.010930558233656169,1-4 px
MOZ,MZ0708,2026-06-01,2,0.12930894,0.089645386,0.049591064,0.3490448,205,26.508331,0.082527034,0.1284487507073304,0.4901885986328125,0.0476837158203125,0.0896453857421875,26.109740454033357,0.08301974730899842,203,8.2,0.006652202799509623,4-16 px
MOZ,MZ0709,2026-06-01,2,0.22917278,0.207901,0.18119812,0.31661987,118,27.042389,0.041992977,0.22831259096079332,0.316619873046875,0.1220703125,0.2079010009765625,28.25629063343826,0.042049058254120524,124,4.72,0.0037534520426321,4-16 px
MOZ,MZ0710,2026-06-01,2,0.11396997,0.09727478,0.05722046,0.2670288,243,27.694702,0.04150269,0.11387374960977607,0.2994537353515625,0.057220458984375,0.0972747802734375,27.45427184051019,0.04168241442231178,241,9.72,0.0008442609068330068,4-16 px
MOZ,MZ0711,2026-06-01,2,0.24240428,0.22315979,0.1411438,0.38909912,145,35.14862,0.073744476,0.24188544835654463,0.5168914794921875,0.141143798828125,0.2231597900390625,36.01337949090677,0.07389280607440687,149,5.8,0.0021403567769321965,4-16 px
MOZ,MZ0712,2026-06-01,2,0.37835774,0.37574768,0.22888184,0.72288513,76,28.755188,0.14062832,0.37913427167008934,0.7228851318359375,0.2288818359375,0.3757476806640625,29.150510064106932,0.14170877283503633,77,3.04,0.0020523742162360473,1-4 px
MOZ,MZ0713,2026-06-01,2,0.2260748,0.24414062,0.1411438,0.3643036,159,35.945892,0.05466288,0.228172072808093,0.3643035888671875,0.141143798828125,0.244140625,36.255095557158334,0.05484662145889648,159,6.36,0.009276897770530021,4-16 px
MOZ,MZ0714,2026-06-01,2,0.3920677,0.4119873,0.17929077,0.67329407,133,52.145004,0.17673549,0.3869316800857718,0.7572174072265625,0.179290771484375,0.2899169921875,51.18838543449744,0.17812486999133975,132,5.32,0.013099829223953516,4-16 px
MOZ,MZ0715,2026-06-01,2,0.27205148,0.31471252,0.12207031,0.4310608,120,32.64618,0.059068266,0.27349662361629823,0.553131103515625,0.1220703125,0.3147125244140625,32.28314023830947,0.06293785195506914,118,4.8,0.005312022622697059,4-16 px
MOZ,MZ0716,2026-06-01,2,0.5282534,0.5531311,0.32234192,0.69999695,116,61.27739,0.10466695,0.5273931465068056,0.6999969482421875,0.3147125244140625,0.553131103515625,59.94574683050313,0.10485398360292476,114,4.64,0.0016284864294189253,4-16 px
MOZ,MZ0717,2026-06-01,2,0.15730892,0.13542175,0.09536743,0.30708313,141,22.180557,0.06117938,0.15606889789842804,0.3070831298828125,0.095367431640625,0.1354217529296875,21.510189153239878,0.060383650975490734,138,5.64,0.007882719565883186,4-16 px
MOZ,MZ0718,2026-06-01,2,0.24074978,0.2746582,0.1487732,0.30326843,108,26.000977,0.053876948,0.239818406381922,0.3032684326171875,0.148773193359375,0.274658203125,24.981495926823527,0.054443938905969096,104,4.32,0.003868637462837934,4-16 px
MOZ,MZ0719,2026-06-01,2,0.39967623,0.3643036,0.3643036,0.55885315,11,4.3964386,0.07503672,0.3954613234910028,0.5588531494140625,0.3643035888671875,0.3643035888671875,4.232133861981069,0.07021921017442727,11,0.44,0.010545802308526569,<1 px
MOZ,MZ0720,2026-06-01,2,0.38878122,0.38528442,0.32234192,0.4310608,36,13.996124,0.03589359,0.388155913220376,0.5588531494140625,0.2841949462890625,0.385284423828125,14.754416358142564,0.0388493016418222,38,1.44,0.001608377018889875,1-4 px
MOZ,MZ0721,2026-06-01,2,0.19503748,0.17547607,0.11634827,0.33569336,86,16.773224,0.07078388,0.19541128863046303,0.335693359375,0.1163482666015625,0.17547607421875,17.772547616878853,0.07154992128048347,91,3.44,0.0019165989555598151,1-4 px
MOZ,MZ0722,2026-06-01,2,0.23886737,0.22888184,0.14686584,0.31661987,119,28.425217,0.06925978,0.23901826755406572,0.316619873046875,0.1354217529296875,0.2288818359375,29.435614392403497,0.06890658187198088,123,4.76,0.000631721084657653,4-16 px
MOZ,MZ0723,2026-06-01,2,0.16207014,0.16021729,0.08010864,0.2670288,210,34.03473,0.04994088,0.1626850505804012,0.3490447998046875,0.080108642578125,0.16021728515625,34.16881264821647,0.051296729942586994,210,8.4,0.0037941016179858645,4-16 px
MOZ,MZ08,2026-06-01,1,0.09533206,0.08010864,0.020980835,0.6504059,4313,411.16714,0.069945425,0.09522755225515601,0.6504058837890625,0.0209808349609375,0.080108642578125,410.8609602946408,0.06957760412675264,4315,172.52,0.00109624972799268,>64 px
MOZ,MZ0801,2026-06-01,2,0.08842881,0.08392334,0.02670288,0.14686584,185,16.35933,0.029408006,0.08855393293556281,0.1468658447265625,0.026702880859375,0.08392333984375,16.013882431138715,0.02940327179866395,181,7.4,0.0014149566816834137,4-16 px
MOZ,MZ0802,2026-06-01,2,0.11062622,0.11062622,0.11062622,0.11062622,7,0.77438354,0.0,0.10898974295328727,0.110626220703125,0.0743865966796875,0.110626220703125,0.932576886772396,0.007114840405682929,9,0.28,0.014792849712416534,<1 px
MOZ,MZ0803,2026-06-01,2,0.0730653,0.06866455,0.04386902,0.1335144,179,13.07869,0.018816069,0.07373164368279368,0.133514404296875,0.0438690185546875,0.06866455078125,13.228400481003073,0.019201459522241972,179,7.16,0.009119837772426618,4-16 px
MOZ,MZ0804,2026-06-01,2,0.29945374,0.29945374,0.29945374,0.29945374,1,0.29945374,0.0,0.2994537353515625,0.2994537353515625,0.2994537353515625,0.2994537353515625,0.2919197918060945,0.0,1,0.04,1.5523057163323322e-08,<1 px
MOZ,MZ0805,2026-06-01,2,,,,,0,0.0,,0.4959930613939563,0.518798828125,0.2994537353515625,0.518798828125,0.13822536168439647,0.06694945872222846,0,0.0,,
MOZ,MZ0806,2026-06-01,2,0.10800362,0.09536743,0.04005432,0.38337708,216,23.328781,0.06929506,0.10945168391609007,0.3833770751953125,0.0400543212890625,0.095367431640625,23.848959061645303,0.07082198805272731,218,8.64,0.01340754982184929,4-16 px
MOZ,MZ0807,2026-06-01,2,0.20633219,0.09536743,0.024795532,0.6504059,231,47.662735,0.18533425,0.20341139245499748,0.6504058837890625,0.0247955322265625,0.095367431640625,46.907969413823025,0.1833838249859057,231,9.24,0.01415580159839586,4-16 px
MOZ,MZ0808,2026-06-01,2,0.09358792,0.089645386,0.04196167,0.20980835,373,34.908295,0.03977899,0.09401422444398005,0.23651123046875,0.0362396240234375,0.0896453857421875,35.445586706012165,0.04006969658334066,377,14.92,0.004555122541243031,4-16 px
MOZ,MZ0809,2026-06-01,2,0.079999305,0.09346008,0.04005432,0.12588501,157,12.559891,0.03074998,0.07942469780883323,0.125885009765625,0.0400543212890625,0.0934600830078125,12.450941854263986,0.03051166761798553,157,6.28,0.007182652288876529,4-16 px
MOZ,MZ0810,2026-06-01,2,0.0878724,0.07247925,0.020980835,0.2670288,582,51.14174,0.06431957,0.08746456466992798,0.26702880859375,0.0209808349609375,0.072479248046875,50.8892489352375,0.06433052923672632,582,23.28,0.004641222159313055,16-64 px
MOZ,MZ0811,2026-06-01,2,0.15712315,0.11634827,0.06866455,0.2670288,270,42.42325,0.07381596,0.15719627653848317,0.26702880859375,0.041961669921875,0.118255615234375,42.312242701458835,0.07413745059976636,269,10.8,0.0004654090659662908,4-16 px
MOZ,MZ0812,2026-06-01,2,0.06311818,0.060081482,0.02670288,0.18310547,304,19.187927,0.02341578,0.06359442693228279,0.18310546875,0.026702880859375,0.06103515625,19.43171009957112,0.024011086400907093,306,12.16,0.007545321051443376,4-16 px
MOZ,MZ0813,2026-06-01,2,0.06293108,0.059127808,0.04196167,0.11444092,167,10.509491,0.015508719,0.06283299571322948,0.11444091796875,0.041961669921875,0.0591278076171875,10.583435144785602,0.015467973202547594,168,6.68,0.0015585984980795225,4-16 px
MOZ,MZ0814,2026-06-01,2,0.06289189,0.0667572,0.020980835,0.09918213,603,37.923813,0.02236633,0.06287028843510978,0.1087188720703125,0.0209808349609375,0.0667572021484375,37.602168268335845,0.022378063657033383,598,24.12,0.0003434713901939965,16-64 px
MOZ,MZ0815,2026-06-01,2,0.08722631,0.09346008,0.047683716,0.1335144,164,14.305115,0.029199697,0.08701620735951271,0.133514404296875,0.0476837158203125,0.0934600830078125,14.170135475666257,0.029314830714847306,163,6.56,0.0024087071949655085,4-16 px
MOZ,MZ0816,2026-06-01,2,0.13111547,0.13923645,0.05722046,0.19836426,194,25.436401,0.047429204,0.130833152893526,0.1983642578125,0.026702880859375,0.1392364501953125,25.281979191404957,0.04784622365652433,193,7.76,0.0021531944817343093,4-16 px
MOZ,MZ0817,2026-06-01,2,0.1019653,0.10871887,0.051498413,0.12588501,98,9.9925995,0.02257162,0.10173799231808299,0.125885009765625,0.0514984130859375,0.1087188720703125,10.22350556709739,0.022904762389195567,100,3.92,0.0022292650726963487,1-4 px
MOZ,MZ0818,2026-06-01,2,0.101416774,0.091552734,0.062942505,0.26512146,169,17.139435,0.038788836,0.10087902146099972,0.2651214599609375,0.06103515625,0.091552734375,16.879715288631303,0.037528801141563636,167,6.76,0.00530240233238219,4-16 px
MOZ,MZ0819,2026-06-01,2,0.08271504,0.08773804,0.02670288,0.14686584,412,34.078598,0.02760265,0.08244035761592682,0.1583099365234375,0.026702880859375,0.087738037109375,34.228357399357364,0.027658678548059475,415,16.48,0.0033208275553416673,16-64 px
MOZ,MZ09,2026-06-01,1,0.35668156,0.32615662,0.049591064,1.0681152,2336,833.20807,0.19483888,0.3558506711241171,1.068115234375,0.049591064453125,0.3261566162109375,827.8293051969929,0.19410555849434807,2326,93.44,0.002329497706253432,>64 px
MOZ,MZ0901,2026-06-01,2,0.25798404,0.22506714,0.13542175,0.54740906,252,65.01198,0.1098875,0.2560307585765827,0.5474090576171875,0.1354217529296875,0.225067138671875,63.89997596737973,0.10816947172546063,250,10.08,0.00757132659608451,4-16 px
MOZ,MZ0902,2026-06-01,2,0.27312338,0.24032593,0.2117157,0.46920776,128,34.959793,0.04991272,0.27319538313748565,0.469207763671875,0.1544952392578125,0.240325927734375,33.37154693097144,0.05023618310174549,122,5.12,0.00026362861167587024,4-16 px
MOZ,MZ0903,2026-06-01,2,0.1805958,0.16021729,0.104904175,0.32424927,133,24.019241,0.069588654,0.18216376688615737,0.324249267578125,0.1049041748046875,0.16021728515625,24.62032724863672,0.06951940539796161,135,5.32,0.00868218909939973,4-16 px
MOZ,MZ0904,2026-06-01,2,0.51933163,0.47683716,0.31661987,0.99754333,247,128.27492,0.17593074,0.5137298094123515,0.9975433349609375,0.23651123046875,0.476837158203125,124.90837899563623,0.17306006721651093,243,9.88,0.010786596201830756,4-16 px
MOZ,MZ0905,2026-06-01,2,0.17074245,0.16403198,0.0667572,0.31280518,247,42.173386,0.07149447,0.17010936142765268,0.31280517578125,0.0667572021484375,0.164031982421875,41.1795547931899,0.07140556289372306,242,9.88,0.0037078569058093774,4-16 px
MOZ,MZ0906,2026-06-01,2,0.7646809,0.8583069,0.5207062,1.0681152,23,17.587662,0.16684091,0.757731477082695,1.068115234375,0.5207061767578125,0.858306884765625,16.469246213590694,0.1610861872873667,22,0.92,0.009088003789953494,<1 px
MOZ,MZ0907,2026-06-01,2,0.52752495,0.5092621,0.30136108,0.7247925,80,42.201996,0.11861914,0.5320234380491835,1.068115234375,0.301361083984375,0.5092620849609375,42.267340545315555,0.1314862996958785,79,3.2,0.008527536089399209,1-4 px
MOZ,MZ0908,2026-06-01,2,0.4273452,0.415802,0.2784729,0.62561035,231,98.716736,0.10244545,0.42728355692148395,0.6256103515625,0.2593994140625,0.415802001953125,99.17465949481827,0.10256936575052956,232,9.24,0.00014424656815152512,4-16 px
MOZ,MZ0909,2026-06-01,2,0.117424205,0.09536743,0.049591064,0.33569336,195,22.89772,0.07222526,0.11644776329338463,0.6122589111328125,0.049591064453125,0.095367431640625,23.11609621115651,0.07156475164126225,199,7.8,0.008315506216247083,4-16 px
MOZ,MZ0910,2026-06-01,2,0.28179044,0.2746582,0.17929077,0.37956238,211,59.45778,0.058430515,0.2819239869808076,0.3795623779296875,0.179290771484375,0.274658203125,59.119605504953654,0.05829551854288489,210,8.44,0.00047392303588312553,4-16 px
MOZ,MZ0911,2026-06-01,2,0.58798,0.5617142,0.3299713,0.9365082,192,112.89215,0.109715894,0.5848998084028137,0.9975433349609375,0.23651123046875,0.568389892578125,115.1013233799389,0.10642292877590417,197,7.68,0.005238599267298547,4-16 px
MOZ,MZ0912,2026-06-01,2,0.55311626,0.50735474,0.333786,1.0242462,257,142.15088,0.13076946,0.553263641346785,1.0242462158203125,0.3337860107421875,0.507354736328125,142.66226426800088,0.13018223963795023,258,10.28,0.0002664563626911566,4-16 px
MOZ,MZ0913,2026-06-01,2,0.3042427,0.31661987,0.23460388,0.3643036,139,42.289734,0.046824593,0.3036994085526867,0.3643035888671875,0.225067138671875,0.316619873046875,41.938987093036175,0.04664518212975455,138,5.56,0.001785717282003147,4-16 px
MOZ,MZ10,2026-06-01,1,0.06754931,0.045776367,0.0019073486,0.2784729,3400,229.66766,0.059257522,0.06755024821954651,0.278472900390625,0.0019073486328125,0.0457763671875,229.20569486303836,0.05914340209584361,3393,136.0,1.3889402371569061e-05,>64 px
MOZ,MZ1001,2026-06-01,2,0.058575213,0.038146973,0.020980835,0.13542175,107,6.2675476,0.042794462,0.05748698227812845,0.1354217529296875,0.0209808349609375,0.03814697265625,6.290833439948074,0.041600986587828334,109,4.28,0.018578348522122336,4-16 px
MOZ,MZ1002,2026-06-01,2,0.050314322,0.047683716,0.015258789,0.11062622,298,14.993668,0.019936021,0.05017699517685958,0.110626220703125,0.0152587890625,0.0476837158203125,14.993831995457896,0.01986924383644544,299,11.92,0.002729378389326681,4-16 px
MOZ,MZ1003,2026-06-01,2,0.060779627,0.045776367,0.038146973,0.12207031,209,12.702942,0.024373278,0.060823297559853266,0.1220703125,0.03814697265625,0.0457763671875,12.665955864918367,0.024379684608845723,208,8.36,0.000718506545840822,4-16 px
MOZ,MZ1004,2026-06-01,2,0.022282677,0.020980835,0.0076293945,0.07247925,315,7.019043,0.008296735,0.02243388335442155,0.0743865966796875,0.00762939453125,0.0209808349609375,7.079631618431281,0.008453057494370747,316,12.6,0.006785825348612674,4-16 px
MOZ,MZ1005,2026-06-01,2,0.07517338,0.076293945,0.022888184,0.13923645,240,18.04161,0.033563863,0.07488184988878002,0.1392364501953125,0.0171661376953125,0.0762939453125,17.970881118634097,0.03362938810745793,240,9.6,0.0038781030096022803,4-16 px
MOZ,MZ1006,2026-06-01,2,0.119400024,0.12683868,0.09727478,0.15640259,10,1.1940002,0.01982542,0.11656502907775475,0.156402587890625,0.0972747802734375,0.1220703125,1.1316701465702295,0.018565426956942237,10,0.4,0.023743671293108334,<1 px
MOZ,MZ1007,2026-06-01,2,0.20687866,0.22125244,0.104904175,0.27275085,125,25.859833,0.05958823,0.20744093773883046,0.2727508544921875,0.1049041748046875,0.22125244140625,25.53509380038843,0.059311884616376376,123,5.0,0.0027179107735445934,4-16 px
MOZ,MZ1008,2026-06-01,2,0.04424894,0.034332275,0.0076293945,0.078201294,246,10.885239,0.018804578,0.044416244916925626,0.0782012939453125,0.00762939453125,0.034332275390625,10.734195618145037,0.018860409014954817,242,9.84,0.0037809926503465565,4-16 px
MOZ,MZ1009,2026-06-01,2,0.015856039,0.015258789,0.0019073486,0.045776367,297,4.709244,0.0133003695,0.016109560676007682,0.05340576171875,0.0019073486328125,0.0152587890625,4.651123802376644,0.01322760252817178,289,11.88,0.01598896647565533,4-16 px
MOZ,MZ1010,2026-06-01,2,0.11808976,0.11634827,0.07247925,0.13923645,92,10.864258,0.015601305,0.11780591734025239,0.1392364501953125,0.072479248046875,0.1163482666015625,10.808095301939602,0.015797028201359767,92,3.68,0.0024036178898797843,1-4 px
MOZ,MZ1011,2026-06-01,2,0.06286771,0.062942505,0.01335144,0.12397766,561,35.268784,0.030766997,0.06277400089579854,0.1239776611328125,0.0133514404296875,0.0629425048828125,35.2626448418436,0.030816926314383927,562,22.44,0.0014905760715866764,16-64 px
MOZ,MZ1012,2026-06-01,2,0.14121716,0.13160706,0.05531311,0.25749207,286,40.388107,0.050057575,0.14105309614147152,0.2574920654296875,0.0553131103515625,0.1316070556640625,40.16256924547768,0.04973014174533713,285,11.44,0.0011617841523543623,4-16 px
MOZ,MZ1013,2026-06-01,2,0.2184632,0.23651123,0.11062622,0.2784729,93,20.317078,0.04681195,0.21888875894643559,0.278472900390625,0.110626220703125,0.23651123046875,20.323677395062134,0.04717850574132543,93,3.72,0.0019479662773207987,1-4 px
MOZ,MZ1014,2026-06-01,2,0.08772227,0.08773804,0.032424927,0.16403198,121,10.614395,0.04883257,0.08866738716881711,0.164031982421875,0.0324249267578125,0.087738037109375,10.920617845644465,0.049113246010090754,123,4.84,0.01077397072393485,4-16 px
MOZ,MZ1015,2026-06-01,2,0.02635479,0.022888184,0.0076293945,0.062942505,400,10.541916,0.012875549,0.026447261490046996,0.0858306884765625,0.003814697265625,0.02288818359375,10.674872814179365,0.01306584797927373,404,16.0,0.0035087166335605884,4-16 px
MOZ,MZ11,2026-06-01,1,0.41237873,0.38719177,0.049591064,0.7915497,3484,1436.7275,0.16268393,0.4126563621378822,0.8087158203125,0.049591064453125,0.3871917724609375,1441.2118084980996,0.16279598005005871,3493,139.36,0.0006732455330132515,>64 px
MOZ,MZ1101,2026-06-01,2,0.31621367,0.33569336,0.14305115,0.4901886,216,68.302155,0.0759978,0.31541475407338226,0.4901885986328125,0.1430511474609375,0.335693359375,67.4210062546976,0.07573918213314118,214,8.64,0.0025265066074396407,4-16 px
MOZ,MZ1102,2026-06-01,2,0.7089101,0.70762634,0.64468384,0.7686615,104,73.726654,0.031883635,0.7091773423463943,0.8087158203125,0.5435943603515625,0.70953369140625,75.61422977591104,0.03249323439289882,107,4.16,0.00037697635623233893,4-16 px
MOZ,MZ1103,2026-06-01,2,0.6702423,0.67710876,0.5912781,0.7286072,5,3.3512115,0.04423404,0.6822548121660524,0.728607177734375,0.591278076171875,0.6771087646484375,2.830376961449055,0.04038820086955999,4,0.2,0.017922641059886075,<1 px
MOZ,MZ1104,2026-06-01,2,0.44702166,0.44441223,0.3376007,0.5340576,163,72.86453,0.053818714,0.4457354659438434,0.5340576171875,0.3376007080078125,0.4444122314453125,71.84719085895352,0.05354120743853602,161,6.52,0.0028772522032972578,4-16 px
MOZ,MZ1105,2026-06-01,2,0.3013674,0.28800964,0.14305115,0.44441223,302,91.012955,0.068257295,0.3020643268260117,0.4444122314453125,0.1430511474609375,0.2880096435546875,91.54581974564202,0.0676461847432103,303,12.08,0.0023125488225059845,4-16 px
MOZ,MZ1106,2026-06-01,2,0.2987011,0.3681183,0.06866455,0.4901886,185,55.259705,0.14077677,0.29430521128122794,0.4901885986328125,0.06866455078125,0.3681182861328125,55.917634895012725,0.14153406412174127,190,7.4,0.014716680717854928,4-16 px
MOZ,MZ1107,2026-06-01,2,0.41288137,0.4043579,0.33569336,0.45013428,96,39.636612,0.026608985,0.4110622535308384,0.476837158203125,0.335693359375,0.40435791015625,40.724448268036895,0.028513720408849592,99,3.84,0.004405905912300203,1-4 px
MOZ,MZ1108,2026-06-01,2,0.6842041,0.6599426,0.6599426,0.7286072,25,17.105103,0.028569613,0.682153673189843,0.728607177734375,0.6561279296875,0.659942626953125,17.56736583153895,0.02818955885221993,26,1.0,0.0029968057925361617,<1 px
MOZ,MZ1109,2026-06-01,2,0.61335564,0.5712509,0.54359436,0.70762634,40,24.534225,0.053041592,0.6161937472885767,0.7076263427734375,0.5435943603515625,0.5741119384765625,23.582183619996755,0.05426413074818995,38,1.6,0.0046271805515258595,1-4 px
MOZ,MZ1110,2026-06-01,2,0.3729906,0.34713745,0.11444092,0.5569458,211,78.70102,0.10482716,0.374083323286656,0.55694580078125,0.11444091796875,0.347137451171875,77.52872476263218,0.10335530491813606,207,8.44,0.002929626877074099,4-16 px
MOZ,MZ1111,2026-06-01,2,0.5505681,0.50735474,0.3376007,0.74768066,96,52.854538,0.13415061,0.5533412525440923,0.766754150390625,0.3376007080078125,0.507354736328125,54.0477666484164,0.1338584051659706,98,3.84,0.005036892882265195,1-4 px
MOZ,MZ1112,2026-06-01,2,0.70085526,0.67710876,0.67710876,0.76675415,20,14.017105,0.034233987,0.7022921094195774,0.766754150390625,0.6771087646484375,0.6771087646484375,14.780675178371894,0.03367426726967283,21,0.8,0.0020501371703730187,<1 px
MOZ,MZ1113,2026-06-01,2,0.3150099,0.32234192,0.15068054,0.46539307,186,58.591843,0.08358572,0.31649382688465816,0.46539306640625,0.1506805419921875,0.3223419189453125,58.91687117018929,0.08407011272919636,186,7.44,0.004710730947370698,4-16 px
MOZ,MZ1114,2026-06-01,2,0.37453863,0.37956238,0.26893616,0.5569458,295,110.48889,0.063196644,0.37430840630867895,0.55694580078125,0.2689361572265625,0.3795623779296875,111.3672491004537,0.06359899517715452,298,11.8,0.0006146861041303799,4-16 px
MOZ,MZ1115,2026-06-01,2,0.455426,0.4081726,0.33187866,0.74768066,164,74.689865,0.12528929,0.45329099793667044,0.7476806640625,0.331878662109375,0.408172607421875,73.24172824261233,0.12369398639575951,162,6.56,0.00468792309470597,4-16 px
MOZ,MZ1116,2026-06-01,2,0.12125288,0.11444092,0.049591064,0.20217896,147,17.824173,0.043073997,0.12346141924511304,0.34332275390625,0.049591064453125,0.11444091796875,17.982398674831757,0.04346385859143001,146,5.88,0.018214324023586494,4-16 px
MOZ,MZ1117,2026-06-01,2,0.58034605,0.6160736,0.23651123,0.7324219,257,149.14894,0.09650715,0.5774808318255444,0.7495880126953125,0.23651123046875,0.5741119384765625,150.74901413156817,0.09722182141131004,261,10.28,0.0049370856826810635,4-16 px
MOZ,MZ1118,2026-06-01,2,0.37560946,0.37002563,0.18692017,0.5455017,276,103.66821,0.10940599,0.3721291596280491,0.545501708984375,0.186920166015625,0.370025634765625,101.51988304173341,0.10945103671771897,273,11.04,0.00926574206078544,4-16 px
MOZ,MZ1119,2026-06-01,2,0.36972126,0.35858154,0.32424927,0.42533875,94,34.7538,0.029333329,0.37013873763988653,0.4253387451171875,0.324249267578125,0.35858154296875,33.82513671379428,0.029060693691489704,91,3.76,0.0011291686063347618,1-4 px
MOZ,MZ1120,2026-06-01,2,0.5845333,0.57792664,0.37956238,0.76675415,69,40.332794,0.121483035,0.5821681717727912,0.766754150390625,0.3795623779296875,0.5779266357421875,40.029396001450834,0.12345953605407413,69,2.76,0.004046182188780009,1-4 px
MOZ,MZ1121,2026-06-01,2,0.27871132,0.34332275,0.10108948,0.38909912,104,28.985977,0.09014917,0.2810414076822945,0.4253387451171875,0.1010894775390625,0.34332275390625,29.03059015148535,0.08978127615745728,103,4.16,0.008360219033423311,4-16 px
MOZ,MZ1122,2026-06-01,2,0.5421272,0.5226135,0.43296814,0.67710876,91,49.333572,0.072096035,0.5446814813878434,0.6771087646484375,0.3948211669921875,0.522613525390625,51.24532502638335,0.07253273977706988,94,3.64,0.004711590541561861,1-4 px
MOZ,MZ1123,2026-06-01,2,0.52505785,0.45585632,0.2822876,0.7915497,341,179.04472,0.17258798,0.5254185709135439,0.7915496826171875,0.255584716796875,0.4558563232421875,179.89679468177755,0.1719875405222009,342,13.64,0.0006870117522171856,4-16 px
NGA,NG,2026-06-01,0,3.2167342,1.7375946,0.02861023,23.45848,29985,96453.77,3.7299926,3.2201231932701595,23.458480834960938,0.0286102294921875,1.743316650390625,96587.13441471622,3.7343421837658193,29995,1199.4,0.0010535509182448533,>64 px
NGA,NG001,2026-06-01,1,9.094102,8.115768,6.0214996,17.587662,154,1400.4917,2.8624737,9.154216024745175,17.587661743164062,6.0214996337890625,8.115768432617188,1452.0157722025751,2.8963631431131533,159,6.16,0.0066102210801215165,4-16 px
NGA,NG001001,2026-06-01,2,14.280319,14.280319,14.280319,14.280319,1,14.280319,0.0,13.508560799231107,14.280319213867188,10.326385498046875,13.914108276367188,8.234391658468176,1.2671027480798809,1,0.04,0.05404348465667281,<1 px
NGA,NG001002,2026-06-01,2,13.914108,13.914108,13.914108,13.914108,1,13.914108,0.0,13.96960643986887,14.280319213867188,13.914108276367188,13.914108276367188,19.731251386412296,0.13131636734779098,1,0.04,0.003988645184360382,<1 px
NGA,NG001003,2026-06-01,2,7.3810816,7.3566437,6.3171387,7.850647,16,118.097305,0.45906034,7.432939986250547,8.749008178710938,6.317138671875,7.3566436767578125,126.49872044274701,0.5035683359531765,17,0.64,0.007025851909095177,<1 px
NGA,NG001004,2026-06-01,2,6.9566207,6.8187714,6.3171387,8.115768,22,153.04565,0.5758626,6.977518402006784,8.115768432617188,6.317138671875,6.8187713623046875,140.98104683775148,0.5837956839066669,20,0.88,0.0030040019296702462,<1 px
NGA,NG001005,2026-06-01,2,8.502722,8.115768,8.115768,10.3263855,8,68.021774,0.7476803,8.674911274486867,10.326385498046875,7.3566436767578125,8.115768432617188,78.81736756196744,0.9827198689798987,9,0.32,0.020251076594867676,<1 px
NGA,NG001006,2026-06-01,2,10.608847,10.3263855,10.3263855,11.362076,11,116.69731,0.46125686,10.65371849884308,11.362075805664062,10.326385498046875,10.326385498046875,98.57824312007324,0.4815274892232327,9,0.44,0.004229630123149046,<1 px
NGA,NG001007,2026-06-01,2,9.179221,8.115768,8.115768,11.362076,9,82.61299,1.2363576,9.346759106990499,11.362075805664062,8.115768432617188,10.019302368164062,84.50907325645574,1.2475489744370651,9,0.36,0.018251887277852732,<1 px
NGA,NG001008,2026-06-01,2,6.696114,6.8187714,6.0214996,6.8187714,13,87.049484,0.2876566,6.7168904269597665,6.8187713623046875,6.0214996337890625,6.8187713623046875,83.92162377326429,0.2661711187159078,12,0.52,0.0031027588478581432,<1 px
NGA,NG001009,2026-06-01,2,11.907959,10.3263855,10.3263855,14.280319,10,119.07959,1.937024,11.908750063808919,14.280319213867188,10.326385498046875,10.326385498046875,156.92857254454572,1.920237049354106,13,0.4,6.643151936604582e-05,<1 px
NGA,NG001010,2026-06-01,2,6.71018,6.3171387,6.3171387,7.850647,15,100.652695,0.5415018,6.679695054233753,7.85064697265625,6.317138671875,6.317138671875,95.99025866240396,0.5386732031482181,14,0.6,0.004543089122236221,<1 px
NGA,NG001011,2026-06-01,2,11.787415,11.362076,11.362076,13.914108,6,70.72449,0.95108634,11.703399140897956,13.914108276367188,10.326385498046875,11.362075805664062,66.72716825502079,0.9132037785856782,6,0.24,0.0071275898152430945,<1 px
NGA,NG001012,2026-06-01,2,14.036179,13.914108,13.914108,14.280319,6,84.21707,0.1726335,14.027208846279292,14.280319213867188,13.914108276367188,13.914108276367188,57.64812741162473,0.16919493734994903,4,0.24,0.0006390737622189594,<1 px
NGA,NG001013,2026-06-01,2,14.602184,14.280319,13.914108,17.587662,8,116.817474,1.1389666,14.630138932012951,17.587661743164062,13.914108276367188,14.280319213867188,134.96772761549812,1.149613439112171,9,0.32,0.001914434992255372,<1 px
NGA,NG001014,2026-06-01,2,13.914108,13.914108,13.914108,13.914108,8,111.31287,0.0,14.071910194331826,16.912460327148438,13.914108276367188,13.914108276367188,127.28999932578589,0.669510462228312,9,0.32,0.011341164976714677,<1 px
NGA,NG001015,2026-06-01,2,7.683436,8.115768,6.8187714,8.115768,6,46.100616,0.61141026,7.824003143669995,8.115768432617188,6.8187713623046875,8.115768432617188,58.1089156010961,0.5415641616179472,7,0.24,0.01829482846866882,<1 px
NGA,NG001016,2026-06-01,2,8.115768,8.115768,8.115768,8.115768,5,40.578842,0.0,8.11610934718248,10.019302368164062,8.115768432617188,8.115768432617188,35.834788443015256,0.02547206747434775,4,0.2,4.205975115117745e-05,<1 px
NGA,NG001017,2026-06-01,2,6.365458,6.0214996,6.0214996,7.0533752,9,57.289124,0.48643082,6.424199777754615,7.053375244140625,6.0214996337890625,6.0214996337890625,77.24847610290908,0.5033577762320156,12,0.36,0.009228209149226162,<1 px
NGA,NG002,2026-06-01,1,2.2325706,1.1901855,0.13923645,12.94136,1243,2775.0854,2.4984455,2.231611848719475,12.941360473632812,0.1010894775390625,1.190185546875,2778.8088811968137,2.503409819572377,1245,49.72,0.000429438280932614,16-64 px
NGA,NG002001,2026-06-01,2,0.6396456,0.69236755,0.3643036,0.9288788,53,33.901215,0.14879353,0.6284773813764916,0.9288787841796875,0.3643035888671875,0.6923675537109375,32.44654724978702,0.1467201489525399,52,2.12,0.01746001007981369,1-4 px
NGA,NG002002,2026-06-01,2,1.332601,1.2388229,0.71144104,3.9672852,156,207.88574,0.72312427,1.323207453772998,3.96728515625,0.7114410400390625,1.18255615234375,205.9730243094915,0.7124543195278953,156,6.24,0.007049031350720761,4-16 px
NGA,NG002003,2026-06-01,2,4.2996817,4.5166016,1.9054413,11.695862,70,300.97772,2.122169,4.337087498715508,11.69586181640625,1.9054412841796875,4.5166015625,298.3782027189741,2.1958792700318224,69,2.8,0.008699666934766016,1-4 px
NGA,NG002004,2026-06-01,2,0.5963554,0.5187988,0.1487732,1.16539,71,42.341232,0.3319032,0.6004587003707468,1.1653900146484375,0.148773193359375,0.667572021484375,42.875983847068255,0.33472683754538746,71,2.84,0.006880629186466323,1-4 px
NGA,NG002005,2026-06-01,2,0.8685589,0.8735657,0.69236755,0.9498596,40,34.742355,0.08010261,0.8644699978741276,0.949859619140625,0.6923675537109375,0.873565673828125,33.97288073900828,0.08132294292405079,39,1.6,0.004707685484395392,1-4 px
NGA,NG002006,2026-06-01,2,0.37774587,0.35095215,0.13923645,0.5187988,21,7.932663,0.1460105,0.35630770693710667,0.518798828125,0.1392364501953125,0.3509521484375,8.086068221402343,0.14838276259922478,23,0.84,0.05675287214362744,<1 px
NGA,NG002007,2026-06-01,2,0.8953051,0.8907318,0.5187988,1.5869141,88,78.78685,0.3456823,0.8932477234082525,1.5869140625,0.400543212890625,0.8907318115234375,78.45812115753192,0.34698456936462235,88,3.52,0.0022979614343171155,1-4 px
NGA,NG002008,2026-06-01,2,3.0761857,3.3569336,0.84495544,5.7621,83,255.32341,1.1403166,3.1169184732731554,5.7621002197265625,0.8449554443359375,3.35693359375,266.6470888710748,1.194311396611961,86,3.32,0.013241324564104014,1-4 px
NGA,NG002009,2026-06-01,2,0.38177902,0.3643036,0.35095215,0.5187988,37,14.125824,0.037511516,0.3830559920571543,0.518798828125,0.3509521484375,0.3643035888671875,13.95412462059653,0.0374377879990244,36,1.48,0.0033447936902197208,1-4 px
NGA,NG002010,2026-06-01,2,1.5164155,1.7299652,0.6599426,2.4547577,26,39.426804,0.44492027,1.4813832743545203,2.4547576904296875,0.659942626953125,1.7299652099609375,40.693979045514084,0.45949266242723663,27,1.04,0.02310199654743676,1-4 px
NGA,NG002011,2026-06-01,2,1.6257815,1.5678406,1.3141632,1.9454956,45,73.16017,0.21396688,1.6253288956201764,1.94549560546875,0.8907318115234375,1.567840576171875,72.6916465548122,0.22324750188269465,45,1.8,0.00027839188711622077,1-4 px
NGA,NG002012,2026-06-01,2,1.1148038,0.71144104,0.68855286,6.0710907,69,76.92146,0.8126278,1.1407107732978605,6.0710906982421875,0.6885528564453125,0.7114410400390625,79.12502868308025,0.8645775782278232,69,2.76,0.023239042868225344,1-4 px
NGA,NG002013,2026-06-01,2,2.5759125,1.7299652,0.82969666,3.8986206,25,64.39781,1.2925256,2.54846524589257,3.89862060546875,0.8296966552734375,1.7299652099609375,68.26423890657907,1.295089931472268,27,1.0,0.010655351883043297,<1 px
NGA,NG002014,2026-06-01,2,2.3773334,1.5869141,1.367569,3.8986206,27,64.188,1.0484744,2.345251442049372,3.89862060546875,1.3675689697265625,1.5869140625,58.348025135046555,1.0293530723969757,25,1.08,0.013494934261483038,1-4 px
NGA,NG002015,2026-06-01,2,1.9614697,1.5869141,1.5869141,3.3454895,16,31.383514,0.67501175,2.008166413496486,3.345489501953125,0.8907318115234375,1.5869140625,33.317624669389545,0.708740768465159,17,0.64,0.023807002217003895,<1 px
NGA,NG002016,2026-06-01,2,0.45681,0.41770935,0.3528595,0.7019043,28,12.79068,0.13036667,0.45601445895802184,0.701904296875,0.3528594970703125,0.4177093505859375,12.532090106454064,0.12773187171625747,27,1.12,0.0017415140692588907,1-4 px
NGA,NG002017,2026-06-01,2,0.5311966,0.5187988,0.1487732,0.9288788,38,20.18547,0.25396544,0.5574443236929888,0.9288787841796875,0.1010894775390625,0.518798828125,22.16120324543269,0.26121029675694335,40,1.52,0.04941244671556402,1-4 px
NGA,NG002018,2026-06-01,2,1.1549138,1.1825562,0.69236755,1.4724731,134,154.75845,0.18417357,1.158341014415565,1.47247314453125,0.6923675537109375,1.18255615234375,154.2252878540852,0.18414415655530633,133,5.36,0.0029675066793425856,4-16 px
NGA,NG002019,2026-06-01,2,6.710519,5.6972504,3.042221,12.94136,184,1234.7355,2.9753501,6.714991443171161,12.941360473632812,3.0422210693359375,5.6247711181640625,1228.6748069993926,2.988893657850145,183,7.36,0.000666482454063674,4-16 px
NGA,NG002020,2026-06-01,2,0.9403229,0.9403229,0.9403229,0.9403229,1,0.9403229,0.0,0.9403228759765625,0.9403228759765625,0.9403228759765625,0.9403228759765625,1.9663605474562473,0.0,2,0.04,2.554807232871933e-08,<1 px
NGA,NG002021,2026-06-01,2,0.84452474,0.77438354,0.68855286,1.455307,31,26.180267,0.14386201,0.848975547485079,1.4553070068359375,0.6885528564453125,0.774383544921875,26.01653986182839,0.15847365155627266,31,1.24,0.005270191948525958,1-4 px
NGA,NG003,2026-06-01,1,14.2333765,14.280319,7.3566437,23.45848,224,3188.2764,4.534232,14.175494652130004,23.458480834960938,7.3566436767578125,14.280319213867188,3115.638525053806,4.507080353743845,220,8.96,0.004066628032357361,4-16 px
NGA,NG003001,2026-06-01,2,12.3233795,12.3233795,12.3233795,12.3233795,7,86.26366,0.0,12.323379516601562,12.323379516601562,12.323379516601562,12.323379516601562,71.6170284270845,0.0,6,0.28,1.3471599078119757e-09,<1 px
NGA,NG003002,2026-06-01,2,23.05158,22.84813,22.84813,23.45848,3,69.15474,0.2877225,22.964787677189793,23.458480834960938,22.848129272460938,22.848129272460938,92.0208679752399,0.23998636671930595,4,0.12,0.0037651355269446986,<1 px
NGA,NG003003,2026-06-01,2,17.507553,15.026093,15.026093,22.470474,6,105.04532,3.5093153,17.94636991936948,22.470474243164062,15.026092529296875,15.026092529296875,97.23974333581964,3.634781914655545,5,0.24,0.025064434725371346,<1 px
NGA,NG003004,2026-06-01,2,17.927551,15.026093,14.644623,22.470474,5,89.63776,3.7118955,17.56775319194866,22.470474243164062,14.644622802734375,15.026092529296875,97.02373141209364,3.5517111101082826,6,0.2,0.020069545921321878,<1 px
NGA,NG003005,2026-06-01,2,11.945301,12.3233795,9.000778,14.280319,9,107.507706,1.6795629,11.877438496358405,14.280319213867188,9.000778198242188,12.323379516601562,112.05222193773068,1.7941307710393315,9,0.36,0.005681104531530503,<1 px
NGA,NG003006,2026-06-01,2,13.1931305,12.3233795,12.3233795,14.280319,9,118.738174,0.97241116,13.413133193853017,17.587661743164062,12.323379516601562,14.280319213867188,96.40681280552732,1.063748310831129,7,0.36,0.01667554898005571,<1 px
NGA,NG003007,2026-06-01,2,15.093994,16.94107,12.3233795,16.94107,5,75.46997,2.2621973,15.866701185296145,16.941070556640625,10.356903076171875,16.941070556640625,89.4378018173216,1.879027906514895,6,0.2,0.05119302321811875,<1 px
NGA,NG003008,2026-06-01,2,22.360022,22.470474,22.151947,22.84813,11,245.96024,0.21652697,22.377972287682745,22.848129272460938,22.151947021484375,22.470474243164062,177.53551683252766,0.20816916545817488,8,0.44,0.0008027848846814284,<1 px
NGA,NG003009,2026-06-01,2,12.691498,12.691498,10.356903,15.026093,6,76.14899,2.3345947,11.516006742093301,15.026092529296875,10.356903076171875,10.356903076171875,65.77084185117599,2.017065517935984,6,0.24,0.09262037136252142,<1 px
NGA,NG003010,2026-06-01,2,9.285768,9.000778,8.749008,12.3233795,12,111.429214,1.009169,9.282117058163127,12.323379516601562,8.749008178710938,9.000778198242188,101.80893346110054,1.0454370559237205,11,0.48,0.0003931760772907507,<1 px
NGA,NG003011,2026-06-01,2,14.280319,14.280319,14.280319,14.280319,5,71.401596,0.0,14.280319213867188,14.280319213867188,14.280319213867188,14.280319213867188,53.4111758433653,0.0,4,0.2,1.4976359216559487e-08,<1 px
NGA,NG003012,2026-06-01,2,9.475435,9.000778,9.000778,12.3233795,7,66.32805,1.1626682,9.399046271207563,12.323379516601562,9.000778198242188,9.000778198242188,80.53246098640443,1.0791981126520056,9,0.28,0.008061764846936933,<1 px
NGA,NG003013,2026-06-01,2,20.69807,22.84813,16.94107,23.45848,12,248.37685,2.9726832,20.924920328224783,23.458480834960938,16.941070556640625,22.848129272460938,228.9735616297861,2.916977055117396,11,0.48,0.010959974926395617,<1 px
NGA,NG003014,2026-06-01,2,9.000778,9.000778,9.000778,9.000778,5,45.00389,0.0,9.000778198242188,9.000778198242188,9.000778198242188,9.000778198242188,34.03367726519946,0.0,4,0.2,2.202500573956039e-08,<1 px
NGA,NG003015,2026-06-01,2,7.9046884,7.3566437,7.3566437,9.000778,12,94.85626,0.7750524,7.973426837108051,9.000778198242188,7.3566436767578125,7.3566436767578125,99.64241676409108,0.7950440786904632,12,0.48,0.00869590724259932,<1 px
NGA,NG003016,2026-06-01,2,9.208406,8.749008,8.749008,10.356903,7,64.45885,0.7263729,9.150131862954636,12.323379516601562,8.749008178710938,8.749008178710938,53.81103659236886,0.703579799847761,6,0.28,0.006328363133137736,<1 px
NGA,NG003017,2026-06-01,2,16.521454,14.644623,14.644623,22.151947,8,132.17163,3.2507668,17.197669943311258,22.151947021484375,14.644622802734375,14.644622802734375,135.37991943408656,3.556473383571916,8,0.32,0.04092956608487724,<1 px
NGA,NG003018,2026-06-01,2,18.758627,16.94107,16.94107,22.84813,13,243.86215,2.7263348,18.46915778610068,22.848129272460938,12.323379516601562,16.941070556640625,210.9028654256856,2.6009946309697782,11,0.52,0.015431258049926575,<1 px
NGA,NG003019,2026-06-01,2,15.026093,15.026093,15.026093,15.026093,4,60.10437,0.0,14.28825061107874,15.026092529296875,10.356903076171875,15.026092529296875,60.91009050894769,1.7031479695956606,4,0.16,0.04910407442049375,<1 px
NGA,NG003020,2026-06-01,2,11.9133,10.356903,10.356903,15.026093,3,35.7399,2.201077,12.72049075463942,16.941070556640625,10.356903076171875,12.323379516601562,54.20136382676688,2.173925462998898,4,0.12,0.06775542919589196,<1 px
NGA,NG003021,2026-06-01,2,15.026093,15.026093,15.026093,15.026093,7,105.18265,0.0,15.026092529296875,15.026092529296875,15.026092529296875,15.026092529296875,98.44565684034023,0.0,7,0.28,3.132571617104477e-08,<1 px
NGA,NG003022,2026-06-01,2,9.884517,10.3263855,9.000778,10.3263855,9,88.96065,0.6248973,9.88116949679927,10.326385498046875,9.000778198242188,10.326385498046875,75.71922518962992,0.6260705179744299,8,0.36,0.0003386612821578058,<1 px
NGA,NG003023,2026-06-01,2,13.798237,14.644623,10.686874,15.026093,8,110.385895,1.8039246,14.03633219146502,15.026092529296875,10.356903076171875,14.644622802734375,137.7954035582274,1.6655879453943943,10,0.32,0.017255479193828846,<1 px
NGA,NG003024,2026-06-01,2,19.800186,19.705772,16.94107,22.84813,4,79.200745,2.8622317,19.747039473149318,22.848129272460938,15.026092529296875,22.470474243164062,105.52159120003068,3.163925786067848,5,0.16,0.0026841428080868588,<1 px
NGA,NG003025,2026-06-01,2,14.644623,14.644623,14.644623,14.644623,2,29.289246,0.0,14.644622802734375,14.644622802734375,14.644622802734375,14.644622802734375,24.898075069756942,0.0,2,0.08,1.3470174293999073e-08,<1 px
NGA,NG003026,2026-06-01,2,16.317726,16.94107,12.3233795,17.587662,16,261.08362,1.9406948,15.960240697069137,17.587661743164062,12.323379516601562,16.941070556640625,283.34954649267274,2.1589086599805913,18,0.64,0.021907789291894172,<1 px
NGA,NG003027,2026-06-01,2,14.644623,14.644623,14.644623,14.644623,2,29.289246,0.0,14.644622802734375,14.644622802734375,14.644622802734375,14.644622802734375,28.021007549483556,0.0,2,0.08,1.3470174293999073e-08,<1 px
NGA,NG003028,2026-06-01,2,15.798296,16.94107,12.3233795,17.587662,7,110.58807,1.9854821,15.588148031411448,17.587661743164062,12.323379516601562,16.941070556640625,110.96899100433433,2.0135782081091413,7,0.28,0.013301938929904373,<1 px
NGA,NG003029,2026-06-01,2,10.356903,10.356903,10.356903,10.356903,11,113.925934,0.0,10.338755612075772,15.026092529296875,8.749008178710938,10.356903076171875,116.91327539626872,0.3062522938779193,11,0.44,0.0017522021712696016,<1 px
NGA,NG003030,2026-06-01,2,14.73999,14.644623,14.644623,15.026093,4,58.95996,0.16518123,14.679784831122593,15.026092529296875,14.644622802734375,14.644622802734375,55.4200775088276,0.11034890626672517,4,0.16,0.004084478271519037,<1 px
NGA,NG003031,2026-06-01,2,10.750198,10.356903,10.356903,12.3233795,5,53.75099,0.7865906,10.997778853685789,12.323379516601562,10.356903076171875,10.356903076171875,65.87358852563341,0.9217078471615102,6,0.2,0.023030352900085167,<1 px
NGA,NG004,2026-06-01,1,6.083538,5.350113,4.22287,9.4127655,154,936.86487,1.5826102,6.10237134759582,9.412765502929688,4.222869873046875,5.3501129150390625,958.4647028311022,1.6109344617429775,157,6.16,0.0030957886012745297,4-16 px
NGA,NG004001,2026-06-01,2,7.7323914,7.9021454,7.0533752,7.9021454,5,38.661957,0.33950806,7.72497369751688,7.9021453857421875,7.053375244140625,7.9021453857421875,43.78586922193506,0.3449467086292847,6,0.2,0.0009593025106204406,<1 px
NGA,NG004002,2026-06-01,2,5.0481796,4.8923492,4.6195984,5.350113,10,50.481796,0.2587957,5.039351803349416,5.3501129150390625,4.222869873046875,4.8923492431640625,42.637523233060584,0.27710582885889323,8,0.4,0.0017487089109475946,<1 px
NGA,NG004003,2026-06-01,2,4.4213,4.22287,4.22287,4.8923492,29,128.2177,0.27000642,4.4295601611078235,4.8923492431640625,4.222869873046875,4.222869873046875,138.13659689034807,0.2693909869585428,31,1.16,0.001868265240500284,1-4 px
NGA,NG004004,2026-06-01,2,7.9021454,7.9021454,7.9021454,7.9021454,3,23.706436,0.0,7.526728463389908,7.9021453857421875,5.3501129150390625,7.9021453857421875,24.780363381271542,0.9039570290152033,3,0.12,0.047508229424643604,<1 px
NGA,NG004005,2026-06-01,2,5.313492,5.350113,4.6195984,7.1754456,10,53.13492,0.7013831,5.337318055600748,7.175445556640625,4.619598388671875,5.3501129150390625,60.26673255071224,0.7235942729933712,11,0.4,0.004484067276425313,<1 px
NGA,NG004006,2026-06-01,2,5.6108747,5.350113,5.350113,7.1754456,7,39.276123,0.6387334,5.646738400707739,7.9021453857421875,5.3501129150390625,5.3501129150390625,32.00578522540853,0.6881790075689264,6,0.28,0.006391819925641705,<1 px
NGA,NG004007,2026-06-01,2,4.5869827,4.6195984,4.5108795,4.6195984,20,91.739655,0.049821246,4.587143968670464,5.626678466796875,4.222869873046875,4.619598388671875,88.56125635187672,0.09173048636561106,19,0.8,3.515789812417525e-05,<1 px
NGA,NG004008,2026-06-01,2,5.350113,5.350113,5.350113,5.350113,2,10.700226,0.0,5.3501129150390625,5.3501129150390625,5.3501129150390625,5.3501129150390625,9.332158789732148,0.0,2,0.08,1.5880213715225408e-08,<1 px
NGA,NG004009,2026-06-01,2,7.2956085,7.0934296,7.0934296,7.9021454,4,29.182434,0.35018423,7.261611821610877,7.9021453857421875,7.0934295654296875,7.0934295654296875,28.923385472445773,0.3282169708826502,4,0.16,0.004659882501798553,<1 px
NGA,NG004010,2026-06-01,2,5.955887,5.350113,4.8923492,7.0934296,5,29.779434,0.94372064,6.30217963640178,7.9021453857421875,4.8923492431640625,5.3501129150390625,27.26802595702793,1.2524836205098426,4,0.2,0.05814291580780163,<1 px
NGA,NG004011,2026-06-01,2,7.578659,7.9021454,7.0934296,7.9021454,5,37.893295,0.39618823,7.496722242749337,7.9021453857421875,7.0934295654296875,7.0934295654296875,32.15222487753522,0.4043565070391891,4,0.2,0.010811511278006156,<1 px
NGA,NG004012,2026-06-01,2,8.639336,9.20105,7.0934296,9.4127655,8,69.114685,0.81677794,8.638556937117354,9.412765502929688,7.0934295654296875,9.2010498046875,67.95072645253697,0.8990562869039548,8,0.32,9.017624533254482e-05,<1 px
NGA,NG004013,2026-06-01,2,5.350113,5.350113,5.350113,5.350113,2,10.700226,0.0,5.359075370128186,7.9021453857421875,5.3501129150390625,5.3501129150390625,17.066950555127967,0.15097069518100611,3,0.08,0.00167517398757472,<1 px
NGA,NG004014,2026-06-01,2,7.9021454,7.9021454,7.9021454,7.9021454,3,23.706436,0.0,7.899829560366868,7.9021453857421875,7.0934295654296875,7.9021453857421875,17.701851157088388,0.043214367644717123,2,0.12,0.0002930646698973926,<1 px
NGA,NG004015,2026-06-01,2,7.9021454,7.9021454,7.9021454,7.9021454,3,23.706436,0.0,7.9021453857421875,7.9021453857421875,7.9021453857421875,7.9021453857421875,39.81291227361794,0.0,5,0.12,1.8042964266706037e-09,<1 px
NGA,NG004016,2026-06-01,2,8.076985,7.0934296,7.0934296,9.20105,15,121.154785,1.0514657,8.149010877568358,9.2010498046875,4.8923492431640625,9.2010498046875,137.8159058304851,1.0606407087366791,17,0.6,0.008917421236805261,<1 px
NGA,NG004017,2026-06-01,2,4.8923492,4.8923492,4.8923492,4.8923492,1,4.8923492,0.0,4.8923492431640625,4.8923492431640625,4.8923492431640625,4.8923492431640625,6.014631840578488,0.0,1,0.04,8.822768118525235e-09,<1 px
NGA,NG004018,2026-06-01,2,,,,,0,0.0,,4.974778961033071,7.0934295654296875,4.8923492431640625,4.8923492431640625,1.6126132083321698,0.41789923616036534,0,0.0,,
NGA,NG004019,2026-06-01,2,7.2960854,7.1144104,7.0533752,7.9021454,12,87.553024,0.35343993,7.263173850302718,7.9021453857421875,5.3501129150390625,7.175445556640625,76.1832382089489,0.37996279156353885,10,0.48,0.004510850393456446,<1 px
NGA,NG004020,2026-06-01,2,7.0533752,7.0533752,7.0533752,7.0533752,6,42.32025,0.0,7.053375244140625,7.053375244140625,7.053375244140625,7.053375244140625,43.37770190119272,0.0,6,0.24,6.258085544216302e-09,<1 px
NGA,NG004021,2026-06-01,2,5.235672,5.350113,4.8923492,5.350113,4,20.942688,0.19821748,5.2275311246788085,5.3501129150390625,4.8923492431640625,5.3501129150390625,23.07825414504805,0.20269976598998865,4,0.16,0.0015548864255040356,<1 px
NGA,NG005,2026-06-01,1,0.9920157,0.95558167,0.2002716,3.8204193,1609,1596.1533,0.63690114,0.9975288787062412,4.4994354248046875,0.2002716064453125,0.9555816650390625,1600.4423269747936,0.6439021227537989,1604,64.36,0.005557551867617861,>64 px
NGA,NG005001,2026-06-01,2,0.8175029,0.6828308,0.3681183,1.6841888,201,164.31808,0.36986697,0.8192328186759537,1.6841888427734375,0.3681182861328125,0.682830810546875,162.48498924311684,0.3672234676476412,198,8.04,0.002116100965456665,4-16 px
NGA,NG005002,2026-06-01,2,1.1443146,1.1119843,0.8277893,1.3542175,121,138.46207,0.1732121,1.1423823284696935,1.354217529296875,0.827789306640625,1.1119842529296875,137.78181276045132,0.17219309998057877,121,4.84,0.0016885841798282627,4-16 px
NGA,NG005003,2026-06-01,2,1.5317422,1.66893,1.0757446,1.7337799,27,41.35704,0.25167096,1.5272277997444057,1.7337799072265625,1.07574462890625,1.6689300537109375,44.808756234715474,0.2464199349668063,29,1.08,0.0029472324099932435,1-4 px
NGA,NG005004,2026-06-01,2,0.4421234,0.37956238,0.3414154,0.54740906,35,15.474319,0.08148873,0.44747553582082056,0.5474090576171875,0.3414154052734375,0.4024505615234375,16.294926772708607,0.0818208891797701,36,1.4,0.012105524884728016,1-4 px
NGA,NG005005,2026-06-01,2,0.67601115,0.7247925,0.40245056,0.9498596,106,71.65718,0.15645413,0.6759501365678314,0.949859619140625,0.4024505615234375,0.72479248046875,68.30508951450875,0.15416774242523726,101,4.24,9.025506778782769e-05,4-16 px
NGA,NG005006,2026-06-01,2,1.0635853,1.0509491,1.0509491,1.3542175,24,25.526047,0.060601015,1.0912434301358096,1.7910003662109375,1.0509490966796875,1.0509490966796875,24.77948225207971,0.12869834632341823,23,0.96,0.02600461865711161,<1 px
NGA,NG005007,2026-06-01,2,0.3031701,0.29945374,0.20599365,0.37956238,97,29.407501,0.048887547,0.3024365541964725,0.3795623779296875,0.20599365234375,0.2994537353515625,29.492353388649306,0.04955122034899027,98,3.88,0.0024195849245275984,1-4 px
NGA,NG005008,2026-06-01,2,1.0938406,1.1119843,0.86021423,1.2111664,160,175.0145,0.1042109,1.0916056000767151,1.2111663818359375,0.7801055908203125,1.1119842529296875,176.470141898033,0.10598722018215484,162,6.4,0.002043259249368608,4-16 px
NGA,NG005009,2026-06-01,2,0.53126997,0.44059753,0.44059753,0.63705444,26,13.813019,0.097937405,0.5269519498425258,0.637054443359375,0.4405975341796875,0.4405975341796875,13.096169973891847,0.09750813551016631,25,1.04,0.008127732417238223,1-4 px
NGA,NG005010,2026-06-01,2,0.27905193,0.2822876,0.22506714,0.3414154,56,15.626907,0.029741185,0.2792538207962113,0.3414154052734375,0.225067138671875,0.28228759765625,15.32121898666361,0.029854114209456457,55,2.24,0.0007234882633182342,1-4 px
NGA,NG005011,2026-06-01,2,0.30018732,0.26130676,0.26130676,0.5531311,13,3.9024353,0.08126544,0.3051336232252657,0.553131103515625,0.2613067626953125,0.2613067626953125,3.870411669204543,0.08620962215828559,13,0.52,0.016477388935900877,<1 px
NGA,NG005012,2026-06-01,2,0.37525976,0.3414154,0.26130676,0.5264282,43,16.13617,0.094817676,0.37818156087154275,0.52642822265625,0.2613067626953125,0.3414154052734375,16.64053430958205,0.09592021318160901,44,1.72,0.0077860756281002705,1-4 px
NGA,NG005013,2026-06-01,2,0.8206302,0.82969666,0.6790161,0.9994507,73,59.906006,0.11484336,0.8204352192260989,1.1425018310546875,0.67901611328125,0.8296966552734375,61.47443136108044,0.1151345733381761,75,2.92,0.00023759882819462545,1-4 px
NGA,NG005014,2026-06-01,2,0.5913359,0.54740906,0.44059753,0.7247925,33,19.514084,0.097705595,0.5970953949612771,0.72479248046875,0.4405975341796875,0.5474090576171875,19.736289615224223,0.09540893864864977,33,1.32,0.00973980264224958,1-4 px
NGA,NG005015,2026-06-01,2,1.2655443,1.1444092,0.79345703,2.6454926,155,196.15936,0.46896672,1.2676186185284926,2.6454925537109375,0.79345703125,1.1444091796875,195.0007603429782,0.46993399894954924,154,6.2,0.001639072238318803,4-16 px
NGA,NG005016,2026-06-01,2,0.46424866,0.39100647,0.26130676,0.68092346,45,20.89119,0.12189296,0.4649967305548921,0.6809234619140625,0.2613067626953125,0.3910064697265625,21.121045884697764,0.12452013503112196,45,1.8,0.001611357488661619,1-4 px
NGA,NG005017,2026-06-01,2,1.5961128,1.66893,1.0509491,2.5901794,79,126.09291,0.20653634,1.588032772718165,2.590179443359375,1.0509490966796875,1.6689300537109375,128.51706494814152,0.2283954579144119,81,3.16,0.005062315947741977,1-4 px
NGA,NG005018,2026-06-01,2,1.8689663,1.6098022,0.99372864,3.8204193,227,424.25537,0.8450009,1.8883616342038858,4.4994354248046875,0.9937286376953125,1.60980224609375,428.9383556897342,0.8583148244350968,227,9.08,0.010377572995235777,4-16 px
NGA,NG005019,2026-06-01,2,0.9355545,0.85258484,0.85258484,1.0623932,24,22.453308,0.10032636,0.9290317159722485,1.071929931640625,0.6809234619140625,0.8525848388671875,20.262792051761735,0.10112178164398589,22,0.96,0.006972104808166083,<1 px
NGA,NG005020,2026-06-01,2,0.2529025,0.27275085,0.2002716,0.35476685,64,16.18576,0.0406498,0.2537202721443315,0.354766845703125,0.2002716064453125,0.2727508544921875,16.04569993816085,0.04114241297413308,63,2.56,0.003233547095546866,1-4 px
NGA,NG006,2026-06-01,1,11.841554,11.30867,9.698868,15.077591,294,3481.4167,1.2869356,11.999919518803765,15.310287475585938,9.698867797851562,11.468887329101562,3728.4609426625666,1.405918717994395,311,11.76,0.01337371081563824,4-16 px
NGA,NG006001,2026-06-01,2,13.181246,13.694763,12.468338,13.694763,13,171.3562,0.5653361,13.89413430359238,15.2435302734375,12.468338012695312,13.69476318359375,427.2109722859074,0.9291494508548773,31,0.52,0.054083529249995106,<1 px
NGA,NG006002,2026-06-01,2,11.631997,11.30867,10.559082,12.9470825,60,697.91986,0.7237373,11.636915059888718,12.94708251953125,10.55908203125,11.308670043945312,689.0395121315063,0.7213788139819116,59,2.4,0.00042280443235310003,1-4 px
NGA,NG006003,2026-06-01,2,10.534446,10.286331,10.286331,11.131287,12,126.413345,0.3650264,10.545690550794745,11.13128662109375,9.698867797851562,10.286331176757812,120.58341372276348,0.38107549821279996,11,0.48,0.0010674078916674413,<1 px
NGA,NG006004,2026-06-01,2,12.286085,12.468338,10.52475,12.809753,47,577.446,0.7864425,12.349002579416766,14.95361328125,10.524749755859375,12.468338012695312,564.77242367019,0.8868115566807964,46,1.88,0.005121043800101154,1-4 px
NGA,NG006005,2026-06-01,2,10.579014,10.772705,9.698868,10.772705,20,211.58028,0.324029,10.6194806341857,12.80975341796875,9.698867797851562,10.772705078125,234.81278613569634,0.3234311716573843,22,0.8,0.003825180133583323,<1 px
NGA,NG006006,2026-06-01,2,10.97636,11.119843,10.286331,11.468887,31,340.26718,0.29843354,10.967334461421562,11.468887329101562,10.286331176757812,11.119842529296875,339.43134427736334,0.2950199502771391,31,1.24,0.0008222706414911802,1-4 px
NGA,NG006007,2026-06-01,2,12.716554,12.908936,10.286331,15.077591,88,1119.0566,1.4366734,12.728906363747667,15.310287475585938,10.286331176757812,12.908935546875,1123.5006872804167,1.4160009556976267,88,3.52,0.0009713609321885923,1-4 px
NGA,NG006008,2026-06-01,2,10.320746,10.286331,9.698868,10.772705,23,237.37717,0.34670088,10.294809036210474,10.772705078125,9.698867797851562,10.286331176757812,229.10977621393158,0.33883923891614326,22,0.92,0.002513090021741272,<1 px
NGA,NG007,2026-06-01,1,2.4249196,2.1343231,0.8163452,10.20813,1030,2497.6672,1.3201234,2.425589983909506,10.2081298828125,0.6866455078125,2.1343231201171875,2501.620837992616,1.3206723808761813,1031,41.2,0.0002764561387956581,16-64 px
NGA,NG007001,2026-06-01,2,3.263229,3.3740997,2.7008057,4.020691,39,127.26593,0.35461488,3.2625281444102145,4.02069091796875,2.7008056640625,3.3740997314453125,126.71929145646743,0.346994140042622,39,1.56,0.00021477364591494726,1-4 px
NGA,NG007002,2026-06-01,2,1.7620722,1.6326904,1.253128,2.6893616,36,63.4346,0.48275506,1.7364877817492574,2.689361572265625,1.2531280517578125,1.5506744384765625,59.66748419885537,0.46915056087316553,34,1.44,0.014519506210212349,1-4 px
NGA,NG007003,2026-06-01,2,2.6168141,2.6454926,1.7147064,3.955841,28,73.2708,0.8770405,2.619392111217011,3.955841064453125,1.7147064208984375,2.6454925537109375,79.62076664966844,0.8304007112862514,30,1.12,0.000985171708227599,1-4 px
NGA,NG007004,2026-06-01,2,1.9724494,1.9721985,1.6307831,2.7866364,38,74.95308,0.3281959,1.9423153250365175,2.7866363525390625,1.6307830810546875,1.964569091796875,74.61627618391975,0.29465406511881037,38,1.52,0.01527748948261102,1-4 px
NGA,NG007005,2026-06-01,2,1.9373673,1.9721985,1.253128,2.2525787,65,125.92888,0.25970632,1.9491384421507383,2.2525787353515625,1.2531280517578125,1.972198486328125,121.30149014810686,0.2534618102686101,62,2.6,0.006075844343371681,1-4 px
NGA,NG007006,2026-06-01,2,1.2606959,1.241684,0.8163452,1.9645691,93,117.24472,0.18972859,1.2635470489535272,1.964569091796875,0.81634521484375,1.2416839599609375,118.64550859002065,0.18399670600901474,94,3.72,0.0022615675624289944,1-4 px
NGA,NG007007,2026-06-01,2,1.6567111,1.663208,1.253128,2.532959,64,106.02951,0.34189004,1.6587773250789413,2.7008056640625,1.2531280517578125,1.6632080078125,108.3806820451949,0.3501873581103266,65,2.56,0.001247184906856219,1-4 px
NGA,NG007008,2026-06-01,2,1.6353441,1.663208,1.2683868,2.6454926,46,75.22583,0.28843948,1.638129581149017,2.6454925537109375,1.2683868408203125,1.6632080078125,76.86693331008243,0.2917238288253454,47,1.84,0.001703299720845974,1-4 px
NGA,NG007009,2026-06-01,2,2.3278422,2.275467,1.8825531,3.6830902,87,202.52228,0.4100237,2.302330904782583,3.6830902099609375,1.6307830810546875,2.2754669189453125,202.94284888937585,0.3970774384068113,88,3.48,0.010959202998131495,1-4 px
NGA,NG007010,2026-06-01,2,2.3364017,2.42424,1.2683868,3.5915375,57,133.1749,0.38276425,2.3377650235073797,3.5915374755859375,1.2683868408203125,2.4242401123046875,128.93761096717247,0.36054305028090244,55,2.28,0.0005835141736883493,1-4 px
NGA,NG007011,2026-06-01,2,5.646113,5.563736,2.7866364,10.20813,74,417.81235,2.2829645,5.559309687892874,10.2081298828125,2.7866363525390625,5.2509307861328125,427.7558534795861,2.276439354032874,77,2.96,0.015373994836292803,1-4 px
NGA,NG007012,2026-06-01,2,1.5862076,1.6307831,1.2130737,1.9645691,54,85.65521,0.18129562,1.5794105134602003,1.964569091796875,0.81634521484375,1.6307830810546875,84.16698069165784,0.1785560989930315,53,2.16,0.004285117874734501,1-4 px
NGA,NG007013,2026-06-01,2,1.3513565,1.3713837,1.253128,1.3713837,28,37.837982,0.04306947,1.3524378105229893,1.468658447265625,1.155853271484375,1.3713836669921875,36.013985978611274,0.04619394838924923,27,1.12,0.0008001667383767417,1-4 px
NGA,NG007014,2026-06-01,2,2.6903152,2.7008057,2.532959,2.7008057,16,43.045044,0.04062921,2.6804691279883333,2.780914306640625,1.9989013671875,2.7008056640625,43.61112374162701,0.08905822387025215,16,0.64,0.003659820979960591,<1 px
NGA,NG007015,2026-06-01,2,3.9770226,3.686905,3.6392212,4.808426,19,75.56343,0.49706486,3.968206527209711,4.9896240234375,3.45611572265625,3.6869049072265625,78.30051502324409,0.5034365917858138,20,0.76,0.002216751996905747,<1 px
NGA,NG007016,2026-06-01,2,2.922694,2.7179718,2.7179718,3.6392212,18,52.60849,0.38299996,2.955922570400931,3.955841064453125,2.7179718017578125,2.7179718017578125,57.962009423828675,0.40848671980865514,20,0.72,0.011369158181092921,<1 px
NGA,NG007017,2026-06-01,2,2.9948308,3.1852722,2.532959,3.2978058,39,116.7984,0.31926903,2.977970567206169,3.2978057861328125,2.532958984375,3.185272216796875,115.99656296168436,0.323415014981658,39,1.56,0.005629778080895507,1-4 px
NGA,NG007018,2026-06-01,2,3.3123653,3.6392212,2.7179718,3.686905,30,99.37096,0.44305086,3.2942160586707145,3.6869049072265625,2.7179718017578125,3.63922119140625,99.70395910287588,0.444628848296627,30,1.2,0.005479239058954529,1-4 px
NGA,NG007019,2026-06-01,2,2.6580095,2.6454926,1.9989014,3.955841,48,127.58446,0.4573905,2.631829801627598,3.955841064453125,1.6632080078125,2.6454925537109375,117.50926760172308,0.43659781836025396,45,1.92,0.009849362228540598,1-4 px
NGA,NG007020,2026-06-01,2,1.5672048,1.5926361,1.253128,1.9645691,15,23.508072,0.2575525,1.5987467057957583,1.964569091796875,1.2531280517578125,1.5926361083984375,25.021494698052038,0.2626040720485346,16,0.6,0.020126218217145723,<1 px
NGA,NG007021,2026-06-01,2,1.6484665,1.5735626,1.2130737,2.1343231,59,97.25952,0.36172727,1.6178166342214721,2.37274169921875,0.6866455078125,1.5735626220703125,94.58854817461227,0.3822674941824215,58,2.36,0.018592956410414106,1-4 px
NGA,NG007022,2026-06-01,2,2.555018,2.544403,2.0961761,3.1871796,46,117.53082,0.27192807,2.557820712780451,3.1871795654296875,1.972198486328125,2.544403076171875,115.55900833819521,0.27095554999978483,45,1.84,0.0010969444365758196,1-4 px
NGA,NG007023,2026-06-01,2,3.3561952,3.5915375,2.544403,5.250931,31,104.04205,0.8670002,3.3667382089247,5.2509307861328125,2.544403076171875,3.5915374755859375,107.73263212762174,0.8884067597811189,32,1.24,0.003141357488592987,1-4 px
NGA,NG008,2026-06-01,1,0.3818026,0.32806396,0.02861023,1.367569,2401,916.708,0.23206508,0.3819653152347356,1.7299652099609375,0.0286102294921875,0.32806396484375,914.860207397386,0.23247006659134495,2395,96.04,0.0004261763401705483,>64 px
NGA,NG008001,2026-06-01,2,0.12681684,0.11253357,0.02861023,0.27275085,131,16.613007,0.055309027,0.1291439578694746,0.2727508544921875,0.0286102294921875,0.1125335693359375,16.885202639205232,0.05562805974395176,131,5.24,0.018350227536615967,4-16 px
NGA,NG008002,2026-06-01,2,0.8219044,0.8068085,0.4005432,1.367569,82,67.396164,0.23784423,0.8298724834907725,1.3675689697265625,0.400543212890625,0.8068084716796875,68.55676497679042,0.24520688346065872,83,3.28,0.009694659732655639,1-4 px
NGA,NG008003,2026-06-01,2,0.27000612,0.26130676,0.23269653,0.4081726,164,44.281006,0.03797048,0.27122617951384265,0.408172607421875,0.232696533203125,0.2613067626953125,45.1139738148143,0.03931454595049888,166,6.56,0.004518636517730156,4-16 px
NGA,NG008004,2026-06-01,2,0.25373188,0.28419495,0.10871887,0.39672852,35,8.880615,0.13241804,0.2530409770894845,0.396728515625,0.1087188720703125,0.2841949462890625,7.912650228281137,0.13407523454470008,31,1.4,0.0027229645345139327,1-4 px
NGA,NG008005,2026-06-01,2,0.7776508,0.8392334,0.28419495,1.0185242,108,83.98628,0.21848063,0.771190798462942,1.018524169921875,0.2841949462890625,0.8392333984375,83.7005747609254,0.22405361376463281,109,4.32,0.008307072450845478,4-16 px
NGA,NG008006,2026-06-01,2,0.8367157,0.7915497,0.6980896,0.99372864,50,41.835785,0.10101635,0.8318367928111663,0.9937286376953125,0.698089599609375,0.7915496826171875,41.80160735209881,0.09905821079811415,50,2.0,0.005831021443524556,1-4 px
NGA,NG008007,2026-06-01,2,0.67811733,0.6313324,0.34332275,0.99372864,191,129.52042,0.14735724,0.6766828637944138,0.9937286376953125,0.34332275390625,0.6313323974609375,130.45388977532824,0.14663868351792197,193,7.64,0.0021153657960432636,4-16 px
NGA,NG008008,2026-06-01,2,0.33130342,0.33950806,0.24414062,0.4081726,63,20.872116,0.043895513,0.33205035502215624,0.408172607421875,0.244140625,0.339508056640625,20.841217571287984,0.04384001348781004,63,2.52,0.0022545345959791947,1-4 px
NGA,NG008009,2026-06-01,2,0.29591453,0.33473969,0.1411438,0.3414154,90,26.632309,0.06699991,0.29618250146020414,0.3414154052734375,0.141143798828125,0.3376007080078125,25.858847829463016,0.067237219343814,87,3.6,0.0009055704706495167,1-4 px
NGA,NG008010,2026-06-01,2,0.23769751,0.22697449,0.1411438,0.333786,82,19.491196,0.06748667,0.23578552188162513,0.3337860107421875,0.141143798828125,0.2231597900390625,19.757695492295113,0.06756542300364914,84,3.28,0.008043786905360804,1-4 px
NGA,NG008011,2026-06-01,2,0.57792664,0.4234314,0.27275085,1.1768341,100,57.792664,0.2644364,0.5798080905137003,1.7299652099609375,0.2727508544921875,0.423431396484375,56.29224982501013,0.2625488208742729,97,4.0,0.003255517886665089,1-4 px
NGA,NG008012,2026-06-01,2,0.51053363,0.53215027,0.10108948,0.82969666,66,33.69522,0.2341317,0.5088694276374806,0.8392333984375,0.1010894775390625,0.400543212890625,33.83389178848173,0.23990271606671096,66,2.64,0.003259731121962342,1-4 px
NGA,NG008013,2026-06-01,2,0.32056612,0.3452301,0.2002716,0.35476685,29,9.296417,0.055207394,0.31855767608686975,0.354766845703125,0.1811981201171875,0.3452301025390625,8.916907704481503,0.05637471357794771,28,1.16,0.006265303124142578,1-4 px
NGA,NG008014,2026-06-01,2,0.3200488,0.289917,0.24795532,0.48828125,89,28.484344,0.06742355,0.3190313854311096,0.48828125,0.247955322265625,0.2899169921875,27.238388336514596,0.06492964053819848,85,3.56,0.003178935740082228,1-4 px
NGA,NG008015,2026-06-01,2,0.34220466,0.37765503,0.24414062,0.39482117,58,19.84787,0.048122406,0.33916342206196115,0.45013427734375,0.217437744140625,0.377655029296875,21.150798857760833,0.05462030926628495,62,2.32,0.008887190308977217,1-4 px
NGA,NG008016,2026-06-01,2,0.3388884,0.33569336,0.18119812,0.61416626,197,66.76102,0.08229205,0.3381615777087614,0.614166259765625,0.1811981201171875,0.335693359375,66.81522307058762,0.0812681748537785,198,7.88,0.002144724609159253,4-16 px
NGA,NG008017,2026-06-01,2,0.23848753,0.26893616,0.089645386,0.3643036,166,39.58893,0.08009603,0.23835177863594964,0.3643035888671875,0.0896453857421875,0.2689361572265625,39.049014308423224,0.08090599492915622,164,6.64,0.0005692178708478498,4-16 px
NGA,NG008018,2026-06-01,2,0.5290222,0.39672852,0.10108948,0.82969666,25,13.225555,0.28622988,0.5174792454348004,0.8296966552734375,0.1010894775390625,0.396728515625,12.773303674151748,0.2875133350462025,25,1.0,0.02181941431796171,<1 px
NGA,NG008019,2026-06-01,2,0.33522666,0.32806396,0.2002716,0.44059753,94,31.511307,0.07641493,0.3359592210834464,0.4405975341796875,0.2002716064453125,0.32806396484375,31.831457205133695,0.07634280333998952,95,3.76,0.002185270955020049,1-4 px
NGA,NG008020,2026-06-01,2,0.24412856,0.24795532,0.18119812,0.3414154,158,38.57231,0.04945926,0.24335666565145067,0.3414154052734375,0.1811981201171875,0.247955322265625,38.23340043962731,0.04915446285663004,157,6.32,0.0031618355040038066,4-16 px
NGA,NG008021,2026-06-01,2,0.29907227,0.29945374,0.20599365,0.3452301,5,1.4953613,0.05084292,0.3048134996337185,0.354766845703125,0.20599365234375,0.2994537353515625,1.414716899805768,0.04735001141521424,5,0.2,0.019196796927105735,<1 px
NGA,NG008022,2026-06-01,2,0.38131714,0.4081726,0.16593933,0.41389465,100,38.131714,0.050088644,0.38035626168155606,0.4138946533203125,0.1659393310546875,0.408172607421875,37.41515353215953,0.04841209981168903,98,4.0,0.002519892807451394,1-4 px
NGA,NG008023,2026-06-01,2,0.18308404,0.20599365,0.11062622,0.3376007,89,16.29448,0.06604743,0.18564106760370866,0.3376007080078125,0.1010894775390625,0.20599365234375,16.739046280478398,0.06904399977539016,90,3.56,0.013966414569553172,1-4 px
NGA,NG008024,2026-06-01,2,0.3070216,0.289917,0.2002716,0.41389465,62,19.03534,0.057886176,0.305749254216016,0.4138946533203125,0.1659393310546875,0.2899169921875,19.247457770177334,0.060675223853812826,63,2.48,0.004144157231882046,1-4 px
NGA,NG008025,2026-06-01,2,0.42251745,0.45013428,0.33950806,0.45013428,48,20.280838,0.032466948,0.41978602047029806,0.45013427734375,0.339508056640625,0.4100799560546875,20.136286441641005,0.033204822330455845,48,1.92,0.00646465496206596,1-4 px
NGA,NG008026,2026-06-01,2,0.22770809,0.23078918,0.17166138,0.35476685,78,17.76123,0.04293977,0.22916467554018644,0.354766845703125,0.171661376953125,0.2307891845703125,17.633924660032108,0.04279462705793597,77,3.12,0.006396722840134637,1-4 px
NGA,NG008027,2026-06-01,2,0.13183412,0.10871887,0.10108948,0.2002716,42,5.537033,0.039314836,0.13001326386400225,0.2002716064453125,0.1010894775390625,0.1087188720703125,5.256564710975908,0.038149572777583816,40,1.68,0.01381172139653794,1-4 px
NGA,NG009,2026-06-01,1,8.379212,8.935928,2.866745,15.712738,689,5773.2773,2.7754707,8.338452782821355,15.712738037109375,2.4242401123046875,8.935928344726562,5707.56497935847,2.766396505255733,684,27.56,0.004864325807563547,16-64 px
NGA,NG009001,2026-06-01,2,6.0178967,6.0577393,5.504608,6.521225,9,54.16107,0.47944474,5.977490468276871,6.5212249755859375,5.504608154296875,5.504608154296875,52.31378287469113,0.4993289058982381,9,0.36,0.006714344518929451,<1 px
NGA,NG009002,2026-06-01,2,10.308894,10.173798,7.7323914,12.203217,164,1690.6586,1.1780456,10.297398532108742,15.291213989257812,7.732391357421875,10.173797607421875,1690.0051676872251,1.207261212946531,164,6.56,0.0011151019586832704,4-16 px
NGA,NG009003,2026-06-01,2,13.144684,11.43074,10.686874,15.712738,25,328.6171,2.107748,13.139945056643256,15.712738037109375,10.686874389648438,11.430740356445312,340.00999863444406,2.0826584976727913,26,1.0,0.00036052166463214477,<1 px
NGA,NG009005,2026-06-01,2,,,,,0,0.0,,15.712738037109375,15.712738037109375,15.712738037109375,15.712738037109375,2.1506768166368317,0.0,0,0.0,,
NGA,NG009006,2026-06-01,2,3.7928495,3.5915375,2.866745,6.368637,11,41.721344,0.9097333,3.643006817452635,6.3686370849609375,2.8667449951171875,3.5915374755859375,37.51649083572062,0.7704470313025071,10,0.44,0.0395066249128432,<1 px
NGA,NG009007,2026-06-01,2,7.898694,7.850647,6.521225,9.178162,42,331.74515,1.0171936,7.875816350647461,9.17816162109375,6.5212249755859375,7.85064697265625,332.3550459407798,1.020642936308178,42,1.68,0.0028963838012384213,1-4 px
NGA,NG009008,2026-06-01,2,8.497874,9.281158,4.4784546,13.175964,96,815.7959,1.9226009,8.470557444135556,13.17596435546875,4.47845458984375,9.281158447265625,798.9737383045536,1.915097544684688,94,3.84,0.0032145164619342744,1-4 px
NGA,NG009009,2026-06-01,2,13.9222145,14.644623,10.686874,15.712738,8,111.377716,1.9181467,13.176913088373784,15.712738037109375,10.686874389648438,14.644622802734375,81.05071552542142,2.111717173275782,6,0.32,0.05353325159774094,<1 px
NGA,NG009010,2026-06-01,2,10.872841,10.686874,10.686874,11.43074,4,43.491364,0.3221034,10.942330143878474,11.430740356445312,10.686874389648438,10.686874389648438,49.089459368900634,0.3532240071469013,4,0.16,0.006391075145720827,<1 px
NGA,NG009011,2026-06-01,2,10.8582535,11.791229,9.679794,11.791229,27,293.17285,1.0431217,10.842856304264666,13.97705078125,9.679794311523438,11.791229248046875,287.76614690544375,1.0734762056580809,27,1.08,0.0014180177074824994,1-4 px
NGA,NG009012,2026-06-01,2,7.8361106,6.9084167,5.750656,11.791229,66,517.1833,1.7422858,7.775765187681959,11.791229248046875,4.47845458984375,6.908416748046875,499.96512388545966,1.727596673797806,64,2.64,0.007700939330545043,1-4 px
NGA,NG009013,2026-06-01,2,8.375931,8.270264,5.250931,13.599396,30,251.27792,1.9559394,8.58345387776469,13.599395751953125,5.2509307861328125,8.270263671875,263.4432257998587,1.9989274876600172,31,1.2,0.02477609686191186,1-4 px
NGA,NG009014,2026-06-01,2,6.8699603,6.9084167,4.7512054,9.901047,37,254.18854,1.2364577,6.78101440022544,9.901046752929688,4.7512054443359375,6.908416748046875,253.58654275322579,1.218627843672408,37,1.48,0.012947076240682144,1-4 px
NGA,NG009015,2026-06-01,2,6.1773934,6.368637,3.5915375,8.270264,15,92.660904,1.2478672,6.192678852108085,8.270263671875,3.5915374755859375,6.3686370849609375,94.73493942504518,1.2711785327410587,15,0.6,0.002474417787296116,<1 px
NGA,NG009016,2026-06-01,2,9.696595,9.178162,7.850647,14.644623,47,455.74,1.2601573,9.61445793879827,14.644622802734375,7.85064697265625,9.17816162109375,424.9110949221757,1.1375802306474634,44,1.88,0.008470711750024739,1-4 px
NGA,NG009017,2026-06-01,2,4.5169196,4.4784546,2.866745,6.368637,30,135.50758,0.9094587,4.65225368525725,6.8454742431640625,2.8667449951171875,4.47845458984375,138.86663869742134,0.9847359535748704,30,1.2,0.029961588259673794,1-4 px
NGA,NG009018,2026-06-01,2,7.2361174,7.7323914,5.504608,7.7323914,21,151.95847,0.732497,7.2075646546248615,7.732391357421875,5.504608154296875,7.732391357421875,155.13865221770118,0.7488846280039543,22,0.84,0.003945865413286254,<1 px
NGA,NG009019,2026-06-01,2,3.5792904,3.1852722,2.866745,5.750656,57,204.01955,0.84315497,3.52496075582582,5.7506561279296875,2.4242401123046875,3.185272216796875,205.68757780532465,0.7803571320062007,58,2.28,0.015178886902884518,1-4 px
NGA,NG010,2026-06-01,1,10.201922,10.560989,4.22287,11.762619,554,5651.865,1.5488706,10.175852010744233,11.762619018554688,4.222869873046875,10.560989379882812,5674.388886151949,1.5775619511420962,558,22.16,0.0025553997820966243,16-64 px
NGA,NG010001,2026-06-01,2,7.081713,7.7438354,5.8898926,7.7438354,14,99.14398,0.8883305,6.971820640628041,8.008956909179688,5.889892578125,7.74383544921875,92.18838665632222,0.914420180220902,13,0.56,0.01551776517517136,<1 px
NGA,NG010002,2026-06-01,2,8.462016,8.5811615,7.7438354,9.199142,30,253.86047,0.7021841,8.402002936282617,9.199142456054688,4.8923492431640625,7.74383544921875,239.00358224760998,0.7319694090411337,28,1.2,0.007092052735114542,1-4 px
NGA,NG010003,2026-06-01,2,11.327107,11.711121,10.559082,11.711121,3,33.981323,0.5430762,11.170280723921941,11.71112060546875,10.55908203125,11.119842529296875,46.909975800346615,0.5541280390741535,4,0.12,0.013845218914066829,<1 px
NGA,NG010004,2026-06-01,2,11.437078,11.526108,10.248184,11.711121,65,743.4101,0.33953923,11.450681486730083,11.71112060546875,10.248184204101562,11.526107788085938,722.4328625873467,0.3119860983084657,63,2.6,0.001189419774009026,1-4 px
NGA,NG010005,2026-06-01,2,10.560513,10.511398,10.032654,11.045456,12,126.72615,0.25342405,10.62855010321637,11.61956787109375,10.03265380859375,10.511398315429688,131.8112055852083,0.2985177444510084,12,0.48,0.00644259452323662,<1 px
NGA,NG010006,2026-06-01,2,10.411767,9.689331,9.689331,11.619568,17,177.00005,0.897524,10.337911012052185,11.61956787109375,9.061813354492188,9.6893310546875,181.38127711129215,0.892246280572827,18,0.68,0.007093511403762131,<1 px
NGA,NG010007,2026-06-01,2,8.088303,8.008957,8.008957,9.199142,15,121.32454,0.29688445,8.058137080591122,9.199142456054688,6.744384765625,8.008956909179688,123.18023458099958,0.2871765321093283,15,0.6,0.00372957336154174,<1 px
NGA,NG010008,2026-06-01,2,8.386959,8.008957,7.4062347,9.199142,11,92.256546,0.63658905,8.383909403104235,9.199142456054688,7.4062347412109375,8.008956909179688,119.35142746821725,0.6730347481531469,14,0.44,0.00036361175674803995,<1 px
NGA,NG010009,2026-06-01,2,10.828018,10.835648,10.560989,11.045456,17,184.07631,0.11830266,10.856360774665028,11.045455932617188,10.03265380859375,10.835647583007812,170.846707145067,0.12822996659574593,16,0.68,0.0026175404090598617,<1 px
NGA,NG010010,2026-06-01,2,10.974137,11.045456,10.559082,11.131287,23,252.40517,0.16691656,10.957599221548552,11.13128662109375,10.55908203125,10.835647583007812,246.66165642628357,0.16649665109447576,23,0.92,0.0015069775829706388,<1 px
NGA,NG010011,2026-06-01,2,9.568471,9.347916,7.0934296,11.131287,52,497.5605,1.0275844,9.648504717488581,11.13128662109375,7.0934295654296875,9.347915649414062,506.9853566984861,0.9842154777842728,53,2.08,0.00836431625163318,1-4 px
NGA,NG010012,2026-06-01,2,9.61113,9.347916,9.153366,10.032654,26,249.88937,0.39540654,9.595183197096379,10.835647583007812,9.153366088867188,9.347915649414062,257.5721644811457,0.40037248449096446,27,1.04,0.001659201665529495,1-4 px
NGA,NG010013,2026-06-01,2,11.522548,11.619568,10.511398,11.619568,15,172.83821,0.2765378,11.512918346779163,11.671066284179688,10.511398315429688,11.61956787109375,180.55805289587636,0.2811170208993212,16,0.6,0.0008357225520638103,<1 px
NGA,NG010014,2026-06-01,2,5.3162894,4.8923492,4.22287,7.7438354,15,79.74434,1.0473032,5.437697717539504,9.153366088867188,4.222869873046875,4.8923492431640625,90.69223300821952,1.1638434206209318,17,0.6,0.02283704072609453,<1 px
NGA,NG010015,2026-06-01,2,7.0581436,7.0934296,4.8923492,9.153366,8,56.46515,1.5069101,6.833090339126224,9.153366088867188,4.8923492431640625,7.0934295654296875,59.48851844763681,1.5338373559195668,9,0.32,0.03188561661932974,<1 px
NGA,NG010016,2026-06-01,2,10.802678,10.559082,10.559082,11.131287,7,75.618744,0.2813022,10.830949038391449,11.13128662109375,10.55908203125,10.55908203125,79.88055202456934,0.28465060082872234,7,0.28,0.0026170398110031976,<1 px
NGA,NG010017,2026-06-01,2,11.342458,11.619568,9.689331,11.671066,14,158.7944,0.67555904,11.379549678631719,11.671066284179688,9.6893310546875,11.61956787109375,159.4769927681483,0.6390939920797855,14,0.56,0.003270162308003974,<1 px
NGA,NG010018,2026-06-01,2,11.445999,11.445999,11.445999,11.445999,4,45.783997,0.0,11.428478198439773,11.445999145507812,11.045455932617188,11.445999145507812,61.85655578883065,0.08192016140949752,5,0.16,0.0015307358982145013,<1 px
NGA,NG010019,2026-06-01,2,10.763242,10.940552,10.032654,11.045456,26,279.8443,0.31826904,10.757735360057184,11.445999145507812,10.03265380859375,10.835647583007812,291.81157098916447,0.3415012913077381,27,1.04,0.000511615361135208,1-4 px
NGA,NG010020,2026-06-01,2,10.9872465,11.045456,10.559082,11.711121,27,296.65564,0.43722215,11.020517550817637,11.71112060546875,10.55908203125,11.045455932617188,276.9193430260941,0.4544276774274432,25,1.08,0.0030281518502053503,1-4 px
NGA,NG010021,2026-06-01,2,9.840305,10.032654,9.199142,10.032654,13,127.923965,0.3511792,9.803297341572259,10.511398315429688,9.199142456054688,10.03265380859375,130.8702413777882,0.3735180052679246,13,0.52,0.0037608243268619896,<1 px
NGA,NG010022,2026-06-01,2,11.445999,11.445999,11.445999,11.445999,4,45.783997,0.0,11.44686963273603,11.61956787109375,11.445999145507812,11.445999145507812,42.0179819087263,0.012260979195245025,4,0.16,7.606437288957647e-05,<1 px
NGA,NG010023,2026-06-01,2,10.749976,11.558533,9.275436,11.762619,60,644.99854,1.0127444,10.738392554791949,11.762619018554688,9.275436401367188,11.178970336914062,643.9228917243689,0.995062407488713,60,2.4,0.0010775321924487698,1-4 px
NGA,NG010024,2026-06-01,2,11.42931,11.445999,10.984421,11.671066,20,228.5862,0.2734109,11.439741777093081,11.671066284179688,10.984420776367188,11.445999145507812,218.77124010671878,0.2746704658618257,19,0.8,0.0009127215110170222,<1 px
NGA,NG010025,2026-06-01,2,10.842732,10.984421,10.139465,11.671066,56,607.193,0.59118277,10.839225917474504,11.671066284179688,9.420394897460938,10.984420776367188,599.7978601270049,0.5872325360512438,55,2.24,0.0003233578516462048,1-4 px
NGA,NG011,2026-06-01,1,4.7628503,4.673004,3.2978058,6.8187714,209,995.4357,0.8535665,4.767241136223067,6.8187713623046875,3.2978057861328125,4.673004150390625,987.866951724925,0.8494151209893831,207,8.36,0.0009218925530929841,4-16 px
NGA,NG011001,2026-06-01,2,4.7990084,4.7512054,4.673004,5.750656,16,76.784134,0.24757399,4.793275119450506,5.7506561279296875,4.673004150390625,4.7512054443359375,72.59812550355349,0.23965202444652262,15,0.64,0.001194680248839337,<1 px
NGA,NG011002,2026-06-01,2,5.8858395,5.504608,5.504608,6.521225,8,47.086716,0.4921675,5.926771689162176,6.5212249755859375,5.504608154296875,5.504608154296875,46.29386050991613,0.49951760173983917,8,0.32,0.006954350209885173,<1 px
NGA,NG011003,2026-06-01,2,6.0035386,6.3171387,5.5236816,6.521225,12,72.042465,0.40920478,6.084418833282455,6.5212249755859375,5.523681640625,6.317138671875,74.92890302458477,0.38560447482831656,12,0.48,0.013472093488739324,<1 px
NGA,NG011004,2026-06-01,2,3.9261713,3.9405823,3.2978058,4.7512054,18,70.67108,0.45196036,3.8666744890165714,4.7512054443359375,3.2978057861328125,3.940582275390625,63.99977092339526,0.42548114871987486,17,0.72,0.015153900947579294,<1 px
NGA,NG011005,2026-06-01,2,4.673004,4.673004,4.673004,4.673004,16,74.76807,0.0,4.672986725054543,4.673004150390625,3.940582275390625,4.673004150390625,63.15527908966171,0.0010749936942008882,14,0.64,3.696753834650238e-06,<1 px
NGA,NG011006,2026-06-01,2,5.029406,4.673004,4.673004,5.504608,7,35.20584,0.41153726,5.053400677536796,5.504608154296875,4.673004150390625,4.673004150390625,43.613312367085655,0.4142918743855843,9,0.28,0.004770877025397535,<1 px
NGA,NG011007,2026-06-01,2,5.49053,5.504608,4.7512054,6.0577393,21,115.30113,0.5658005,5.501681870524172,6.0577392578125,4.673004150390625,5.504608154296875,117.85049675507864,0.5579284759199419,21,0.84,0.002031110024746729,<1 px
NGA,NG011008,2026-06-01,2,4.2956214,4.020691,3.9405823,4.671097,21,90.20805,0.32560152,4.291189591841978,4.673004150390625,3.45611572265625,4.02069091796875,97.5294736415222,0.339347290271482,23,0.84,0.0010317036222097433,<1 px
NGA,NG011009,2026-06-01,2,6.1296983,6.0214996,5.5236816,6.8187714,11,67.42668,0.40597337,6.069916718656688,6.8187713623046875,5.523681640625,6.0214996337890625,52.879615994960716,0.43138706927324283,9,0.44,0.009752777121724284,<1 px
NGA,NG011010,2026-06-01,2,4.013697,4.0721893,3.2978058,4.7512054,33,132.45201,0.40186563,4.09998473221856,5.7506561279296875,3.2978057861328125,4.0721893310546875,145.32026470792658,0.4690102365101326,35,1.32,0.021498317441142174,1-4 px
NGA,NG011011,2026-06-01,2,5.5236816,5.5236816,5.5236816,5.5236816,9,49.713135,0.0,5.521514527236359,5.523681640625,5.504608154296875,5.523681640625,60.13584315169851,0.006052935416019503,11,0.36,0.0003923239825482476,<1 px
NGA,NG011012,2026-06-01,2,3.8403103,3.9405823,3.3740997,4.020691,21,80.646515,0.22733451,3.853815905724777,4.673004150390625,3.3740997314453125,3.940582275390625,75.92980577442177,0.25063569553099485,20,0.84,0.003516800641025513,<1 px
NGA,NG011013,2026-06-01,2,5.1956177,5.504608,4.671097,5.5236816,16,83.12988,0.40635088,5.13013636329993,5.523681640625,4.6710968017578125,5.504608154296875,73.63218477944855,0.4188769710216302,14,0.64,0.012603186085086615,<1 px
NGA,NG012,2026-06-01,1,7.0314884,6.7710876,4.22287,11.762619,638,4486.09,2.1707444,7.045700452996367,11.762619018554688,4.222869873046875,6.771087646484375,4497.435794789361,2.1783131743902793,638,25.52,0.002021201229083584,16-64 px
NGA,NG012001,2026-06-01,2,5.2254996,5.138397,4.966736,5.5065155,45,235.14748,0.16582651,5.230772674835123,5.5065155029296875,4.505157470703125,5.138397216796875,229.8878396435944,0.17191357506338031,44,1.8,0.001009104437616424,1-4 px
NGA,NG012002,2026-06-01,2,9.613673,10.219574,8.401871,10.219574,3,28.841019,0.8568735,9.401892035359095,10.219573974609375,7.4253082275390625,10.219573974609375,23.395356542055268,1.0370432681006796,2,0.12,0.02202914168610738,<1 px
NGA,NG012003,2026-06-01,2,5.3708553,5.174637,5.174637,6.744385,8,42.966843,0.5191453,5.340796104967507,6.744384765625,4.8656463623046875,5.1746368408203125,46.1217630189914,0.5083090873969068,9,0.32,0.005596724051100926,<1 px
NGA,NG012004,2026-06-01,2,4.974365,4.8656464,4.425049,5.174637,13,64.66675,0.21720596,4.964175242312487,5.1746368408203125,4.425048828125,4.8656463623046875,55.55348340990918,0.2164852337880162,11,0.52,0.0020484539609603018,<1 px
NGA,NG012005,2026-06-01,2,5.589442,5.8898926,4.22287,6.744385,44,245.93544,0.7598588,5.594880893546495,8.008956909179688,4.222869873046875,5.889892578125,238.88994210028437,0.7657047556875236,43,1.76,0.000973065566561974,1-4 px
NGA,NG012006,2026-06-01,2,5.846325,5.1994324,5.174637,6.7710876,19,111.08017,0.7745102,5.7915185305980605,6.771087646484375,5.1746368408203125,5.199432373046875,97.62255919625318,0.7644549745911671,17,0.76,0.009374516367451291,<1 px
NGA,NG012007,2026-06-01,2,4.5495467,4.425049,4.425049,4.951477,22,100.09003,0.19234772,4.535623446723444,4.95147705078125,4.2629241943359375,4.425048828125,98.39044421171562,0.18821122057813663,22,0.88,0.0030603605578013774,<1 px
NGA,NG012008,2026-06-01,2,4.9713755,4.951477,4.425049,5.7678223,37,183.94089,0.3542983,4.978254795624717,5.767822265625,4.425048828125,4.95147705078125,184.49490755774178,0.35138344108559205,37,1.48,0.0013837811335549346,1-4 px
NGA,NG012009,2026-06-01,2,4.673958,4.5051575,4.425049,5.174637,30,140.21873,0.2884328,4.693068088251013,5.1746368408203125,4.425048828125,4.505157470703125,144.21064187200017,0.29711606458258744,31,1.2,0.004088630717480372,1-4 px
NGA,NG012010,2026-06-01,2,6.744385,6.744385,6.744385,6.744385,9,60.699463,0.0,6.632768647141427,8.008956909179688,5.1746368408203125,6.744384765625,75.80712017101199,0.4485743582860448,11,0.36,0.01654952273017824,<1 px
NGA,NG012011,2026-06-01,2,9.557461,8.529663,7.425308,11.558533,29,277.16638,1.296547,9.567890524094565,11.55853271484375,7.4253082275390625,8.5296630859375,267.9952743747549,1.2812284253624042,28,1.16,0.0010912442221386331,1-4 px
NGA,NG012012,2026-06-01,2,10.410853,10.219574,10.219574,11.558533,7,72.87598,0.46853796,10.233873519194024,11.55853271484375,8.5296630859375,10.219573974609375,83.76152764419942,0.57141477394037,8,0.28,0.016999517792247735,<1 px
NGA,NG012013,2026-06-01,2,8.782909,9.061813,6.744385,10.511398,84,737.76434,1.0063019,8.82035250913128,10.511398315429688,6.744384765625,9.061813354492188,694.785473749025,1.0103031796686277,79,3.36,0.004263224078865078,1-4 px
NGA,NG012014,2026-06-01,2,8.1999235,7.425308,5.941391,11.762619,74,606.7944,1.8759125,8.331922805642654,11.762619018554688,5.9413909912109375,8.401870727539062,637.0093459709777,1.9231679372208028,76,2.96,0.016097626476960784,1-4 px
NGA,NG012015,2026-06-01,2,9.591428,9.637833,6.9179535,11.762619,88,844.04565,1.365291,9.521017272327974,11.762619018554688,6.30950927734375,9.637832641601562,862.9769495260398,1.389057737767293,91,3.52,0.007341005705513975,1-4 px
NGA,NG012016,2026-06-01,2,4.7531605,4.5051575,4.4441223,5.1994324,40,190.12642,0.35438222,4.752484274878075,5.2890777587890625,4.444122314453125,4.505157470703125,191.07339858119855,0.3549782346200328,40,1.6,0.00014226852258092282,1-4 px
NGA,NG012017,2026-06-01,2,4.990816,5.1994324,4.4441223,5.941391,24,119.77959,0.46567237,5.022001613209748,5.9413909912109375,4.444122314453125,5.199432373046875,121.60650873340728,0.4939296659717337,24,0.96,0.0062486000705593145,<1 px
NGA,NG012018,2026-06-01,2,6.8379064,6.7710876,5.1994324,8.529663,62,423.9502,0.9248117,6.816300461656395,8.5296630859375,5.199432373046875,6.771087646484375,443.85325295355216,0.9455719267364013,65,2.48,0.003159730051818886,1-4 px
NGA,NG013,2026-06-01,1,5.8474917,5.777359,4.9362183,7.7648163,191,1116.8708,0.69672847,5.867058425485343,7.7648162841796875,4.93621826171875,5.7773590087890625,1106.8410435347757,0.6993489219907294,189,7.64,0.00334617413571414,4-16 px
NGA,NG013001,2026-06-01,2,5.623182,5.48172,5.48172,5.821228,12,67.47818,0.16737972,5.599657260051267,6.443023681640625,4.93621826171875,5.481719970703125,66.2785664039961,0.21031965002555364,12,0.48,0.004183528107170035,<1 px
NGA,NG013002,2026-06-01,2,5.1990747,4.9362183,4.9362183,5.777359,16,83.185196,0.38987917,5.223902298819603,5.82122802734375,4.93621826171875,4.93621826171875,74.39820247010232,0.39740549788984947,14,0.64,0.004775387978095977,<1 px
NGA,NG013003,2026-06-01,2,6.544749,6.565094,6.4430237,6.565094,6,39.268494,0.04549292,6.542349052771205,6.565093994140625,5.9833526611328125,6.565093994140625,49.37748065139136,0.06926854728831174,8,0.24,0.00036669813140205074,<1 px
NGA,NG013004,2026-06-01,2,5.7653427,5.7640076,5.7640076,5.777359,10,57.653427,0.004005432,5.766202867471089,5.7773590087890625,5.0945281982421875,5.764007568359375,59.45017481056094,0.013748956511471492,10,0.4,0.00014919624311124773,<1 px
NGA,NG013005,2026-06-01,2,6.2682414,6.4430237,5.48172,6.4430237,11,68.95065,0.37076965,6.3410247558997614,6.565093994140625,5.481719970703125,6.443023681640625,69.8258383421857,0.2971569601011008,11,0.44,0.011611447494629272,<1 px
NGA,NG013006,2026-06-01,2,6.5302167,6.565094,6.4430237,6.565094,14,91.423035,0.055145744,6.545166783709714,7.7648162841796875,6.443023681640625,6.565093994140625,80.28633904331173,0.16240565856856087,12,0.56,0.0022893702301967443,<1 px
NGA,NG013007,2026-06-01,2,5.141667,4.9362183,4.9362183,6.374359,7,35.99167,0.50324446,5.21478614986383,6.374359130859375,4.93621826171875,4.93621826171875,42.70508533181783,0.56834830558912,8,0.28,0.014220903427590692,<1 px
NGA,NG013008,2026-06-01,2,6.0335793,5.821228,5.821228,6.4582825,9,54.302216,0.30031034,6.145173815537198,7.7648162841796875,5.82122802734375,5.82122802734375,46.54199708218343,0.49693906212897326,8,0.36,0.01849557451531266,<1 px
NGA,NG013009,2026-06-01,2,7.064978,6.565094,6.565094,7.7648163,12,84.77974,0.5914711,6.944797917711224,7.7648162841796875,5.82122802734375,6.565093994140625,85.83038703620926,0.6272864889357762,12,0.48,0.01701068032890919,<1 px
NGA,NG013010,2026-06-01,2,5.48172,5.48172,5.48172,5.48172,8,43.85376,0.0,5.539614253855079,6.443023681640625,5.481719970703125,5.481719970703125,43.06978843757747,0.22869683254116532,8,0.32,0.010561329994067425,<1 px
NGA,NG013011,2026-06-01,2,5.332258,4.966736,4.966736,5.777359,36,191.96129,0.3992904,5.369388289372806,6.458282470703125,4.96673583984375,5.1555633544921875,188.47448510284082,0.41320420891694415,35,1.44,0.006963333239465541,1-4 px
NGA,NG013012,2026-06-01,2,6.4582825,6.4582825,6.4582825,6.4582825,3,19.374847,0.0,6.458282470703125,6.458282470703125,6.458282470703125,6.458282470703125,20.056713273675086,0.0,3,0.12,4.536326050784725e-09,<1 px
NGA,NG013013,2026-06-01,2,5.816841,5.821228,5.777359,5.821228,10,58.16841,0.013160706,5.861052152679416,6.565093994140625,5.481719970703125,5.82122802734375,62.820520874573575,0.1735770799663476,11,0.4,0.007600543435761018,<1 px
NGA,NG013014,2026-06-01,2,5.502973,5.48172,4.9362183,6.374359,14,77.041626,0.5955986,5.485035537567536,7.129669189453125,4.93621826171875,5.481719970703125,74.3719222978001,0.6585271957830658,14,0.56,0.003259594846724443,<1 px
NGA,NG013015,2026-06-01,2,7.0182257,6.4582825,6.4582825,7.7648163,7,49.12758,0.64656657,7.070122952845736,7.7648162841796875,6.458282470703125,6.458282470703125,45.734134707942076,0.6519520709259397,6,0.28,0.007394640050652084,<1 px
NGA,NG013016,2026-06-01,2,5.8944225,5.821228,4.966736,6.4582825,16,94.31076,0.53289485,5.884361741958313,6.458282470703125,4.96673583984375,5.82122802734375,97.61940504340316,0.529280429680889,17,0.64,0.0017068267572756073,<1 px
NGA,NG014,2026-06-01,1,5.2523384,5.1460266,3.4561157,7.1754456,248,1302.5798,1.019048,5.239304535045364,7.175445556640625,3.3740997314453125,4.9457550048828125,1308.4072214561538,1.0176636286393839,250,9.92,0.0024815356441306195,4-16 px
NGA,NG014001,2026-06-01,2,5.749042,5.5236816,5.4950714,6.0214996,13,74.73755,0.25242478,5.752222396961979,6.0214996337890625,4.6710968017578125,5.523681640625,69.45621050025164,0.2777134321129027,12,0.52,0.0005532046838374741,<1 px
NGA,NG014002,2026-06-01,2,5.7056427,5.4950714,5.4950714,6.0214996,15,85.58464,0.2578961,5.718583650502241,7.175445556640625,5.4950714111328125,5.4950714111328125,82.5240363575841,0.26638057666061027,14,0.6,0.0022680968968212586,<1 px
NGA,NG014003,2026-06-01,2,4.714489,4.945755,4.020691,4.945755,12,56.573868,0.4005645,4.804493098257875,4.9457550048828125,4.02069091796875,4.9457550048828125,61.59358033865914,0.3135436916714199,13,0.48,0.01909095519320848,<1 px
NGA,NG014004,2026-06-01,2,4.945755,4.945755,4.945755,4.945755,4,19.78302,0.0,4.939283547880683,4.9457550048828125,4.02069091796875,4.9457550048828125,15.071141360833984,0.07710144425980828,3,0.16,0.001308486190544706,<1 px
NGA,NG014005,2026-06-01,2,4.945755,4.945755,4.945755,4.945755,2,9.89151,0.0,5.008272784007974,5.4950714111328125,4.9457550048828125,4.9457550048828125,12.328657558935419,0.17445219703122788,2,0.08,0.01264069570934545,<1 px
NGA,NG014006,2026-06-01,2,6.5452404,6.5021515,4.6195984,7.1754456,22,143.99529,0.6815904,6.5198428839765645,7.175445556640625,4.619598388671875,6.5021514892578125,136.04775647341194,0.7177585253513533,21,0.88,0.003880303009716103,<1 px
NGA,NG014007,2026-06-01,2,4.8576355,4.5280457,4.5280457,5.6266785,10,48.576355,0.50345683,4.8348160430034115,5.626678466796875,4.528045654296875,4.528045654296875,52.82356414264555,0.4851427974822774,11,0.4,0.004697647033538904,<1 px
NGA,NG014008,2026-06-01,2,4.808426,4.808426,4.808426,4.808426,10,48.08426,0.0,4.813671604242747,5.146026611328125,4.8084259033203125,4.8084259033203125,47.90388054924932,0.04175446044727796,10,0.4,0.0010909191994941574,<1 px
NGA,NG014009,2026-06-01,2,4.9772263,4.9772263,4.808426,5.1460266,4,19.908905,0.16880035,4.98139877814488,5.146026611328125,4.528045654296875,5.146026611328125,27.740988552182877,0.17135474715413998,6,0.16,0.0008383139309698967,<1 px
NGA,NG014010,2026-06-01,2,3.685815,3.4561157,3.4561157,4.5280457,28,103.20282,0.4398406,3.6607436353099283,4.9457550048828125,3.3740997314453125,3.45611572265625,101.28757833532467,0.4058302468184791,28,1.12,0.006802122377295535,1-4 px
NGA,NG014011,2026-06-01,2,4.6252375,4.671097,4.020691,5.5236816,23,106.38046,0.5428784,4.633372576425633,5.523681640625,4.02069091796875,4.6710968017578125,115.1378800368752,0.5592368396316479,25,0.92,0.0017588451243061916,<1 px
NGA,NG014012,2026-06-01,2,5.385208,5.4950714,4.945755,5.4950714,10,53.85208,0.21972656,5.415147789699767,5.4950714111328125,4.9457550048828125,5.4950714111328125,45.123456616913415,0.19368936789899796,8,0.4,0.00555963478100876,<1 px
NGA,NG014013,2026-06-01,2,4.994543,5.1460266,4.5280457,5.6266785,19,94.89632,0.45238027,4.959325319177173,5.626678466796875,4.528045654296875,4.8084259033203125,90.28347472961329,0.45741179927883935,18,0.76,0.007051231879038149,<1 px
NGA,NG014014,2026-06-01,2,7.1378856,7.1754456,7.0533752,7.1754456,13,92.79251,0.056340143,7.063565161055765,7.175445556640625,5.4950714111328125,7.175445556640625,94.96228743537394,0.31493357688555423,13,0.52,0.010412108446265222,<1 px
NGA,NG014015,2026-06-01,2,4.533556,4.5280457,3.4561157,4.808426,9,40.802002,0.40321112,4.476650221723254,4.8084259033203125,3.45611572265625,4.528045654296875,37.640553073092775,0.4644559895399637,8,0.36,0.012552128677079472,<1 px
NGA,NG014016,2026-06-01,2,5.9879165,6.5021515,4.945755,7.1754456,28,167.66167,0.8043585,6.01802006768241,7.175445556640625,4.528045654296875,6.5021514892578125,175.31153712994075,0.7904495983927979,29,1.12,0.005027386016890844,1-4 px
NGA,NG014017,2026-06-01,2,5.225255,5.6266785,4.5108795,6.5021515,26,135.85663,0.5739706,5.198898230455671,6.5021514892578125,4.5108795166015625,5.626678466796875,143.17062456026264,0.5850180764634743,28,1.04,0.0050441116355715715,1-4 px
NGA,NG015,2026-06-01,1,2.8011987,2.99263,1.4953613,5.470276,241,675.08887,0.71066153,2.80999308190564,5.47027587890625,1.495361328125,2.9926300048828125,682.5156269506749,0.7047106660737418,243,9.64,0.003139506635370054,4-16 px
NGA,NG015001,2026-06-01,2,2.244243,1.991272,1.914978,3.1108856,27,60.59456,0.382697,2.2517514587702547,3.1108856201171875,1.495361328125,1.99127197265625,61.588561088399274,0.44777629566413363,27,1.08,0.0033456531980960817,1-4 px
NGA,NG015002,2026-06-01,2,2.992738,3.030777,2.4814606,3.3187866,53,158.61511,0.3147583,2.988489843740824,4.0912628173828125,1.7261505126953125,3.0307769775390625,169.3084324605909,0.3333780049404242,57,2.12,0.0014194881941473976,1-4 px
NGA,NG015003,2026-06-01,2,3.9699779,4.091263,3.3187866,5.470276,34,134.97925,0.38950866,3.9531665715861304,5.47027587890625,3.0307769775390625,4.0912628173828125,136.0917109832549,0.400171194232785,34,1.36,0.00423461511306387,1-4 px
NGA,NG015004,2026-06-01,2,1.9373758,1.7261505,1.4953613,3.3187866,35,67.80815,0.6293949,1.926597758261765,3.31878662109375,1.495361328125,1.7261505126953125,63.44663677051443,0.6142868378547757,33,1.4,0.005563216872139646,1-4 px
NGA,NG015005,2026-06-01,2,2.9185426,2.99263,2.4814606,3.3016205,51,148.84567,0.18445557,2.9028065244304666,3.3016204833984375,1.7261505126953125,2.9926300048828125,146.1775085799033,0.2044290304920279,50,2.04,0.0053917580540141065,1-4 px
NGA,NG015006,2026-06-01,2,2.5425887,2.626419,1.7261505,3.1108856,41,104.24614,0.36374357,2.5724194581938344,3.3016204833984375,1.7261505126953125,2.6264190673828125,105.90277944153152,0.34929057553644277,41,1.64,0.011732435605426236,1-4 px
NGA,NG016,2026-06-01,1,0.5336741,0.45585632,0.10871887,1.2454987,572,305.2616,0.28876895,0.5334997771678377,1.2454986572265625,0.1087188720703125,0.4558563232421875,307.02840311409227,0.28855577641232183,575,22.88,0.0003266466035401447,16-64 px
NGA,NG016001,2026-06-01,2,0.5705563,0.45204163,0.18882751,0.92697144,81,46.215057,0.2443368,0.5693318490783424,0.9517669677734375,0.1888275146484375,0.4520416259765625,46.07222795804944,0.2467757671347753,81,3.24,0.002146065027513624,1-4 px
NGA,NG016002,2026-06-01,2,0.2886934,0.35095215,0.13923645,0.4825592,53,15.300751,0.13074711,0.2896994963042294,0.4825592041015625,0.1392364501953125,0.3509521484375,15.320452984065453,0.13181216378115349,53,2.12,0.0034849993253376465,1-4 px
NGA,NG016003,2026-06-01,2,0.30899048,0.3681183,0.20980835,0.45204163,25,7.724762,0.07907013,0.3075528011175302,0.4520416259765625,0.209808349609375,0.3681182861328125,7.721853870634732,0.07896680775599746,25,1.0,0.004652825816736545,<1 px
NGA,NG016004,2026-06-01,2,0.81096995,0.74768066,0.4348755,1.2454987,121,98.127365,0.21523145,0.8205440511808599,1.2454986572265625,0.43487548828125,0.7476806640625,100.18959831228358,0.22022517284277876,122,4.84,0.011805740990600062,4-16 px
NGA,NG016005,2026-06-01,2,0.6190709,0.7429123,0.29563904,1.2454987,56,34.66797,0.25829434,0.5957788689432716,1.2454986572265625,0.2956390380859375,0.4558563232421875,31.37038154847893,0.24363848376191227,53,2.24,0.03762417367175293,1-4 px
NGA,NG016006,2026-06-01,2,0.42533875,0.42533875,0.42533875,0.42533875,1,0.42533875,0.0,0.43743963692345655,0.926971435546875,0.4253387451171875,0.4253387451171875,0.6526674172779856,0.07696604011426254,1,0.04,0.028449998791449327,<1 px
NGA,NG016007,2026-06-01,2,0.31767392,0.24604797,0.18882751,0.4825592,38,12.0716095,0.13436477,0.31506423283541174,0.4825592041015625,0.1888275146484375,0.2460479736328125,11.978408239328962,0.1335361492244657,38,1.52,0.008214987130792037,1-4 px
NGA,NG016008,2026-06-01,2,0.781468,0.75149536,0.31280518,1.2454987,56,43.762207,0.24235868,0.7700481873007398,1.2454986572265625,0.31280517578125,0.751495361328125,43.71500036679521,0.24321525819423367,57,2.24,0.01461328256468632,1-4 px
NGA,NG016009,2026-06-01,2,0.45791626,0.45585632,0.29945374,0.77819824,50,22.895813,0.1394207,0.4691502919009573,0.7781982421875,0.2956390380859375,0.4558563232421875,24.50076548901059,0.14487561160988532,52,2.0,0.02453293949631159,1-4 px
NGA,NG016010,2026-06-01,2,0.29330784,0.24604797,0.20980835,0.6084442,27,7.9193115,0.12289573,0.3132272070521914,0.6084442138671875,0.209808349609375,0.2880096435546875,8.95700717676298,0.1363092307612438,29,1.08,0.06791283537525435,1-4 px
NGA,NG016011,2026-06-01,2,0.25236607,0.18882751,0.10871887,0.42533875,64,16.151428,0.1048049,0.25568427470171734,0.751495361328125,0.1087188720703125,0.1888275146484375,16.55004067870891,0.11101709523664886,65,2.56,0.013148378867719192,1-4 px
NGA,NG017,2026-06-01,1,9.745163,10.019302,6.8187714,11.362076,169,1646.9326,1.1504266,9.713095455795756,11.362075805664062,6.0214996337890625,10.019302368164062,1608.8670343296308,1.1748199450062033,166,6.76,0.00329061137348282,4-16 px
NGA,NG017001,2026-06-01,2,10.243098,10.019302,10.019302,11.362076,6,61.458588,0.5004221,10.250580267880357,11.362075805664062,10.019302368164062,10.019302368164062,58.9518772940778,0.5070151413149803,6,0.24,0.0007304692272159693,<1 px
NGA,NG017002,2026-06-01,2,10.019302,10.019302,10.019302,10.019302,4,40.07721,0.0,10.019302368164062,10.019302368164062,10.019302368164062,10.019302368164062,37.255113291934094,0.0,4,0.16,3.674548015337999e-08,<1 px
NGA,NG017003,2026-06-01,2,8.02803,8.02803,8.02803,8.02803,5,40.140152,0.0,8.180214095527587,10.019302368164062,8.028030395507812,8.028030395507812,46.55447857055961,0.529036159437891,6,0.2,0.018956592778999047,<1 px
NGA,NG017004,2026-06-01,2,10.019302,10.019302,10.019302,10.019302,4,40.07721,0.0,9.963475262267478,10.019302368164062,8.115768432617188,10.019302368164062,39.16417489722157,0.3211730450158133,4,0.16,0.005571918855477347,<1 px
NGA,NG017005,2026-06-01,2,7.5878143,7.9021454,7.0533752,8.02803,5,37.93907,0.43878207,7.852213449614982,9.412765502929688,7.053375244140625,7.9021453857421875,46.727590608952596,0.746846662027512,6,0.2,0.034845231994539164,<1 px
NGA,NG017006,2026-06-01,2,8.720398,8.720398,8.02803,9.4127655,4,34.88159,0.69236755,8.586095174248337,9.412765502929688,8.028030395507812,8.028030395507812,29.20762411662281,0.6792168976600291,3,0.16,0.015400997265453083,<1 px
NGA,NG017007,2026-06-01,2,7.74765,8.02803,6.8187714,8.115768,4,30.9906,0.5374833,7.98256152695426,10.019302368164062,6.8187713623046875,8.028030395507812,28.260414419278845,1.0311488356005198,4,0.16,0.030320358683505334,<1 px
NGA,NG017008,2026-06-01,2,10.177885,10.019302,10.019302,10.574341,7,71.24519,0.25074083,10.104219661665857,10.5743408203125,8.028030395507812,10.019302368164062,59.754017011582825,0.4216446318740446,6,0.28,0.007237784503769007,<1 px
NGA,NG017009,2026-06-01,2,8.02803,8.02803,8.02803,8.02803,4,32.11212,0.0,8.300396300169593,10.019302368164062,8.028030395507812,8.028030395507812,41.600014507814365,0.619337118750097,5,0.16,0.03392691608895258,<1 px
NGA,NG017010,2026-06-01,2,9.4127655,9.4127655,9.4127655,9.4127655,2,18.825531,0.0,9.412765502929688,9.412765502929688,9.412765502929688,9.412765502929688,16.165409762791683,0.0,2,0.08,3.1124611735489774e-10,<1 px
NGA,NG017011,2026-06-01,2,10.4084015,10.574341,9.4127655,10.574341,7,72.85881,0.4064667,10.30058344295362,10.5743408203125,9.412765502929688,10.5743408203125,67.25622790852981,0.4929976783242646,7,0.28,0.010358752690927616,<1 px
NGA,NG017012,2026-06-01,2,11.0022545,11.163712,10.019302,11.362076,20,220.04509,0.46821904,11.034920403137827,11.362075805664062,10.019302368164062,11.362075805664062,195.23749079723984,0.4578349599672641,18,0.8,0.002969019044035689,<1 px
NGA,NG017013,2026-06-01,2,9.4127655,9.4127655,9.4127655,9.4127655,3,28.238297,0.0,9.412765502929688,9.412765502929688,9.412765502929688,9.412765502929688,24.115312770689457,0.0,3,0.12,3.1124611735489774e-10,<1 px
NGA,NG017014,2026-06-01,2,9.4127655,9.4127655,9.4127655,9.4127655,1,9.4127655,0.0,9.089437191271648,9.412765502929688,8.028030395507812,9.412765502929688,10.402113662966173,0.5858181178972626,1,0.04,0.034349980218709705,<1 px
NGA,NG017015,2026-06-01,2,8.489609,8.02803,8.02803,9.4127655,3,25.468826,0.6527704,8.657060076677807,9.412765502929688,8.028030395507812,8.028030395507812,19.68788960500234,0.6894643887349478,2,0.12,0.019724238969993438,<1 px
NGA,NG017016,2026-06-01,2,9.384791,10.019302,8.115768,10.019302,3,28.154373,0.8973345,9.362565384076657,10.019302368164062,8.115768432617188,10.019302368164062,26.415690362213695,0.9048854456067152,3,0.12,0.0023682590185911605,<1 px
NGA,NG017017,2026-06-01,2,9.524272,9.20105,9.20105,10.574341,13,123.81554,0.5550506,9.597133048828193,10.5743408203125,9.2010498046875,9.2010498046875,132.31677515719298,0.594991353831611,14,0.52,0.007650038641083819,<1 px
NGA,NG017018,2026-06-01,2,10.59686,10.444641,10.444641,10.965347,31,328.50266,0.20467825,10.607910968868925,10.965347290039062,10.44464111328125,10.44464111328125,310.16972565112155,0.20666962955557566,29,1.24,0.001042853153568655,1-4 px
NGA,NG017019,2026-06-01,2,7.7031455,8.02803,7.0533752,8.02803,9,69.32831,0.45945683,7.601521508877616,8.028030395507812,6.0214996337890625,8.028030395507812,76.1907024426911,0.5672966958854934,10,0.36,0.013192531690123754,<1 px
NGA,NG017020,2026-06-01,2,9.4127655,9.4127655,9.4127655,9.4127655,4,37.651062,0.0,9.326343811598804,9.412765502929688,7.9021453857421875,9.412765502929688,37.377623401324556,0.3508299256809659,4,0.16,0.009181328101841803,<1 px
NGA,NG017021,2026-06-01,2,8.909225,9.4127655,7.9021454,9.4127655,3,26.727676,0.71211314,9.138651184273973,9.412765502929688,7.9021453857421875,9.412765502929688,22.402554985490042,0.5821889250736231,2,0.12,0.025751531056177616,<1 px
NGA,NG017022,2026-06-01,2,9.4127655,9.4127655,9.4127655,9.4127655,4,37.651062,0.0,9.412206589949012,9.412765502929688,9.2010498046875,9.412765502929688,40.38897975863209,0.010863621322587424,4,0.16,5.9377879007935535e-05,<1 px
NGA,NG017023,2026-06-01,2,9.359837,9.4127655,9.20105,9.4127655,4,37.439346,0.09167559,9.357418219149372,9.412765502929688,9.2010498046875,9.412765502929688,29.560949339568765,0.09302992534394097,3,0.16,0.0002584212578305665,<1 px
NGA,NG017024,2026-06-01,2,10.550908,10.574341,10.019302,10.965347,7,73.85635,0.25554144,10.486058669822219,10.965347290039062,10.019302368164062,10.5743408203125,66.38127010321071,0.2620211833063884,6,0.28,0.006146326949091095,<1 px
NGA,NG017025,2026-06-01,2,10.686057,10.574341,10.574341,10.965347,7,74.8024,0.17663872,10.665448881574259,10.965347290039062,10.5743408203125,10.5743408203125,99.66555303968505,0.1652971946849526,9,0.28,0.001928505380959637,<1 px
NGA,NG017026,2026-06-01,2,10.574341,10.574341,10.574341,10.574341,2,21.148682,0.0,10.5743408203125,10.5743408203125,10.5743408203125,10.5743408203125,19.43103076200714,0.0,2,0.08,1.6992784745121334e-08,<1 px
NGA,NG017027,2026-06-01,2,8.02803,8.02803,8.02803,8.02803,3,24.084091,0.0,8.028030395507812,8.028030395507812,8.028030395507812,8.028030395507812,28.22643035997885,0.0,4,0.12,4.9265861384022396e-08,<1 px
NGA,NG018,2026-06-01,1,0.4309391,0.3528595,0.14305115,1.0681152,768,330.96124,0.23654407,0.4313529691785451,1.068115234375,0.1430511474609375,0.3528594970703125,332.8100208668694,0.2381245143164385,772,30.72,0.00096038901678933,16-64 px
NGA,NG018001,2026-06-01,2,0.20751953,0.20599365,0.19454956,0.23078918,15,3.112793,0.013236505,0.20826155428047458,0.2307891845703125,0.194549560546875,0.20599365234375,2.936137040521203,0.013739303933574795,14,0.6,0.0035756840836839213,<1 px
NGA,NG018002,2026-06-01,2,0.49643084,0.4901886,0.44631958,0.5245209,33,16.382217,0.02800178,0.4951397025809877,0.5245208740234375,0.446319580078125,0.4901885986328125,16.50987452350705,0.028370051414610634,33,1.32,0.0026008404695652414,1-4 px
NGA,NG018003,2026-06-01,2,0.1862364,0.18310547,0.14305115,0.30899048,53,9.870529,0.039615948,0.18677374932428367,0.308990478515625,0.1430511474609375,0.18310546875,9.907992661339904,0.040818208556905024,53,2.12,0.0028853077286914684,1-4 px
NGA,NG018004,2026-06-01,2,0.76143134,0.8201599,0.30326843,0.95558167,43,32.741547,0.1522107,0.7591835419678484,0.9555816650390625,0.3032684326171875,0.820159912109375,35.314766162564126,0.1463481281190759,47,1.72,0.0029520692333882426,1-4 px
NGA,NG018005,2026-06-01,2,0.4781723,0.5531311,0.30326843,0.5531311,20,9.563446,0.11450146,0.4689463462112032,0.8525848388671875,0.3032684326171875,0.553131103515625,8.842804029329798,0.12151762114471694,19,0.8,0.01929420376043701,<1 px
NGA,NG018006,2026-06-01,2,0.48939386,0.5264282,0.32234192,0.8201599,36,17.61818,0.10942613,0.4928063034959726,0.820159912109375,0.3223419189453125,0.52642822265625,16.82831651201866,0.12118728170849803,34,1.44,0.006972795890762879,1-4 px
NGA,NG018007,2026-06-01,2,0.38348305,0.38528442,0.3528595,0.38528442,18,6.9026947,0.0074273,0.3817156253451036,0.385284423828125,0.263214111328125,0.385284423828125,7.400181461969524,0.011923751906262528,19,0.72,0.004608872947308562,<1 px
NGA,NG018008,2026-06-01,2,0.48491296,0.4901886,0.2632141,1.0681152,47,22.790909,0.21798427,0.4792882158271869,1.068115234375,0.263214111328125,0.4901885986328125,22.4619216524502,0.21108131529399693,47,1.88,0.011599492355933551,1-4 px
NGA,NG018009,2026-06-01,2,0.39536613,0.37765503,0.3376007,0.5264282,7,2.7675629,0.05562431,0.4006518276665382,0.52642822265625,0.3376007080078125,0.377655029296875,3.0324405988935155,0.05943375933071878,8,0.28,0.013369121089199501,<1 px
NGA,NG018010,2026-06-01,2,0.23078918,0.207901,0.14305115,0.27275085,33,7.616043,0.03557493,0.22966239392523893,0.2727508544921875,0.1430511474609375,0.2079010009765625,8.134077194199563,0.03738192440053164,35,1.32,0.004882317597216112,1-4 px
NGA,NG018011,2026-06-01,2,0.7900115,0.76675415,0.5531311,0.99372864,62,48.980713,0.15714061,0.7924427613053386,1.0623931884765625,0.3910064697265625,0.8525848388671875,48.7655396852027,0.16123075556839916,62,2.48,0.0030775011570574116,1-4 px
NGA,NG018012,2026-06-01,2,1.001358,1.001358,1.001358,1.001358,13,13.017654,0.0,0.9809320407662628,1.0013580322265625,0.7762908935546875,1.0013580322265625,14.74820029461199,0.06465290655005058,15,0.52,0.020398258398831522,<1 px
NGA,NG018013,2026-06-01,2,0.23078918,0.23078918,0.23078918,0.23078918,1,0.23078918,0.0,0.2307891845703125,0.2307891845703125,0.2307891845703125,0.2307891845703125,0.2474275781594315,0.0,1,0.04,1.9802975553582248e-08,<1 px
NGA,NG018014,2026-06-01,2,0.2807351,0.2822876,0.22506714,0.33569336,43,12.0716095,0.04432136,0.27996470131688805,0.335693359375,0.2117156982421875,0.28228759765625,11.584676627407475,0.0448204293777246,41,1.72,0.00274421931248341,1-4 px
NGA,NG018015,2026-06-01,2,0.21465965,0.20599365,0.19454956,0.2822876,46,9.874344,0.022581039,0.21357374182759856,0.28228759765625,0.194549560546875,0.20599365234375,9.728908361883448,0.020760289787540572,46,1.84,0.005058743794660295,1-4 px
NGA,NG018016,2026-06-01,2,0.31635678,0.3528595,0.2117157,0.38528442,29,9.174347,0.055231914,0.3160378716901692,0.385284423828125,0.194549560546875,0.3528594970703125,8.592070081636649,0.05564351311056773,27,1.16,0.0010080653552953054,1-4 px
NGA,NG018017,2026-06-01,2,0.70667267,0.74481964,0.44631958,0.7762909,14,9.893417,0.11010293,0.7114060581623683,1.026153564453125,0.446319580078125,0.7762908935546875,9.048326908844828,0.1238876579499071,13,0.56,0.0066981338932611415,<1 px
NGA,NG018018,2026-06-01,2,0.18246968,0.2002716,0.14305115,0.23078918,27,4.9266815,0.031610623,0.1847845434018034,0.2307891845703125,0.1430511474609375,0.2002716064453125,5.102230397113772,0.03059243702440629,28,1.08,0.012686290685682116,1-4 px
NGA,NG018019,2026-06-01,2,0.42539835,0.5455017,0.22506714,0.5455017,32,13.612747,0.13958749,0.41927402681097947,0.820159912109375,0.225067138671875,0.545501708984375,14.350949750502329,0.1395206607054205,34,1.28,0.014396678287587408,1-4 px
NGA,NG018020,2026-06-01,2,0.36447188,0.37765503,0.30899048,0.5264282,34,12.392044,0.050720386,0.3642237810096109,0.52642822265625,0.308990478515625,0.377655029296875,11.695506009701262,0.05254213585103948,32,1.36,0.0006807081808043297,1-4 px
NGA,NG018021,2026-06-01,2,0.24604797,0.23078918,0.14305115,0.3528595,26,6.3972473,0.056031916,0.24040763708901264,0.3528594970703125,0.1430511474609375,0.2307891845703125,6.451655670924872,0.05692968932682996,27,1.04,0.02292371244106329,1-4 px
NGA,NG018022,2026-06-01,2,0.22526792,0.2117157,0.2117157,0.2632141,19,4.2800903,0.02267719,0.22484699287307403,0.263214111328125,0.2117156982421875,0.2117156982421875,4.252082187150563,0.022258250181758487,19,0.76,0.0018685622299259702,<1 px
NGA,NG018023,2026-06-01,2,0.44090518,0.48065186,0.2822876,0.667572,31,13.66806,0.13008197,0.43230689807878536,0.667572021484375,0.28228759765625,0.48065185546875,14.664095148475553,0.12296773995663338,34,1.24,0.019501430945344407,1-4 px
NGA,NG018024,2026-06-01,2,0.9536743,1.001358,0.7133484,1.0261536,10,9.536743,0.12067353,0.9273422639373269,1.026153564453125,0.713348388671875,1.0013580322265625,9.386576581960071,0.13710001556261392,10,0.4,0.02761114152145349,<1 px
NGA,NG018025,2026-06-01,2,0.4470916,0.47683716,0.3376007,0.5264282,42,18.777847,0.083574854,0.4463874408441374,0.52642822265625,0.3376007080078125,0.476837158203125,18.312707382861504,0.08386226681362396,41,1.68,0.0015749773779301214,1-4 px
NGA,NG018026,2026-06-01,2,0.27275085,0.27275085,0.2632141,0.2822876,22,6.000519,0.009536743,0.2736307668943403,0.385284423828125,0.263214111328125,0.263214111328125,5.963753773041702,0.01478478307822265,22,0.88,0.0032260830510346884,<1 px
NGA,NG018027,2026-06-01,2,0.7509085,0.7762909,0.44631958,0.7762909,13,9.76181,0.087927245,0.7592679626016897,0.7762908935546875,0.446319580078125,0.7762908935546875,8.546802536457676,0.0729883463818093,11,0.52,0.011132465009637976,<1 px
NGA,NG019,2026-06-01,1,3.1458116,2.5978088,1.1787415,10.393143,1462,4599.1763,1.393417,3.163367658578845,10.393142700195312,1.178741455078125,2.597808837890625,4612.998219022435,1.4199974883042512,1458,58.48,0.0055807724082538165,16-64 px
NGA,NG019001,2026-06-01,2,1.9415329,1.9378662,1.5735626,2.6283264,219,425.19568,0.1842616,1.9377330711838139,2.628326416015625,1.5735626220703125,1.9378662109375,418.44857130968194,0.18182617666867462,216,8.76,0.0019571282135811413,4-16 px
NGA,NG019002,2026-06-01,2,2.17736,1.9607544,1.1787415,2.9125214,149,324.42664,0.45512214,2.184235194463111,3.570556640625,1.178741455078125,1.96075439453125,323.27897569484065,0.4581609025495069,148,5.96,0.0031575827897595762,4-16 px
NGA,NG019003,2026-06-01,2,2.1596966,2.1209717,1.8081665,2.4299622,66,142.53998,0.22729045,2.1582139328192254,2.429962158203125,1.80816650390625,2.1209716796875,141.8485304329975,0.22408782763762222,66,2.64,0.0006865164212301082,1-4 px
NGA,NG019004,2026-06-01,2,2.3698297,2.3403168,1.8806458,3.40271,112,265.4209,0.28462163,2.375096641714262,3.4027099609375,1.880645751953125,2.3403167724609375,266.3426719696549,0.29771681099098884,112,4.48,0.0022224979770748493,4-16 px
NGA,NG019005,2026-06-01,2,1.931046,2.0370483,1.2512207,2.4108887,33,63.724518,0.31697065,1.9365719433578805,2.4814605712890625,1.251220703125,2.03704833984375,60.33811484030815,0.313544893614862,31,1.32,0.002861632171310513,1-4 px
NGA,NG019006,2026-06-01,2,4.322613,4.4727325,2.6416779,4.4727325,17,73.48442,0.4530589,4.326693339353652,5.7010650634765625,2.6416778564453125,4.4727325439453125,64.77262421429042,0.43317031962996094,15,0.68,0.0009439520386518103,<1 px
NGA,NG019007,2026-06-01,2,3.9474566,3.7517548,2.6416779,5.964279,48,189.47792,1.0388649,3.9264889954279605,5.9642791748046875,2.6416778564453125,3.7517547607421875,183.1019987825755,1.0452702481470082,47,1.92,0.0053116745025239085,1-4 px
NGA,NG019008,2026-06-01,2,4.384284,4.4727325,1.9607544,5.8021545,153,670.7954,1.3356739,4.393574276225451,5.802154541015625,1.96075439453125,4.4727325439453125,664.9474307111926,1.3160042471872855,151,6.12,0.0021189950800291524,4-16 px
NGA,NG019009,2026-06-01,2,2.3040771,2.3040771,2.3040771,2.3040771,2,4.6081543,0.0,2.3040771484375,2.3040771484375,2.3040771484375,2.3040771484375,4.519528036439624,0.0,2,0.08,2.1022516906612726e-08,<1 px
NGA,NG019010,2026-06-01,2,2.3040771,2.3040771,2.3040771,2.3040771,2,4.6081543,0.0,2.3040771484375,2.3040771484375,2.3040771484375,2.3040771484375,4.011310517171296,0.0,2,0.08,2.1022516906612726e-08,<1 px
NGA,NG019011,2026-06-01,2,4.469216,4.214287,3.0841827,5.5351257,64,286.02982,0.909748,4.46252304865204,5.7010650634765625,2.6416778564453125,4.0912628173828125,280.8558630604252,0.9074039593409179,63,2.56,0.0014975672126745611,1-4 px
NGA,NG019012,2026-06-01,2,3.8352735,3.6087036,2.5558472,7.379532,99,379.69208,1.0448592,3.858165064929181,9.321212768554688,2.55584716796875,3.60870361328125,383.27821694255084,1.0987137923769712,99,3.96,0.005968691653719404,1-4 px
NGA,NG019013,2026-06-01,2,6.279889,5.964279,3.7517548,7.379532,17,106.75812,0.97178555,6.33901753973267,7.3795318603515625,3.7517547607421875,5.9642791748046875,108.38629767846442,1.049545699273161,17,0.68,0.0094155389900475,<1 px
NGA,NG019014,2026-06-01,2,4.0728173,4.1999817,2.7370453,5.8021545,82,333.971,0.80067575,4.116268259818995,5.802154541015625,2.3040771484375,4.199981689453125,341.3637244545353,0.8377830607401111,83,3.28,0.010668526628728213,1-4 px
NGA,NG019015,2026-06-01,2,2.3459165,2.4814606,1.2512207,3.6087036,78,182.98149,0.53005785,2.340464897100436,3.60870361328125,1.251220703125,2.4814605712890625,182.84226379172708,0.5362766133667614,78,3.12,0.002323869114507666,1-4 px
NGA,NG019016,2026-06-01,2,2.3155212,2.3155212,2.3155212,2.3155212,12,27.786255,0.0,2.3143205266497264,2.315521240234375,1.9855499267578125,2.315521240234375,25.610366560496757,0.019868551168198335,11,0.48,0.0005185326527235548,<1 px
NGA,NG019017,2026-06-01,2,3.2533882,2.5558472,2.2201538,8.390427,73,237.49733,1.1567051,3.2573449903634866,8.390426635742188,1.979827880859375,2.55584716796875,247.51874753285995,1.1456540089193357,76,2.92,0.001216206035137992,1-4 px
NGA,NG019018,2026-06-01,2,2.2875469,2.4108887,1.9035339,2.4108887,18,41.175842,0.20736271,2.3147209081629803,2.410888671875,1.903533935546875,2.410888671875,43.87501317850706,0.18452962666379422,19,0.72,0.01187910427671673,<1 px
NGA,NG019019,2026-06-01,2,2.3409526,2.3155212,2.3155212,2.4299622,9,21.068573,0.047577634,2.333957035494503,2.429962158203125,2.2182464599609375,2.315521240234375,20.291354609369705,0.059230976932525034,9,0.36,0.0029883409452617178,<1 px
NGA,NG019020,2026-06-01,2,4.9349465,5.4016113,2.6416779,10.393143,45,222.0726,1.6128366,5.167845418979015,10.393142700195312,2.6416778564453125,5.401611328125,254.11307297096286,1.8640490814809592,49,1.8,0.04719380827715461,1-4 px
NGA,NG019021,2026-06-01,2,2.4212391,2.3403168,2.2182465,2.9277802,75,181.59294,0.15252371,2.418429098309741,2.9277801513671875,2.03704833984375,2.3403167724609375,179.86105664924423,0.15753707094498734,74,3.0,0.0011605634859685047,1-4 px
NGA,NG019022,2026-06-01,2,5.0707617,5.050659,3.730774,7.379532,76,385.37787,1.1867095,4.99748826704381,7.3795318603515625,3.33404541015625,5.0506591796875,384.4067151106856,1.1683455438686656,77,3.04,0.014450182692708745,1-4 px
NGA,NG019023,2026-06-01,2,2.2223547,2.2182465,2.2182465,2.2449493,13,28.89061,0.009634431,2.223773057612684,2.315521240234375,2.2182464599609375,2.2182464599609375,28.985767708755716,0.011740904739115352,13,0.52,0.0006382228780509482,<1 px
NGA,NG020,2026-06-01,1,1.1766584,1.1444092,0.33569336,2.5482178,673,791.8911,0.41611466,1.1766009662083081,2.5482177734375,0.335693359375,1.1444091796875,793.3146844503941,0.41203109169597146,674,26.92,4.8810930761106496e-05,16-64 px
NGA,NG020001,2026-06-01,2,0.53482056,0.667572,0.33569336,0.667572,25,13.370514,0.16258667,0.5595872217380339,1.0051727294921875,0.335693359375,0.667572021484375,13.271692971805749,0.1666747212173625,24,1.0,0.04630835758826078,<1 px
NGA,NG020002,2026-06-01,2,0.7357964,0.77438354,0.5264282,0.90026855,13,9.565353,0.15816076,0.7331027562259635,0.9002685546875,0.52642822265625,0.774383544921875,10.796513776156758,0.149290748558433,15,0.52,0.0036608547881404004,<1 px
NGA,NG020003,2026-06-01,2,1.373291,1.3523102,1.2454987,1.6231537,15,20.599365,0.13874175,1.3765968469557226,1.6231536865234375,1.2454986572265625,1.3523101806640625,19.32822895334141,0.14649572000872943,14,0.6,0.002407244317280575,<1 px
NGA,NG020004,2026-06-01,2,1.4601898,1.5125275,1.1444092,2.0370483,25,36.504745,0.22087267,1.460722194148708,2.03704833984375,1.1444091796875,1.5125274658203125,35.084542629615356,0.2068638227445353,24,1.0,0.0003646061277157894,<1 px
NGA,NG020005,2026-06-01,2,1.3312464,1.3523102,1.0261536,1.3999939,23,30.618668,0.06885888,1.3359935258415452,1.399993896484375,1.026153564453125,1.3523101806640625,30.540691406866216,0.057673755189639825,23,0.92,0.003565925768171273,<1 px
NGA,NG020006,2026-06-01,2,0.9595235,0.9403229,0.92315674,1.1444092,15,14.392853,0.07295442,0.9598748802809605,1.1444091796875,0.92315673828125,0.92315673828125,14.05555181293039,0.07537142669778618,15,0.6,0.0003662028923319641,<1 px
NGA,NG020007,2026-06-01,2,0.9880066,0.9880066,0.9880066,0.9880066,1,0.9880066,0.0,0.988006591796875,0.988006591796875,0.988006591796875,0.988006591796875,0.43993505780548503,0.0,0,0.04,8.302702590331522e-09,<1 px
NGA,NG020008,2026-06-01,2,0.7703488,0.7133484,0.5245209,1.3008118,26,20.029068,0.2612989,0.769216146198194,1.300811767578125,0.5245208740234375,0.713348388671875,20.2088443003845,0.2535057684308632,26,1.04,0.0014703129307216919,1-4 px
NGA,NG020009,2026-06-01,2,0.9413499,0.9403229,0.92315674,1.0051727,13,12.237549,0.01975975,0.9406450951999829,1.0051727294921875,0.92315673828125,0.9403228759765625,11.999477208002318,0.017952249890669007,13,0.52,0.000748717134847639,<1 px
NGA,NG020010,2026-06-01,2,1.2332371,1.3008118,0.9880066,1.3523102,14,17.26532,0.13121298,1.246049821802743,1.3523101806640625,0.988006591796875,1.300811767578125,18.104923221784475,0.12560370775930932,15,0.56,0.010389504015685998,<1 px
NGA,NG020011,2026-06-01,2,1.7800331,1.9798279,0.8125305,2.5482178,52,92.56172,0.4373701,1.7819489503964736,2.5482177734375,0.812530517578125,1.979827880859375,87.76738804030515,0.42931292555553785,49,2.08,0.001076300433106313,1-4 px
NGA,NG020012,2026-06-01,2,0.9880066,0.9880066,0.9880066,0.9880066,3,2.9640198,0.0,0.988006591796875,0.988006591796875,0.988006591796875,0.988006591796875,1.2648828604966411,0.0,1,0.12,8.302702590331522e-09,<1 px
NGA,NG020013,2026-06-01,2,0.8236278,1.0051727,0.48065186,1.0681152,22,18.119812,0.25345215,0.8542654594802152,1.068115234375,0.48065185546875,1.0051727294921875,17.33867389859256,0.2419190656245854,20,0.88,0.03719842807663259,<1 px
NGA,NG020014,2026-06-01,2,0.8374728,0.8354187,0.77438354,0.9403229,13,10.887146,0.050482895,0.8417012531893696,0.9403228759765625,0.774383544921875,0.835418701171875,12.331547381805308,0.05308743286183882,15,0.52,0.005049063312109476,<1 px
NGA,NG020015,2026-06-01,2,1.054128,0.92315674,0.92315674,1.291275,9,9.487152,0.1543971,1.0675079374460519,1.5125274658203125,0.92315673828125,0.92315673828125,8.06562280630807,0.16233635813202324,8,0.36,0.012692896352294907,<1 px
NGA,NG020016,2026-06-01,2,0.85628736,0.90026855,0.5264282,0.90026855,17,14.556885,0.12044752,0.8024316255238548,0.9002685546875,0.335693359375,0.9002685546875,15.117419133581222,0.17158331693540482,19,0.68,0.06289446392872741,<1 px
NGA,NG020017,2026-06-01,2,1.011467,1.0051727,1.0051727,1.0681152,10,10.11467,0.018882751,1.0089590549910787,1.068115234375,0.988006591796875,1.0051727294921875,11.356416095420485,0.01646815897084295,11,0.4,0.002479512439774262,<1 px
NGA,NG020018,2026-06-01,2,,,,,0,0.0,,0.988006591796875,0.988006591796875,0.988006591796875,0.988006591796875,0.7753592477399707,0.0,1,0.0,,
NGA,NG020019,2026-06-01,2,1.6273499,1.6231537,1.5716553,1.7127991,15,24.410248,0.047925718,1.620646960809111,1.712799072265625,1.2454986572265625,1.6231536865234375,23.46936532573035,0.04433742209930015,14,0.6,0.00411892930394935,<1 px
NGA,NG020020,2026-06-01,2,1.3313293,1.291275,1.2454987,1.6231537,12,15.975952,0.13210368,1.3473285731206586,1.6231536865234375,1.2454986572265625,1.2912750244140625,16.64476522691416,0.14610171232458796,12,0.48,0.012017517469688852,<1 px
NGA,NG020021,2026-06-01,2,,,,,0,0.0,,0.988006591796875,0.988006591796875,0.988006591796875,0.988006591796875,0.5635448021124034,0.0,1,0.0,,
NGA,NG020022,2026-06-01,2,1.5716553,1.5716553,1.5716553,1.5716553,16,25.146484,0.0,1.5632871870294087,1.64031982421875,1.2912750244140625,1.5716552734375,23.330461373850763,0.04771065255005679,15,0.64,0.005324394586135559,<1 px
NGA,NG020023,2026-06-01,2,0.87661743,0.8354187,0.8354187,1.1444092,15,13.149261,0.105036564,0.8823025325838453,1.251220703125,0.812530517578125,0.835418701171875,12.766239865946716,0.11071228347726902,14,0.6,0.0064852721258864855,<1 px
NGA,NG020024,2026-06-01,2,1.5896691,1.5125275,1.291275,2.0370483,27,42.921066,0.24821891,1.5788146026041565,2.03704833984375,1.2912750244140625,1.5125274658203125,47.344941175708755,0.2550259142262923,30,1.08,0.00682814894989375,1-4 px
NGA,NG020025,2026-06-01,2,0.9880066,0.9880066,0.9880066,0.9880066,6,5.9280396,0.0,0.9881156887191601,1.0051727294921875,0.92315673828125,0.988006591796875,6.285787249965535,0.002865094570024131,6,0.24,0.00011041294578412258,<1 px
NGA,NG020026,2026-06-01,2,1.0783937,1.0261536,0.7133484,1.3523102,18,19.411087,0.1569317,1.0660560068414222,1.3523101806640625,0.713348388671875,1.026153564453125,18.465412164836437,0.13871163305960585,17,0.72,0.011440806041965648,<1 px
NGA,NG020027,2026-06-01,2,0.92315674,0.92315674,0.92315674,0.92315674,6,5.5389404,0.0,0.9234842868016947,0.9403228759765625,0.92315673828125,0.92315673828125,6.005631037031556,0.002348500579221675,7,0.24,0.00035481168852720174,<1 px
NGA,NG020028,2026-06-01,2,1.1137009,1.1396408,0.92315674,1.291275,10,11.137009,0.17851897,1.102412128004476,1.2912750244140625,0.92315673828125,0.988006591796875,9.434501769202408,0.17932210083654182,9,0.4,0.010136269078640339,<1 px
NGA,NG020029,2026-06-01,2,0.9581248,0.7133484,0.7133484,1.3008118,12,11.497498,0.28962335,0.9454672438228103,1.300811767578125,0.713348388671875,0.713348388671875,12.63456830429277,0.2871970822244509,13,0.48,0.013210759367871144,<1 px
NGA,NG020030,2026-06-01,2,1.1410033,1.0681152,0.9880066,1.3008118,14,15.974045,0.121520236,1.1587351261982082,1.300811767578125,0.988006591796875,1.068115234375,16.61129321401944,0.12447590979466859,14,0.56,0.015540556454313703,<1 px
NGA,NG020031,2026-06-01,2,0.9880066,0.9880066,0.9880066,0.9880066,1,0.9880066,0.0,0.988006591796875,0.988006591796875,0.988006591796875,0.988006591796875,1.3674596591073396,0.0,1,0.04,8.302702590331522e-09,<1 px
NGA,NG020032,2026-06-01,2,1.1569753,1.1444092,1.1444092,1.2512207,17,19.66858,0.034413576,1.148674998194744,1.251220703125,0.835418701171875,1.1444091796875,19.696410842739986,0.052259931909031776,17,0.68,0.007174139158594045,<1 px
NGA,NG020033,2026-06-01,2,1.2500763,1.2454987,1.2454987,1.291275,10,12.500763,0.01373291,1.239403890867171,1.2912750244140625,0.988006591796875,1.2454986572265625,10.977635290920773,0.06019886295534013,9,0.4,0.008537406182989761,<1 px
NGA,NG020034,2026-06-01,2,1.9571598,1.9855499,1.9035339,1.9855499,26,50.886154,0.03901853,1.9402260702074174,2.315521240234375,1.5716552734375,1.9855499267578125,51.35210470229301,0.08189812699315226,26,1.04,0.008652195795449331,1-4 px
NGA,NG020035,2026-06-01,2,1.5785217,1.6231537,1.3999939,1.6231537,15,23.677826,0.089263916,1.5761368859922678,1.712799072265625,1.399993896484375,1.6231536865234375,26.5969344937389,0.09604114282573496,17,0.6,0.0015107894986380434,<1 px
NGA,NG020036,2026-06-01,2,0.8913831,0.8125305,0.77438354,1.2989044,41,36.546707,0.122543044,0.8960567058031469,1.903533935546875,0.774383544921875,0.812530517578125,37.088017102338,0.14896740272417805,41,1.64,0.005243094470993344,1-4 px
NGA,NG020037,2026-06-01,2,0.6866455,0.6351471,0.6351471,0.79345703,22,15.106201,0.06823211,0.6886316594236835,1.0089874267578125,0.52642822265625,0.6351470947265625,13.653280380876431,0.07536757748129858,20,0.88,0.0028925543438113556,<1 px
NGA,NG020038,2026-06-01,2,0.9880066,0.9880066,0.9880066,0.9880066,1,0.9880066,0.0,0.988006591796875,0.988006591796875,0.988006591796875,0.988006591796875,0.8755491698764217,0.0,1,0.04,8.302702590331522e-09,<1 px
NGA,NG020039,2026-06-01,2,1.159668,1.2454987,0.9880066,1.2454987,6,6.958008,0.12138292,1.194118750892485,1.2454986572265625,0.988006591796875,1.2454986572265625,7.560038335086006,0.10290783949071577,6,0.24,0.02970742565327764,<1 px
NGA,NG020040,2026-06-01,2,1.3843112,1.3999939,1.1177063,1.3999939,18,24.917603,0.0646612,1.3870741017405501,1.5277862548828125,1.117706298828125,1.399993896484375,24.699677944828302,0.06182971029407438,18,0.72,0.0019958675047562725,<1 px
NGA,NG020041,2026-06-01,2,1.1803979,1.2512207,0.8125305,2.0370483,38,44.855118,0.36006138,1.1823972325035155,2.03704833984375,0.812530517578125,1.251220703125,48.04009995851288,0.3617710200480002,41,1.52,0.0016937784314217028,1-4 px
NGA,NG020042,2026-06-01,2,0.9908676,0.9880066,0.9880066,1.0051727,6,5.9452057,0.006397442,0.9934599000456289,1.300811767578125,0.988006591796875,0.988006591796875,7.352472402022414,0.03512029536291902,7,0.24,0.0026161921589008836,<1 px
NGA,NG020043,2026-06-01,2,0.98896027,1.0051727,0.9403229,1.0051727,12,11.867523,0.02808081,0.9882428951478269,1.0051727294921875,0.9403228759765625,1.0051727294921875,11.933938191877047,0.028369768477848303,12,0.48,0.0007253828833518734,<1 px
NGA,NG020044,2026-06-01,2,0.8870761,0.90026855,0.667572,0.9403229,12,10.644913,0.079544514,0.8924033955302068,1.0051727294921875,0.667572021484375,0.9002685546875,10.716847243213024,0.07563099465484394,12,0.48,0.00600545492118063,<1 px
NGA,NG021,2026-06-01,1,1.2254335,1.2645721,0.39672852,2.4299622,802,982.7976,0.4735856,1.228371896936929,2.429962158203125,0.396728515625,1.2645721435546875,978.7408826945399,0.47665897912422955,797,32.08,0.002397842834334942,16-64 px
NGA,NG021001,2026-06-01,2,1.843532,1.8663406,1.5487671,2.105713,24,44.244766,0.26359448,1.839751244051023,2.105712890625,1.54876708984375,1.6269683837890625,45.98805251347926,0.26367790333915947,25,0.96,0.002050821981379692,<1 px
NGA,NG021002,2026-06-01,2,0.77415913,0.72288513,0.6599426,0.89263916,17,13.160706,0.09550395,0.7800452640925667,0.89263916015625,0.659942626953125,0.7228851318359375,13.614585090593323,0.09750620513469695,17,0.68,0.007603261221716346,<1 px
NGA,NG021003,2026-06-01,2,0.7249392,0.8049011,0.5970001,0.89263916,39,28.272629,0.10710663,0.726219681614754,0.89263916015625,0.396728515625,0.804901123046875,28.50400862395297,0.10516850246230014,39,1.56,0.001766329665651996,1-4 px
NGA,NG021004,2026-06-01,2,0.49054182,0.44631958,0.44631958,0.7762909,27,13.244629,0.10204402,0.4856631396055369,0.7762908935546875,0.446319580078125,0.446319580078125,12.76981913349573,0.09464032560858768,26,1.08,0.009945493320963129,1-4 px
NGA,NG021005,2026-06-01,2,0.90026855,0.9365082,0.8277893,1.1177063,16,14.404297,0.07687585,0.9176747857812024,1.27410888671875,0.827789306640625,0.9365081787109375,15.195606284557073,0.09328378126863945,17,0.64,0.01933449278129563,<1 px
NGA,NG021006,2026-06-01,2,1.0581546,1.083374,0.8277893,1.2741089,18,19.046783,0.21679409,1.0609388785632927,1.46484375,0.827789306640625,0.89263916015625,17.255415124850515,0.21854147001578242,16,0.72,0.0026312587624651206,<1 px
NGA,NG021007,2026-06-01,2,1.4264767,1.329422,1.329422,1.6098022,26,37.088394,0.13338892,1.4305592028564322,1.60980224609375,0.881195068359375,1.3294219970703125,38.38617709451819,0.14200086528153283,27,1.04,0.0028619485032122787,1-4 px
NGA,NG021008,2026-06-01,2,2.0833697,2.105713,1.7471313,2.1209717,14,29.167175,0.093461275,2.0761232382643775,2.1209716796875,1.74713134765625,2.105712890625,32.960533888370946,0.1067151624816848,16,0.56,0.003478240916925349,<1 px
NGA,NG021009,2026-06-01,2,2.1502972,2.105713,1.9855499,2.4299622,16,34.404755,0.12100371,2.1772572604877123,2.429962158203125,1.9855499267578125,2.105712890625,34.813253963150714,0.13828815402799952,16,0.64,0.012537829881242692,<1 px
NGA,NG021010,2026-06-01,2,0.93460083,0.93460083,0.93460083,0.93460083,7,6.542206,0.0,0.9346602134923239,1.0013580322265625,0.934600830078125,0.934600830078125,5.966050619327784,0.0019901618517237357,6,0.28,6.353888250218736e-05,<1 px
NGA,NG021011,2026-06-01,2,0.91609955,0.93460083,0.77438354,1.001358,10,9.1609955,0.075387575,0.9107745278371747,1.0013580322265625,0.774383544921875,0.934600830078125,9.875477568321855,0.08064484147057223,11,0.4,0.005812711252641993,<1 px
NGA,NG021012,2026-06-01,2,1.4993577,1.4648438,1.4648438,1.6098022,21,31.486511,0.06174039,1.5004543954765368,1.60980224609375,1.27410888671875,1.46484375,32.30318389337572,0.07071120989789531,22,0.84,0.0007314435218072318,<1 px
NGA,NG021013,2026-06-01,2,1.657777,1.6269684,1.2836456,2.105713,59,97.80884,0.15788846,1.6543120132428009,2.105712890625,1.2836456298828125,1.6269683837890625,92.31076655926707,0.14328058889671752,56,2.36,0.0020901404454273377,1-4 px
NGA,NG021014,2026-06-01,2,2.1104078,2.105713,2.105713,2.1209717,13,27.435303,0.007042518,2.1120051118851833,2.429962158203125,2.105712890625,2.105712890625,29.560511590709382,0.03153429997284104,14,0.52,0.0007568735697353401,<1 px
NGA,NG021015,2026-06-01,2,1.0169103,1.0261536,0.9365082,1.1177063,26,26.439667,0.070879914,1.0170459794735203,1.117706298828125,0.9365081787109375,1.026153564453125,26.72195028594615,0.0703993981139155,26,1.04,0.0001334232463967901,1-4 px
NGA,NG021016,2026-06-01,2,0.6350969,0.6122589,0.39672852,0.72288513,38,24.133682,0.10679941,0.6382437537278269,0.7228851318359375,0.396728515625,0.6122589111328125,22.69700185762169,0.10526219191578953,36,1.52,0.004954919049088368,1-4 px
NGA,NG021017,2026-06-01,2,1.7490965,1.6403198,1.5487671,2.105713,33,57.720184,0.19234268,1.763754892222527,2.105712890625,1.54876708984375,1.64031982421875,59.284037756413,0.19650899269291586,34,1.32,0.008380550885858477,1-4 px
NGA,NG021018,2026-06-01,2,0.699838,0.705719,0.6599426,0.7953644,24,16.796112,0.03530277,0.7016976795756878,0.7953643798828125,0.659942626953125,0.705718994140625,16.715777308447255,0.036356646654879685,24,0.96,0.0026573000832876884,<1 px
NGA,NG021019,2026-06-01,2,1.4157503,1.5125275,1.2836456,1.6269684,46,65.12451,0.12328643,1.407599736605602,1.6269683837890625,1.0318756103515625,1.5125274658203125,65.19545830574458,0.12764628615651577,46,1.84,0.00575706280577735,1-4 px
NGA,NG021020,2026-06-01,2,1.315656,1.2741089,1.1177063,1.5277863,23,30.260086,0.11996068,1.3232211098234028,1.5277862548828125,0.827789306640625,1.27410888671875,33.2043616534744,0.12693637388723736,25,0.92,0.0057500667525575535,<1 px
NGA,NG021021,2026-06-01,2,0.69770813,0.72288513,0.6599426,0.72288513,5,3.4885406,0.030835403,0.6998232083557926,0.7228851318359375,0.659942626953125,0.7228851318359375,3.452333460529644,0.03032693384851178,5,0.2,0.003031465830550964,<1 px
NGA,NG021022,2026-06-01,2,1.0929108,0.89263916,0.89263916,1.4648438,20,21.858215,0.27292418,1.1004442404106005,1.46484375,0.804901123046875,0.89263916015625,21.11978866010389,0.27507961197442843,19,0.8,0.006893005733496681,<1 px
NGA,NG021023,2026-06-01,2,1.1609793,1.1177063,1.1177063,1.5277863,16,18.575668,0.116697006,1.163576815134095,1.5277862548828125,1.117706298828125,1.117706298828125,17.637101393086496,0.11602896824681232,15,0.64,0.0022373483610733788,<1 px
NGA,NG021024,2026-06-01,2,0.89427406,0.89645386,0.6713867,0.93460083,21,18.779755,0.06382473,0.8920461816830608,0.934600830078125,0.67138671875,0.896453857421875,18.42602622745826,0.06326003777579936,21,0.84,0.002491270200702409,<1 px
NGA,NG021025,2026-06-01,2,1.6345978,1.6403198,1.5125275,1.7127991,27,44.13414,0.07420433,1.635498760070182,1.712799072265625,1.5125274658203125,1.64031982421875,43.744349373753266,0.07481492470137054,27,1.08,0.0005511815017626489,1-4 px
NGA,NG021026,2026-06-01,2,0.79353994,0.77438354,0.6599426,0.9365082,23,18.25142,0.10893395,0.7956634206454014,0.9365081787109375,0.659942626953125,0.774383544921875,17.776728126506214,0.10613184077619063,22,0.92,0.002675959379437605,<1 px
NGA,NG021027,2026-06-01,2,0.78207254,0.77438354,0.705719,0.7953644,32,25.026321,0.017162722,0.7821445548677755,0.934600830078125,0.659942626953125,0.774383544921875,24.47319147336202,0.029364841952497202,31,1.28,9.208208202197742e-05,1-4 px
NGA,NG021028,2026-06-01,2,1.5709525,1.6098022,1.5277863,1.6098022,19,29.848099,0.04095116,1.568487687994526,1.60980224609375,1.5125274658203125,1.5277862548828125,28.135529552320016,0.041114076813051584,18,0.76,0.0015689920640337585,<1 px
NGA,NG021029,2026-06-01,2,1.5937542,1.5277863,1.5125275,1.7127991,29,46.218872,0.09325317,1.6016466226080128,1.712799072265625,1.5125274658203125,1.5277862548828125,41.91011159377922,0.094348965662117,26,1.16,0.004952095252839375,1-4 px
NGA,NG021030,2026-06-01,2,0.7724762,0.8277893,0.6599426,0.89263916,14,10.814667,0.08545445,0.7699753260976689,0.89263916015625,0.659942626953125,0.827789306640625,12.43747470240919,0.08542902297848501,16,0.56,0.0032374769634727937,<1 px
NGA,NG021031,2026-06-01,2,1.8494924,1.7471313,1.6803741,2.1209717,24,44.387817,0.1938898,1.8361939435808983,2.1209716796875,1.6803741455078125,1.74713134765625,42.28698892401184,0.18925772387850012,23,0.96,0.0071903276915880575,<1 px
NGA,NG021032,2026-06-01,2,1.172273,1.2645721,0.8049011,1.6098022,46,53.92456,0.2101396,1.162930453337688,1.60980224609375,0.5970001220703125,1.2645721435546875,53.752303270826474,0.2164025773398276,46,1.84,0.007969599796559184,1-4 px
NGA,NG021033,2026-06-01,2,0.85223806,0.93460083,0.6713867,1.001358,11,9.374619,0.1337293,0.8268461496391636,1.0013580322265625,0.67138671875,0.7762908935546875,9.009527017056485,0.13406127667005996,11,0.44,0.029794386747801938,<1 px
NGA,NG021034,2026-06-01,2,0.6571377,0.6713867,0.497818,0.7762909,17,11.171341,0.06315504,0.6503867565915111,0.7762908935546875,0.446319580078125,0.67138671875,11.257403036246671,0.0784388971086096,17,0.68,0.010273255374769882,<1 px
NGA,NG022,2026-06-01,1,1.2640125,1.2245178,0.2593994,2.4356842,1220,1542.0952,0.46651673,1.2655810830115153,2.4356842041015625,0.2593994140625,1.224517822265625,1536.5303754126835,0.466541539076165,1214,48.8,0.0012409553002959235,16-64 px
NGA,NG022001,2026-06-01,2,0.77421016,0.7686615,0.58555603,0.8907318,11,8.516312,0.075673506,0.7763849085468241,0.8983612060546875,0.5855560302734375,0.7686614990234375,8.644188326634161,0.064579733952339,11,0.44,0.0028089899347537497,<1 px
NGA,NG022002,2026-06-01,2,0.9940845,1.1119843,0.42533875,1.3160706,134,133.20732,0.29795688,0.9925789215495133,1.338958740234375,0.4253387451171875,1.1119842529296875,132.9199175062322,0.2967476454929696,134,5.36,0.0015145376982406535,4-16 px
NGA,NG022003,2026-06-01,2,0.8936201,0.8239746,0.6313324,1.1119843,35,31.276703,0.14323622,0.8953875851668778,1.1119842529296875,0.6313323974609375,0.823974609375,32.70034146289902,0.14491499763869142,37,1.4,0.0019778932533833413,1-4 px
NGA,NG022004,2026-06-01,2,0.5627168,0.4787445,0.2593994,0.8239746,39,21.945953,0.15024842,0.5585549818398525,0.823974609375,0.2593994140625,0.4787445068359375,21.212650820245926,0.1485042742526258,38,1.56,0.007395937281679683,1-4 px
NGA,NG022005,2026-06-01,2,1.5123601,1.4228821,0.82969666,2.3822784,171,258.6136,0.48997802,1.525618597783195,2.3822784423828125,0.8296966552734375,1.422882080078125,256.943838981849,0.4839348272730678,168,6.84,0.008766759836625617,4-16 px
NGA,NG022006,2026-06-01,2,0.89814925,0.8983612,0.58555603,1.1119843,36,32.333374,0.091484025,0.8846360705075722,1.1119842529296875,0.5855560302734375,0.8983612060546875,31.54699398724148,0.09734856470988963,36,1.44,0.015045583451111056,1-4 px
NGA,NG022007,2026-06-01,2,1.0029384,0.8907318,0.8716583,1.3389587,35,35.102844,0.1865915,0.9939098282606587,1.338958740234375,0.5855560302734375,0.8907318115234375,36.445409844199084,0.18154365523603813,37,1.4,0.009002119910197118,1-4 px
NGA,NG022008,2026-06-01,2,1.3579736,1.3389587,0.8907318,1.8482208,65,88.26828,0.27343854,1.365729552302629,1.8482208251953125,0.8907318115234375,1.338958740234375,88.04699083916067,0.2693320089930133,64,2.6,0.005711416114885394,1-4 px
NGA,NG022009,2026-06-01,2,1.3126715,1.291275,1.0948181,1.6460419,78,102.38838,0.19159652,1.3154400399238104,1.6460418701171875,1.094818115234375,1.2912750244140625,97.88227376539282,0.1919203313333064,74,3.12,0.0021090881639545243,1-4 px
NGA,NG022010,2026-06-01,2,0.8605656,0.8907318,0.6313324,0.8945465,38,32.701492,0.075514294,0.8652506561176886,0.8945465087890625,0.6313323974609375,0.8907318115234375,30.272811744325168,0.07117100798851939,35,1.52,0.005444159187502436,1-4 px
NGA,NG022011,2026-06-01,2,0.7932109,0.88882446,0.58555603,0.88882446,31,24.589539,0.122009486,0.7825878690792303,1.3294219970703125,0.5855560302734375,0.888824462890625,25.108729907874494,0.1281122775858137,32,1.24,0.013392441935391674,1-4 px
NGA,NG022012,2026-06-01,2,0.85865366,0.8716583,0.58555603,0.957489,22,18.89038,0.13439536,0.851805045482109,1.285552978515625,0.5855560302734375,0.8716583251953125,17.196807510549974,0.13736461848262527,20,0.88,0.00797599176120787,<1 px
NGA,NG022013,2026-06-01,2,1.0339603,1.039505,0.82969666,1.329422,43,44.460297,0.1607928,1.0261854536858346,1.3294219970703125,0.8296966552734375,1.0395050048828125,45.67807585864614,0.16045057714922362,45,1.72,0.00751948243483368,1-4 px
NGA,NG022014,2026-06-01,2,0.8466969,0.77438354,0.58555603,1.329422,46,38.94806,0.24277817,0.8639727789145586,1.3294219970703125,0.5855560302734375,0.774383544921875,38.2657439654599,0.2466374466802714,44,1.84,0.0204038528008767,1-4 px
NGA,NG022015,2026-06-01,2,1.4845173,1.4095306,1.0471344,1.8863678,89,132.12204,0.26721558,1.4825712046005994,2.1228790283203125,1.0471343994140625,1.4095306396484375,127.65742979778949,0.26439313983716384,86,3.56,0.0013109280702896522,1-4 px
NGA,NG022016,2026-06-01,2,1.8955072,1.7681122,1.5792847,2.2258759,48,90.984344,0.22590676,1.8883680424836289,2.2258758544921875,1.57928466796875,1.7681121826171875,90.78726528866099,0.22403056481196917,48,1.92,0.003766357371985221,1-4 px
NGA,NG022017,2026-06-01,2,1.1493076,1.1005402,0.8869171,1.3046265,88,101.13907,0.09778716,1.1476317796004782,1.30462646484375,0.8869171142578125,1.1005401611328125,103.02860523143664,0.09744605776040736,90,3.52,0.0014581130408619447,1-4 px
NGA,NG022018,2026-06-01,2,0.9579004,0.8907318,0.77438354,1.8482208,51,48.85292,0.18708812,0.9540666516062558,1.8482208251953125,0.774383544921875,0.8907318115234375,49.64088250538623,0.18158996012520934,52,2.04,0.004002241145054511,1-4 px
NGA,NG022019,2026-06-01,2,1.9018509,1.871109,1.291275,2.4356842,136,258.65173,0.334068,1.90451395218194,2.4356842041015625,1.2912750244140625,1.8711090087890625,258.4308221280862,0.33473521389684624,136,5.44,0.0014002423544033785,4-16 px
NGA,NG022020,2026-06-01,2,1.3624827,1.405716,1.2760162,1.405716,3,4.087448,0.06114103,1.380894231887072,1.73187255859375,1.2760162353515625,1.4057159423828125,5.607147873298857,0.05871804853257577,4,0.12,0.013513222507024948,<1 px
NGA,NG022021,2026-06-01,2,1.667386,1.6460419,1.5792847,1.789093,21,35.015106,0.07256433,1.6664944261417363,1.789093017578125,1.47247314453125,1.6460418701171875,38.51343897867121,0.0735051354117957,23,0.84,0.0005347135325975942,<1 px
NGA,NG023,2026-06-01,1,4.0908113,4.371643,1.5506744,7.4443817,950,3886.2705,1.4763411,4.089858857016825,7.4443817138671875,1.5506744384765625,4.37164306640625,3875.3577056114937,1.477946515980192,948,38.0,0.00023282496143865562,16-64 px
NGA,NG023001,2026-06-01,2,3.2662477,2.401352,2.401352,5.0754547,22,71.85745,1.2198483,3.4260376641759187,5.0754547119140625,2.4013519287109375,2.4013519287109375,80.12066360145731,1.2500077406611827,23,0.88,0.048921569596794084,<1 px
NGA,NG023002,2026-06-01,2,4.8137107,4.966736,2.401352,6.454468,48,231.05812,1.2777115,4.766865570585927,6.4544677734375,2.4013519287109375,4.96673583984375,215.7162339791796,1.262541170802091,45,1.92,0.00973160464630178,1-4 px
NGA,NG023003,2026-06-01,2,4.4358573,3.955841,2.6893616,5.443573,42,186.306,0.85664696,4.389718067195132,5.443572998046875,2.689361572265625,3.955841064453125,184.31785029546788,0.8618282765193515,42,1.68,0.010401424050513973,1-4 px
NGA,NG023004,2026-06-01,2,3.3283234,3.5572052,1.8882751,6.454468,63,209.68437,1.3054367,3.3440540536618584,7.4443817138671875,1.888275146484375,3.5572052001953125,212.18752881537185,1.3366840789717003,63,2.52,0.004726299632379005,1-4 px
NGA,NG023005,2026-06-01,2,5.546149,5.9280396,3.5572052,7.4443817,77,427.05347,1.4516535,5.536747213162491,7.4443817138671875,3.5572052001953125,5.92803955078125,436.7972187317548,1.455740618483925,79,3.08,0.001695191895765598,1-4 px
NGA,NG023006,2026-06-01,2,4.4047728,4.262924,4.22287,4.650116,46,202.61955,0.17998742,4.409671364512934,4.8656463623046875,4.222869873046875,4.2629241943359375,192.62601373246645,0.18566377933153946,44,1.84,0.0011121037872677618,1-4 px
NGA,NG023007,2026-06-01,2,4.650116,4.650116,4.650116,4.650116,4,18.600464,0.0,4.756195451089314,5.767822265625,4.650115966796875,4.650115966796875,20.888763076243322,0.32758640201075034,4,0.16,0.02281221610155846,<1 px
NGA,NG023008,2026-06-01,2,5.090545,5.1460266,4.5108795,5.92041,68,346.15707,0.501483,5.095453218513763,5.92041015625,4.5108795166015625,5.146026611328125,352.6566951073118,0.4967876759815085,69,2.72,0.0009641833072417584,1-4 px
NGA,NG023009,2026-06-01,2,5.4203744,5.5065155,4.951477,5.8460236,43,233.0761,0.41696888,5.420684757067839,5.8460235595703125,4.7779083251953125,5.5065155029296875,227.9813897496208,0.4189442944844605,42,1.72,5.725749642665026e-05,1-4 px
NGA,NG023010,2026-06-01,2,3.5930014,3.2215118,1.5945435,5.8460236,86,308.9981,1.1822484,3.61841548962939,5.8460235595703125,1.59454345703125,3.7899017333984375,319.78280617614985,1.188736540467503,88,3.44,0.00707322007427834,1-4 px
NGA,NG023011,2026-06-01,2,2.2366095,2.1572113,1.7852783,3.1108856,51,114.06708,0.3888308,2.237043313777733,3.57818603515625,1.7852783203125,2.1572113037109375,109.68959434638492,0.3858753467086371,49,2.04,0.00019396044670868257,1-4 px
NGA,NG023012,2026-06-01,2,2.1476378,1.996994,1.5945435,4.4498444,104,223.35434,0.74983007,2.1527119160701056,4.4498443603515625,1.59454345703125,1.9969940185546875,226.21909491096216,0.7431788910309749,105,4.16,0.0023626498239626577,4-16 px
NGA,NG023013,2026-06-01,2,4.995891,4.7779083,4.371643,5.8460236,28,139.88495,0.40362138,4.990645059551172,5.8460235595703125,4.37164306640625,4.7779083251953125,136.47553085434083,0.3959658318450052,27,1.12,0.001050051021695336,1-4 px
NGA,NG023014,2026-06-01,2,5.878613,5.844116,4.989624,7.4443817,58,340.95953,0.6896917,5.904295085605675,7.4443817138671875,4.9896240234375,5.92041015625,331.7721936678453,0.674761421471116,56,2.32,0.00436873214917791,1-4 px
NGA,NG023015,2026-06-01,2,5.0754547,5.0754547,5.0754547,5.0754547,3,15.226364,0.0,5.129480106945001,5.5065155029296875,5.0754547119140625,5.0754547119140625,13.330550576062805,0.14272170896089725,3,0.12,0.010644446682777302,<1 px
NGA,NG023016,2026-06-01,2,3.5953522,3.7899017,2.401352,5.0754547,23,82.6931,0.8250382,3.577605358357418,5.5065155029296875,1.9969940185546875,3.7899017333984375,77.54403334971904,0.8677900254572977,22,0.92,0.004936050950052157,<1 px
NGA,NG023017,2026-06-01,2,5.031967,5.0754547,4.966736,5.0754547,10,50.31967,0.053261153,5.023844386215768,5.0754547119140625,4.95147705078125,5.0754547119140625,49.10810844727109,0.05498845460614745,10,0.4,0.0016142025144901834,<1 px
NGA,NG023018,2026-06-01,2,4.670918,4.989624,3.6392212,5.2375793,32,149.46938,0.6048563,4.683513550627148,5.237579345703125,3.63922119140625,4.9896240234375,151.91309682620613,0.5885839548047948,32,1.28,0.0026965899694979803,1-4 px
NGA,NG023019,2026-06-01,2,2.9527957,3.1232834,1.5506744,5.443573,52,153.54538,0.97245467,2.9469851072911353,5.443572998046875,1.5506744384765625,3.5572052001953125,153.81013885340522,1.0074980014681578,52,2.08,0.0019678275435257935,1-4 px
NGA,NG023020,2026-06-01,2,4.5959854,4.5747757,3.025055,5.7640076,50,229.79927,0.691839,4.58421806259799,5.7773590087890625,3.025054931640625,4.37164306640625,221.5836621581646,0.6869550689653697,48,2.0,0.002560351345330686,1-4 px
NGA,NG023021,2026-06-01,2,3.7715619,3.8223267,3.1986237,4.966736,39,147.09091,0.49043918,3.8118355667655925,5.1555633544921875,3.1986236572265625,3.82232666015625,160.83652193183974,0.5338483929596758,42,1.56,0.010678246263329926,1-4 px
NGA,NG024,2026-06-01,1,3.7632778,3.6411285,1.7642975,7.7648163,1112,4184.7646,1.3003168,3.769826374890512,7.7648162841796875,1.7642974853515625,3.6411285400390625,4171.304505139453,1.300979706155456,1106,44.48,0.0017401252946333333,16-64 px
NGA,NG024001,2026-06-01,2,3.58665,3.660202,3.0574799,6.5898895,48,172.1592,0.49784034,3.5729188083268903,6.5898895263671875,3.0574798583984375,3.6602020263671875,156.75379899871277,0.42892476800469664,44,1.92,0.0038284169554067904,1-4 px
NGA,NG024002,2026-06-01,2,4.37909,4.2476654,2.155304,5.9928894,324,1418.8252,1.1423721,4.392854956442363,6.30950927734375,2.155303955078125,4.2476654052734375,1399.4240535935899,1.130481634476012,319,12.96,0.0031433371870328406,4-16 px
NGA,NG024003,2026-06-01,2,2.5951107,2.3078918,1.9683838,3.2215118,82,212.79907,0.4516368,2.6039526879145285,3.2215118408203125,1.9683837890625,2.307891845703125,217.0265506658473,0.45302548014602295,83,3.28,0.003407171769022524,1-4 px
NGA,NG024004,2026-06-01,2,5.4416656,6.4582825,3.8223267,6.4582825,14,76.18332,1.1990348,5.3787331761508375,6.458282470703125,3.82232666015625,6.458282470703125,83.89749725985496,1.1717990362568735,16,0.56,0.011564919360197889,<1 px
NGA,NG024005,2026-06-01,2,4.280293,3.8986206,2.2220612,6.5898895,113,483.6731,1.0403179,4.2768767657982005,6.5898895263671875,2.2220611572265625,3.89862060546875,483.1005521481746,1.0650488727318292,113,4.52,0.0007981309227662258,4-16 px
NGA,NG024006,2026-06-01,2,4.312379,3.6735535,3.1776428,5.4893494,14,60.373306,1.0358542,4.287463504235834,5.489349365234375,3.177642822265625,3.673553466796875,63.56378684104769,1.0118646611823758,15,0.56,0.0057776683738061385,<1 px
NGA,NG024007,2026-06-01,2,4.729589,5.4893494,3.2100677,5.4893494,9,42.5663,1.0744636,4.532321866193367,5.489349365234375,3.2100677490234375,5.489349365234375,36.54024671888578,1.1249149082716494,8,0.36,0.04170914931649083,<1 px
NGA,NG024008,2026-06-01,2,3.2100677,3.2100677,3.2100677,3.2100677,4,12.840271,0.0,3.2100677490234375,3.2100677490234375,3.2100677490234375,3.2100677490234375,15.713065696587591,0.0,5,0.16,1.5271776763341887e-08,<1 px
NGA,NG024009,2026-06-01,2,6.567081,6.5898895,4.6138763,7.7648163,24,157.60994,0.88182384,6.581975051700705,7.7648162841796875,4.6138763427734375,6.5898895263671875,151.44318842830185,0.9189155392420122,23,0.96,0.002267986598719433,<1 px
NGA,NG024010,2026-06-01,2,5.5152893,5.674362,4.6138763,5.674362,20,110.305786,0.37866917,5.482894212200364,5.6743621826171875,4.6138763427734375,5.6743621826171875,113.61302847845423,0.40790818539853557,21,0.8,0.005873687858882793,<1 px
NGA,NG024011,2026-06-01,2,2.9766116,3.129959,1.7642975,4.650116,231,687.5973,0.81420165,2.9927605301191447,4.650115966796875,1.7642974853515625,3.1299591064453125,683.5045484127278,0.8093838917182354,228,9.24,0.005425272856943998,4-16 px
NGA,NG024012,2026-06-01,2,3.0480187,3.0574799,2.2220612,5.4893494,101,307.84988,0.6099984,3.0656908582775,5.489349365234375,1.9683837890625,3.0574798583984375,314.51902337553685,0.6414123517077837,103,4.04,0.005797916619573275,4-16 px
NGA,NG024013,2026-06-01,2,6.5898895,6.5898895,6.5898895,6.5898895,3,19.769669,0.0,6.702094455293183,7.37762451171875,3.6602020263671875,6.5898895263671875,20.744827974833456,0.35100745346984374,3,0.12,0.01702683410597149,<1 px
NGA,NG024014,2026-06-01,2,4.7885895,4.6138763,3.8223267,7.7648163,15,71.82884,0.9917002,4.898094400908408,7.7648162841796875,3.82232666015625,4.6138763427734375,70.04142483406639,1.0536690752248095,14,0.6,0.022867882266460426,<1 px
NGA,NG024015,2026-06-01,2,6.044515,6.5898895,3.660202,7.3776245,15,90.667725,1.4126937,6.04902912982741,7.37762451171875,3.6602020263671875,6.5898895263671875,101.01350744484705,1.2902447982745817,17,0.6,0.0007468142319789937,<1 px
NGA,NG024016,2026-06-01,2,2.733853,2.620697,2.0427704,3.3493042,95,259.71603,0.470865,2.724723148124955,3.34930419921875,1.8444061279296875,2.5386810302734375,260.40538787830417,0.4694530602981402,96,3.8,0.0033395547877098338,1-4 px
NGA,NG025,2026-06-01,1,16.662727,17.007828,13.219833,18.10646,118,1966.2018,1.4063355,16.61649137946519,18.106460571289062,12.775421142578125,17.007827758789062,1895.506182265913,1.4165985760374111,114,4.72,0.0027747931376904075,4-16 px
NGA,NG025001,2026-06-01,2,,,,,0,0.0,,16.84598018841592,17.6544189453125,15.657424926757812,17.6544189453125,6.324362704890341,0.9802418774148401,0,0.0,,
NGA,NG025002,2026-06-01,2,17.654419,17.654419,17.654419,17.654419,1,17.654419,0.0,17.6544189453125,17.6544189453125,17.6544189453125,17.6544189453125,7.36376477163958,0.0,0,0.04,3.09766641145799e-09,<1 px
NGA,NG025003,2026-06-01,2,16.988754,17.654419,15.657425,17.654419,6,101.932526,0.941392,17.281482807660392,17.6544189453125,15.657424926757812,17.6544189453125,103.74859918655943,0.7782479511230816,6,0.24,0.017230740268556023,<1 px
NGA,NG025004,2026-06-01,2,17.580032,17.654419,17.356873,17.654419,4,70.32013,0.12884137,17.627707260023428,17.6544189453125,17.35687255859375,17.6544189453125,79.97502799277356,0.08505557777094368,5,0.16,0.00271189836420255,<1 px
NGA,NG025005,2026-06-01,2,,,,,0,0.0,,17.57959035767294,17.6544189453125,17.35687255859375,17.6544189453125,11.534492356712889,0.12909553961034814,1,0.0,,
NGA,NG025006,2026-06-01,2,16.59999,17.007828,15.621185,17.007828,17,282.19986,0.63181686,16.544601786979165,17.007827758789062,12.775421142578125,17.007827758789062,244.76331243651063,0.6607468685414067,15,0.68,0.003336641348629345,<1 px
NGA,NG025007,2026-06-01,2,15.803208,16.557693,13.219833,18.10646,37,584.7187,1.7577574,15.78115984231731,18.106460571289062,13.219833374023438,16.557693481445312,609.4485867669807,1.7389711328200606,39,1.48,0.001395169745452307,1-4 px
NGA,NG025008,2026-06-01,2,17.481804,17.356873,17.356873,18.10646,6,104.89082,0.27935496,17.452752652777754,18.106460571289062,17.35687255859375,17.35687255859375,109.01588869085543,0.2503549016809814,6,0.24,0.0016618048813638712,<1 px
NGA,NG025009,2026-06-01,2,17.011642,18.10646,13.219833,18.10646,16,272.18628,1.5924356,17.213268227603137,18.106460571289062,13.219833374023438,18.106460571289062,254.4362254667476,1.3761415238795038,15,0.64,0.011852249630173213,<1 px
NGA,NG025010,2026-06-01,2,,,,,0,0.0,,15.658150637696409,17.6544189453125,15.657424926757812,15.657424926757812,16.92943672199354,0.03806197245559264,1,0.0,,
NGA,NG025011,2026-06-01,2,16.655922,16.655922,15.657425,17.654419,2,33.311844,0.998497,17.258156254125403,17.6544189453125,15.657424926757812,17.6544189453125,26.29178931183862,0.7893743408215964,2,0.08,0.03615736517770692,<1 px
NGA,NG025012,2026-06-01,2,16.785015,17.356873,15.359879,18.10646,11,184.63516,1.0755782,16.592040069363993,18.106460571289062,15.359878540039062,17.35687255859375,216.46610982042347,1.081798335915737,13,0.44,0.011496857800604209,<1 px
NGA,NG025013,2026-06-01,2,17.356873,17.356873,17.356873,17.356873,3,52.070618,0.0,17.08628183992138,17.6544189453125,15.359878540039062,17.35687255859375,45.58164774993156,0.6984704230445818,3,0.12,0.015589856541476115,<1 px
NGA,NG025014,2026-06-01,2,17.356873,17.356873,17.356873,17.356873,1,17.356873,0.0,17.35687255859375,17.35687255859375,17.35687255859375,17.35687255859375,4.879477546460009,0.0,0,0.04,2.5431208157012153e-08,<1 px
NGA,NG025015,2026-06-01,2,17.356873,17.356873,17.356873,17.356873,1,17.356873,0.0,17.418664015543673,17.6544189453125,17.35687255859375,17.35687255859375,13.387459095604015,0.12069648128069992,1,0.04,0.0035600315531301345,<1 px
NGA,NG025016,2026-06-01,2,17.654419,17.654419,17.654419,17.654419,1,17.654419,0.0,17.6544189453125,17.6544189453125,17.6544189453125,17.6544189453125,9.558642970830533,0.0,1,0.04,3.09766641145799e-09,<1 px
NGA,NG025017,2026-06-01,2,17.411947,17.654419,17.007828,17.654419,8,139.29558,0.31302962,17.529441817881494,17.6544189453125,17.007827758789062,17.6544189453125,92.66780483443426,0.2553229851247229,5,0.32,0.006747942540917047,<1 px
NGA,NG025018,2026-06-01,2,17.654419,17.654419,17.654419,17.654419,2,35.308838,0.0,17.6544189453125,17.6544189453125,17.6544189453125,17.6544189453125,25.476054061357445,0.0,1,0.08,3.09766641145799e-09,<1 px
NGA,NG025019,2026-06-01,2,,,,,0,0.0,,17.43012273734697,17.6544189453125,17.35687255859375,17.35687255859375,6.374445102608206,0.1281785369207526,0,0.0,,
NGA,NG025020,2026-06-01,2,17.654419,17.654419,17.654419,17.654419,1,17.654419,0.0,17.6544189453125,17.6544189453125,17.6544189453125,17.6544189453125,11.283097817482712,0.0,1,0.04,3.09766641145799e-09,<1 px
NGA,NG026,2026-06-01,1,2.1225612,1.8882751,0.6122589,10.393143,882,1872.0989,1.26133,2.1073342043931524,10.393142700195312,0.6122589111328125,1.888275146484375,1852.7068273247348,1.2518855649218286,879,35.28,0.00717387824051781,16-64 px
NGA,NG026001,2026-06-01,2,3.8068295,4.190445,3.1738281,5.4016113,32,121.81854,0.5291337,3.802407230782985,5.401611328125,3.173828125,4.1904449462890625,117.04077302709948,0.5091036147625817,31,1.28,0.001161667265900738,1-4 px
NGA,NG026002,2026-06-01,2,0.9008071,0.875473,0.6866455,1.2512207,85,76.5686,0.17535813,0.8968931913894949,1.251220703125,0.6866455078125,0.8754730224609375,77.76080914112526,0.17349162721561218,87,3.4,0.004344890943360807,1-4 px
NGA,NG026003,2026-06-01,2,1.1480119,1.247406,0.92315674,1.4686584,81,92.98897,0.16576399,1.150066899044366,1.7147064208984375,0.92315673828125,1.247406005859375,93.90798128442457,0.16787664819889436,82,3.24,0.0017900502985780233,1-4 px
NGA,NG026004,2026-06-01,2,2.8430622,2.6416779,2.2563934,4.091263,96,272.93396,0.50614315,2.85948957689153,4.4727325439453125,2.2563934326171875,2.6416778564453125,271.38961017607596,0.5236601611210495,95,3.84,0.005778057508390135,1-4 px
NGA,NG026005,2026-06-01,2,1.200676,1.2512207,1.0414124,1.2645721,36,43.224335,0.0903511,1.1953600369276214,1.2645721435546875,1.041412353515625,1.251220703125,45.72465627789013,0.09103469340527652,38,1.44,0.004427475082685665,1-4 px
NGA,NG026006,2026-06-01,2,2.7052562,2.5634766,2.2563934,3.2958984,3,8.115768,0.43605715,2.685391090636819,3.6029815673828125,2.2563934326171875,2.5634765625,9.958303605239749,0.49903489669866957,4,0.12,0.007343152697767028,<1 px
NGA,NG026007,2026-06-01,2,2.8611352,3.2958984,1.247406,4.190445,85,243.19649,0.9623617,2.854052568067239,4.1904449462890625,0.92315673828125,3.2958984375,239.71721547328963,0.959194640496988,84,3.4,0.0024754621636758943,1-4 px
NGA,NG026008,2026-06-01,2,1.4454026,1.1768341,0.6122589,3.5552979,83,119.968414,0.86323154,1.4087661903672588,6.103515625,0.6122589111328125,1.1768341064453125,123.02002648283406,0.8648680933438743,87,3.32,0.02534685466370489,1-4 px
NGA,NG026009,2026-06-01,2,1.8675153,1.8157959,0.92315674,3.2958984,164,306.27252,0.48596537,1.8683631908379212,3.2958984375,0.92315673828125,1.8157958984375,297.7638808033589,0.4801436740007864,159,6.56,0.00045402082538293005,4-16 px
NGA,NG026010,2026-06-01,2,2.5110698,2.0961761,1.247406,4.190445,42,105.464935,0.8056385,2.4866781155353177,4.1904449462890625,1.1768341064453125,2.0961761474609375,102.85489522829927,0.7783818251212256,41,1.68,0.009713662465568387,1-4 px
NGA,NG026011,2026-06-01,2,1.1018647,1.1768341,0.8716583,1.2645721,36,39.66713,0.16808182,1.115477605302771,1.2645721435546875,0.8716583251953125,1.1768341064453125,37.228419132873114,0.16347688664308632,33,1.44,0.012354425459651399,1-4 px
NGA,NG026012,2026-06-01,2,2.3421085,2.1324158,1.8882751,3.1108856,99,231.86874,0.37318066,2.3341119548305795,3.1108856201171875,1.888275146484375,2.132415771484375,228.58266881082835,0.368465985180588,98,3.96,0.0034142505223052687,1-4 px
NGA,NG026013,2026-06-01,2,5.250263,6.1035156,1.405716,10.393143,40,210.01053,2.406,5.218607830767156,10.393142700195312,1.4057159423828125,6.103515625,207.75758606284,2.320270486080474,40,1.6,0.006029254007436273,1-4 px
NGA,NG027,2026-06-01,1,1.9210325,1.953125,1.0471344,3.3187866,2358,4529.795,0.3764278,1.9215843556760255,4.0912628173828125,1.0471343994140625,1.953125,4558.733182640329,0.3769892890738709,2372,94.32,0.0002872703486409308,>64 px
NGA,NG027001,2026-06-01,2,2.255049,2.3212433,1.9035339,2.5253296,61,137.55798,0.21796738,2.259134986339526,2.52532958984375,1.903533935546875,2.3212432861328125,142.6402930650994,0.21779455497488523,63,2.44,0.0018119279623307293,1-4 px
NGA,NG027002,2026-06-01,2,1.1708395,1.1062622,1.0471344,1.405716,49,57.37114,0.12676777,1.1748258028208518,1.73187255859375,1.0471343994140625,1.10626220703125,57.159585938570956,0.13213423773887054,49,1.96,0.0034046535164313917,1-4 px
NGA,NG027003,2026-06-01,2,2.040863,2.040863,2.040863,2.040863,1,2.040863,0.0,2.0284580191663286,2.040863037109375,1.8100738525390625,2.040863037109375,3.4772922415271523,0.05204862635544273,2,0.04,0.006078301597741374,<1 px
NGA,NG027004,2026-06-01,2,1.8066334,1.958847,1.0471344,2.9640198,367,663.0344,0.40240136,1.807226311884153,3.1871795654296875,1.0471343994140625,1.9588470458984375,671.6152441653911,0.4073248201348297,372,14.68,0.0003281860526618197,4-16 px
NGA,NG027005,2026-06-01,2,1.7001724,1.7375946,1.5125275,2.1858215,50,85.00862,0.1385575,1.7016618143026288,2.185821533203125,1.5125274658203125,1.7375946044921875,85.19966466842277,0.14590018923905004,50,2.0,0.0008760372198894195,1-4 px
NGA,NG027006,2026-06-01,2,1.6676584,1.7375946,1.5277863,1.7375946,3,5.0029755,0.0989046,1.6695189888075415,1.7375946044921875,1.5277862548828125,1.7375946044921875,3.4753184911195945,0.0982269979414725,2,0.12,0.0011156894047014445,<1 px
NGA,NG027007,2026-06-01,2,2.4499211,2.3975372,2.193451,2.620697,28,68.59779,0.13380456,2.445412090990318,2.620697021484375,2.193450927734375,2.3975372314453125,73.31300814179542,0.13535206376926723,30,1.12,0.0018404711113684377,1-4 px
NGA,NG027008,2026-06-01,2,1.8400911,1.8100739,1.6422272,2.3975372,61,112.24556,0.18880522,1.834286119527864,2.3975372314453125,1.6422271728515625,1.8100738525390625,105.68408683448993,0.18343043026114483,58,2.44,0.003154724498225152,1-4 px
NGA,NG027009,2026-06-01,2,2.1278064,1.8463135,1.4953613,3.3187866,36,76.60103,0.743375,2.14916925878783,3.31878662109375,1.495361328125,1.91497802734375,80.00924470858983,0.7338130004273857,37,1.44,0.010039850800256106,1-4 px
NGA,NG027010,2026-06-01,2,1.9847022,1.9302368,1.7375946,2.117157,54,107.17392,0.11553924,1.9772725040067105,2.117156982421875,1.7375946044921875,1.93023681640625,107.39420059699967,0.11703868486117223,54,2.16,0.0037434815123848684,1-4 px
NGA,NG027011,2026-06-01,2,2.0035427,1.9130707,1.6899109,2.418518,60,120.212555,0.19574279,1.9979935388906818,2.41851806640625,1.689910888671875,1.9130706787109375,116.94536237669695,0.1969619831746103,59,2.4,0.00276967449174822,1-4 px
NGA,NG027012,2026-06-01,2,2.1940613,2.1572113,1.5945435,2.5253296,100,219.40613,0.2336473,2.182743574267751,2.52532958984375,1.59454345703125,2.1572113037109375,217.40807880696877,0.23568991726482172,100,4.0,0.0051583452715058525,1-4 px
NGA,NG027013,2026-06-01,2,2.0135543,1.9454956,1.6593933,2.4681091,85,171.15211,0.270872,2.0095036996098283,2.468109130859375,1.6422271728515625,1.94549560546875,171.34509132286092,0.26902863840035635,85,3.4,0.002011666827247563,1-4 px
NGA,NG027014,2026-06-01,2,1.9357114,2.0065308,1.405716,2.418518,131,253.57819,0.25889483,1.9392183525205113,2.41851806640625,1.277923583984375,2.00653076171875,259.7520074730797,0.25800064360518,134,5.24,0.0018117124900495828,4-16 px
NGA,NG027015,2026-06-01,2,1.886438,1.8558502,1.5621185,2.3727417,190,358.42322,0.2283086,1.8860753698988084,2.4356842041015625,1.42669677734375,1.8558502197265625,359.7803656802956,0.2293541573430662,191,7.6,0.00019223006597176323,4-16 px
NGA,NG027016,2026-06-01,2,2.0970464,2.1095276,1.7223358,2.418518,309,647.98737,0.18720278,2.0963558918863128,2.41851806640625,1.7223358154296875,2.109527587890625,642.855151316013,0.18650487498267393,307,12.36,0.0003292765070373287,4-16 px
NGA,NG027017,2026-06-01,2,2.1604526,2.122879,1.6422272,2.620697,173,373.7583,0.18665157,2.1562613565971405,2.620697021484375,1.6422271728515625,2.117156982421875,376.11794952567834,0.18729601711448007,174,6.92,0.0019399839657948065,4-16 px
NGA,NG027018,2026-06-01,2,1.6038277,1.4820099,1.1768341,2.23732,68,109.06029,0.365431,1.6059934284460131,2.2373199462890625,1.1768341064453125,1.4820098876953125,110.48670669722149,0.3628009642664885,69,2.72,0.0013503498200043793,1-4 px
NGA,NG027019,2026-06-01,2,2.1204667,1.991272,1.4820099,3.0841827,68,144.19174,0.4148557,2.113424144270292,3.0841827392578125,1.4820098876953125,1.99127197265625,145.38762772016156,0.40330916561097413,69,2.72,0.0033212291094730437,1-4 px
NGA,NG027020,2026-06-01,2,1.8926682,1.9950867,1.4324188,2.210617,122,230.90553,0.2150345,1.8953695894162998,2.2106170654296875,1.4324188232421875,1.995086669921875,230.30346713048823,0.2102981585273868,122,4.88,0.0014272915962237531,4-16 px
NGA,NG027021,2026-06-01,2,1.4422491,1.4724731,1.1348724,1.7681122,104,149.9939,0.14547297,1.445075273094943,1.7681121826171875,1.1348724365234375,1.47247314453125,149.18559525929354,0.14707153877027868,103,4.16,0.0019595596176437487,4-16 px
NGA,NG027022,2026-06-01,2,1.7434634,1.7433167,1.1768341,2.6283264,169,294.64532,0.37848923,1.7484317475049302,2.628326416015625,1.1768341064453125,1.743316650390625,301.7101586681115,0.3876525720188277,173,6.76,0.0028496999162301016,4-16 px
NGA,NG027023,2026-06-01,2,3.3187866,3.3187866,3.3187866,3.3187866,4,13.2751465,0.0,3.3179656434485083,3.31878662109375,3.3016204833984375,3.31878662109375,14.10277372322355,0.003663196829137641,4,0.16,0.00024736647770357874,<1 px
NGA,NG027024,2026-06-01,2,3.3187866,3.3187866,3.3187866,3.3187866,8,26.550293,0.0,3.32736921342778,4.0912628173828125,3.31878662109375,3.31878662109375,26.452490070716372,0.0809702870769214,8,0.32,0.002586069688174519,<1 px
NGA,NG027025,2026-06-01,2,1.7898291,1.7223358,1.6422272,1.953125,57,102.02026,0.13002004,1.791913303716878,2.2106170654296875,1.6422271728515625,1.7223358154296875,106.93243007544595,0.1352850006184089,60,2.28,0.00116447079605422,1-4 px
NGA,NG028,2026-06-01,1,11.175411,11.083603,4.6195984,17.654419,545,6090.599,3.2364607,11.181620363971453,17.6544189453125,4.619598388671875,11.083602905273438,6100.786452905016,3.240686051096844,546,21.8,0.0005556273475268355,16-64 px
NGA,NG028001,2026-06-01,2,8.324067,7.9784393,6.374359,11.083603,24,199.7776,1.0933315,8.395757416484114,11.083602905273438,6.3304901123046875,7.9784393310546875,211.29085396354162,1.1905635857044032,25,0.96,0.008612426652033796,<1 px
NGA,NG028002,2026-06-01,2,7.9784393,7.9784393,7.9784393,7.9784393,1,7.9784393,0.0,8.55156228981154,11.083602905273438,7.9784393310546875,7.9784393310546875,15.765833247360916,0.9195432404582842,2,0.04,0.07183397256798593,<1 px
NGA,NG028003,2026-06-01,2,16.357803,17.007828,15.218735,17.654419,25,408.94507,0.9220776,16.33688149757833,17.6544189453125,15.218734741210938,17.007827758789062,456.38981766984443,0.9115825403220235,28,1.0,0.001278992198504395,<1 px
NGA,NG028004,2026-06-01,2,9.056123,9.674072,7.0114136,13.902664,61,552.42346,1.4767349,9.11094432279821,15.218734741210938,6.374359130859375,9.674072265625,553.8999927604365,1.5208339256184054,61,2.44,0.00605350907868742,1-4 px
NGA,NG028005,2026-06-01,2,14.336014,15.218735,10.570526,17.007828,25,358.40033,1.7558187,14.278412473846418,17.007827758789062,10.570526123046875,15.218734741210938,340.45503050164075,1.8064716781839274,24,1.0,0.0040179596750939935,<1 px
NGA,NG028006,2026-06-01,2,11.594192,11.083603,10.570526,15.657425,23,266.6664,1.5284637,11.562162546480115,15.657424926757812,10.570526123046875,11.083602905273438,236.7081204837973,1.5080014154859809,20,0.92,0.0027625429628804145,<1 px
NGA,NG028007,2026-06-01,2,15.570808,15.657425,15.218735,15.657425,17,264.70374,0.15985766,15.5522444710441,15.657424926757812,11.083602905273438,15.657424926757812,274.0132041404553,0.32728175895041767,18,0.68,0.001192200748727995,<1 px
NGA,NG028008,2026-06-01,2,11.547406,12.008667,9.347916,16.557693,72,831.41327,1.6478212,11.589969355892661,16.557693481445312,9.347915649414062,12.0086669921875,822.731968354886,1.6203606464453506,71,2.88,0.0036859668649963967,1-4 px
NGA,NG028009,2026-06-01,2,11.553884,11.644363,8.468628,12.125015,32,369.72427,0.70506096,11.485921327304364,12.125015258789062,8.4686279296875,11.644363403320312,358.5977983540545,0.7469057771462085,31,1.28,0.0058822360251873495,1-4 px
NGA,NG028010,2026-06-01,2,12.9003525,12.9003525,11.644363,14.156342,6,77.402115,1.2559891,12.642845571146813,14.156341552734375,10.456085205078125,11.644363403320312,87.79696310636797,1.2934907541186258,7,0.24,0.019961231978210477,<1 px
NGA,NG028011,2026-06-01,2,14.156342,14.156342,14.156342,14.156342,6,84.93805,0.0,14.156341552734375,14.156341552734375,14.156341552734375,14.156341552734375,66.05069793721441,0.0,5,0.24,3.159471743654364e-08,<1 px
NGA,NG028012,2026-06-01,2,12.69722,12.125015,12.125015,15.558243,6,76.18332,1.2794883,12.997219865802379,15.558242797851562,11.943817138671875,12.125015258789062,61.981486952689124,1.5036669843928427,5,0.24,0.02362720861750673,<1 px
NGA,NG028013,2026-06-01,2,5.717405,6.2732697,4.6195984,8.075714,60,343.04428,0.8297684,5.696680150997103,8.075714111328125,4.619598388671875,6.2732696533203125,337.5857096004964,0.8461896722642177,59,2.4,0.003624869849677909,1-4 px
NGA,NG028014,2026-06-01,2,14.857398,15.621185,13.902664,15.621185,18,267.43317,0.85394,14.978686511736509,17.007827758789062,13.902664184570312,15.621185302734375,280.45503499001256,0.9383138441823375,19,0.72,0.008163509635839937,<1 px
NGA,NG028015,2026-06-01,2,11.889775,11.943817,8.878708,15.657425,48,570.7092,1.7577997,11.899803556849607,15.657424926757812,7.9784393310546875,11.943817138671875,574.391110028328,1.6494315989351782,48,1.92,0.0008434606079262705,1-4 px
NGA,NG028016,2026-06-01,2,8.504702,8.878708,6.664276,9.786606,46,391.21628,0.95114094,8.481417842902957,9.786605834960938,6.3304901123046875,8.878707885742188,398.8079494344876,0.9729305330906293,47,1.84,0.0027377981141541744,1-4 px
NGA,NG028017,2026-06-01,2,15.228384,15.558243,14.156342,15.558243,17,258.8825,0.59466195,14.919609190524035,15.558242797851562,11.644363403320312,15.558242797851562,267.3237896404501,1.089732754263939,18,0.68,0.020276268938054426,<1 px
NGA,NG028018,2026-06-01,2,11.860509,10.948181,10.948181,13.219833,31,367.67578,1.0872401,11.882153517181738,14.12200927734375,10.76507568359375,10.94818115234375,376.6745588606568,1.0817189883805507,32,1.24,0.0018249231278132882,1-4 px
NGA,NG028019,2026-06-01,2,12.125015,12.125015,12.125015,12.125015,6,72.75009,0.0,12.125015258789062,12.125015258789062,12.125015258789062,12.125015258789062,82.9459486354267,0.0,7,0.24,2.1343401477677822e-08,<1 px
NGA,NG028020,2026-06-01,2,15.253884,15.359879,11.943817,15.558243,21,320.33157,0.74545085,15.139687608090039,15.558242797851562,11.943817138671875,15.359878540039062,296.92056853276586,0.9493117543124114,20,0.84,0.007486381298688271,<1 px
NGA,NG029,2026-06-01,1,8.049739,7.8105927,4.9362183,11.459351,498,4008.77,2.1057155,8.019941559613066,11.4593505859375,4.93621826171875,7.259368896484375,3957.187837958227,2.11110384565307,493,19.92,0.0037016654064106085,16-64 px
NGA,NG029001,2026-06-01,2,5.252985,5.094528,5.094528,5.5065155,13,68.2888,0.20043358,5.278501273920881,5.5065155029296875,4.93621826171875,5.0945281982421875,59.50203613691585,0.21162210830468564,11,0.52,0.004857480826783473,<1 px
NGA,NG029002,2026-06-01,2,5.377601,5.094528,4.951477,5.7640076,17,91.41922,0.34178287,5.347171745687654,5.7773590087890625,4.93621826171875,5.0945281982421875,99.7653984486993,0.3489677299980761,19,0.68,0.005658518419709106,<1 px
NGA,NG029003,2026-06-01,2,5.363703,5.5065155,5.094528,5.5065155,8,42.909622,0.186334,5.3708826186949645,5.5065155029296875,5.0945281982421875,5.5065155029296875,39.07262848343862,0.1838792436474278,7,0.32,0.0013385563471662056,<1 px
NGA,NG029004,2026-06-01,2,5.2829742,5.094528,4.9362183,6.374359,15,79.24461,0.4402218,5.228689410337554,6.374359130859375,4.93621826171875,5.0945281982421875,83.9057643318597,0.3642496065601234,16,0.6,0.010275422064799342,<1 px
NGA,NG029005,2026-06-01,2,6.744882,7.129669,5.48172,7.129669,23,155.1323,0.58229727,6.6977286694082245,7.259368896484375,5.481719970703125,7.129669189453125,148.24866346350163,0.6225093641195047,22,0.92,0.0069909793220659855,<1 px
NGA,NG029006,2026-06-01,2,7.1228027,7.129669,6.931305,7.259369,10,71.22803,0.074631706,7.1190862385928,7.259368896484375,6.931304931640625,7.129669189453125,71.82280376945016,0.07898894751961354,10,0.4,0.0005217695286155094,<1 px
NGA,NG029007,2026-06-01,2,10.416296,10.96344,9.067535,11.274338,36,374.98663,0.83200544,10.37413250595579,11.274337768554688,9.067535400390625,10.96343994140625,365.2166039040061,0.8398490001847123,35,1.44,0.004047839466563775,1-4 px
NGA,NG029008,2026-06-01,2,7.4267983,7.259369,6.3095093,8.974075,64,475.3151,0.7318376,7.4339366305532115,8.974075317382812,6.30950927734375,7.259368896484375,466.33007827985296,0.7288707550082935,63,2.56,0.0009611585322320899,1-4 px
NGA,NG029009,2026-06-01,2,6.6108704,6.6871643,5.48172,7.129669,10,66.1087,0.45470166,6.551467038343676,7.129669189453125,5.481719970703125,6.443023681640625,68.12405192597737,0.535256708372962,10,0.4,0.008985709605852083,<1 px
NGA,NG029010,2026-06-01,2,10.996501,11.274338,9.067535,11.459351,33,362.88452,0.6930774,11.04878226239085,11.4593505859375,9.067535400390625,11.274337768554688,348.07038359261355,0.6109693939101568,32,1.32,0.004754354352429858,1-4 px
NGA,NG029011,2026-06-01,2,7.0063853,6.9293976,6.9293976,8.605957,22,154.14047,0.34905642,7.013329778468657,9.347915649414062,6.34002685546875,6.9293975830078125,136.72050040788864,0.37111526764062625,19,0.88,0.0009911642268171325,<1 px
NGA,NG029012,2026-06-01,2,10.337234,10.364532,8.974075,11.08551,32,330.79147,0.4735467,10.365671347837383,11.08551025390625,8.974075317382812,10.364532470703125,302.1540392218913,0.44021350677215515,29,1.28,0.0027509629594708097,1-4 px
NGA,NG029013,2026-06-01,2,9.845643,10.038376,7.8105927,11.08551,63,620.2755,0.88400626,9.824698060414685,11.08551025390625,7.8105926513671875,10.038375854492188,603.8129570232753,0.875151340914109,61,2.52,0.0021273307985386317,1-4 px
NGA,NG029014,2026-06-01,2,10.848926,11.08551,10.038376,11.08551,26,282.07208,0.40526575,10.845669493021909,11.08551025390625,10.038375854492188,11.08551025390625,303.48124784609354,0.39789908811510516,28,1.04,0.0003001686045320871,1-4 px
NGA,NG029015,2026-06-01,2,7.2449274,6.931305,6.9293976,7.8105927,14,101.428986,0.42162248,7.207980286813267,8.60595703125,6.443023681640625,6.931304931640625,105.84501136520763,0.42434858834820777,15,0.56,0.005099721659975846,<1 px
NGA,NG029016,2026-06-01,2,8.619563,8.605957,7.8105927,10.765076,30,258.58688,0.56186503,8.594159491607542,10.76507568359375,6.9293975830078125,8.60595703125,269.88516858807986,0.5548347297403312,31,1.2,0.0029471921479613007,1-4 px
NGA,NG029017,2026-06-01,2,5.5702043,5.2890778,5.1879883,6.9179535,46,256.2294,0.5215758,5.558641749692863,6.9179534912109375,5.0945281982421875,5.2890777587890625,259.3745509929524,0.5254913906841077,47,1.84,0.002075785677580491,1-4 px
NGA,NG029018,2026-06-01,2,6.047991,6.3095093,5.2433014,6.374359,36,217.72766,0.48292655,6.0593389054003834,6.374359130859375,5.2433013916015625,6.30950927734375,225.85592957682366,0.4786653077147986,37,1.44,0.0018763099019796447,1-4 px
NGA,NG030,2026-06-01,1,6.427745,5.9833527,4.611969,10.456085,285,1831.9072,1.3520626,6.426092896379718,10.456085205078125,4.611968994140625,5.9833526611328125,1810.9998588349938,1.338924490416914,282,11.4,0.0002570269387292308,4-16 px
NGA,NG030001,2026-06-01,2,7.8256927,8.468628,5.836487,10.456085,24,187.81662,1.7650025,7.62711872125565,10.456085205078125,5.83648681640625,8.4686279296875,190.48295640110499,1.666820865812462,25,0.96,0.02537462003131686,<1 px
NGA,NG030002,2026-06-01,2,5.482483,5.8555603,4.611969,5.8555603,10,54.82483,0.56988513,5.627783583674486,5.855560302734375,4.611968994140625,5.855560302734375,55.86920956659469,0.4810186216532483,10,0.4,0.026502696620214854,<1 px
NGA,NG030003,2026-06-01,2,6.4663205,6.340027,6.340027,6.9293976,14,90.52849,0.24183407,6.47537696637001,6.9293975830078125,6.34002685546875,6.34002685546875,98.43322404634591,0.24789461634610988,15,0.56,0.0014005594634552143,<1 px
NGA,NG030004,2026-06-01,2,5.9957504,6.1616898,5.1345825,6.340027,12,71.949005,0.4325713,5.935672857190985,6.34002685546875,5.13458251953125,5.9833526611328125,72.28653270168195,0.4537288178742468,12,0.48,0.010020020648126918,<1 px
NGA,NG030005,2026-06-01,2,7.3776245,7.3776245,7.3776245,7.3776245,4,29.510498,0.0,7.3550000981156325,7.7648162841796875,5.9833526611328125,7.37762451171875,35.93164838622265,0.22108733832846666,5,0.16,0.00306662420734033,<1 px
NGA,NG030006,2026-06-01,2,6.3066483,5.9833527,5.1345825,7.3776245,6,37.83989,0.8145836,6.412831609455346,7.37762451171875,5.13458251953125,5.9833526611328125,30.339108020527306,0.8381314191917023,5,0.24,0.016836726007909204,<1 px
NGA,NG030007,2026-06-01,2,5.1345825,5.1345825,5.1345825,5.1345825,4,20.53833,0.0,5.13458251953125,5.13458251953125,5.13458251953125,5.13458251953125,17.136438967213508,0.0,3,0.16,3.803863390018087e-09,<1 px
NGA,NG030008,2026-06-01,2,5.1345825,5.1345825,5.1345825,5.1345825,6,30.807495,0.0,5.1726368463445525,5.855560302734375,4.611968994140625,5.13458251953125,36.46435275042048,0.2586480716363229,7,0.24,0.007411380836621644,<1 px
NGA,NG030009,2026-06-01,2,5.018446,5.1345825,4.611969,5.1345825,9,45.166016,0.2172712,5.008899464726897,5.13458251953125,4.611968994140625,5.13458251953125,44.1310643534365,0.21884919132259914,9,0.36,0.0019022891295637262,<1 px
NGA,NG030010,2026-06-01,2,4.6422143,4.611969,4.611969,4.682541,14,64.991,0.034924034,4.6515305657618935,4.886627197265625,4.611968994140625,4.611968994140625,55.43001209158405,0.06489019510962708,12,0.56,0.0020068581844430323,<1 px
NGA,NG030011,2026-06-01,2,5.836487,5.836487,5.836487,5.836487,5,29.182434,0.0,5.83648681640625,5.83648681640625,5.83648681640625,5.83648681640625,21.177967411745158,0.0,4,0.2,3.1456208157502885e-08,<1 px
NGA,NG030012,2026-06-01,2,6.1098733,5.836487,5.836487,6.6566467,6,36.65924,0.38662708,6.097066786579061,6.656646728515625,5.83648681640625,5.83648681640625,38.30685643979592,0.3700433493890686,6,0.24,0.0020960358410278277,<1 px
NGA,NG030013,2026-06-01,2,7.0879707,6.6566467,5.836487,9.347916,29,205.55115,1.437761,7.193565279779889,10.456085205078125,5.83648681640625,6.656646728515625,212.14447274182646,1.5225188022669465,29,1.16,0.014897716744214104,1-4 px
NGA,NG030014,2026-06-01,2,7.025242,6.6566467,5.836487,9.347916,24,168.6058,0.90741736,6.997978001689044,9.347915649414062,5.83648681640625,6.656646728515625,169.15799812764476,0.8358407929656761,24,0.96,0.0038808625113492404,<1 px
NGA,NG030015,2026-06-01,2,7.7648163,7.7648163,7.7648163,7.7648163,4,31.059265,0.0,7.734393097067797,7.7648162841796875,6.565093994140625,7.7648162841796875,35.09027253332242,0.188610194311228,5,0.16,0.003918084054635325,<1 px
NGA,NG030016,2026-06-01,2,6.764412,7.3776245,4.924774,7.3776245,4,27.057648,1.0621153,6.345981320309199,7.37762451171875,4.924774169921875,7.37762451171875,24.76528146015955,1.1781701699424434,4,0.16,0.06185765735304137,<1 px
NGA,NG030017,2026-06-01,2,7.5149536,7.7648163,6.565094,7.7648163,11,82.66449,0.35061744,7.557629798792083,7.7648162841796875,5.9833526611328125,7.7648162841796875,69.23544025436712,0.33389615474133766,9,0.44,0.005678837297422902,<1 px
NGA,NG030018,2026-06-01,2,6.340027,6.340027,6.340027,6.340027,2,12.680054,0.0,6.266379732817624,6.34002685546875,5.9833526611328125,6.34002685546875,14.286197794621813,0.14437496134011746,2,0.08,0.01161623872932655,<1 px
NGA,NG030019,2026-06-01,2,5.9833527,5.9833527,5.9833527,5.9833527,2,11.966705,0.0,6.0279939079367715,6.34002685546875,5.9833526611328125,5.9833526611328125,8.410887102261455,0.11802347148657255,1,0.08,0.007460901968351504,<1 px
NGA,NG030020,2026-06-01,2,5.1345825,5.1345825,5.1345825,5.1345825,1,5.1345825,0.0,5.121624479560702,5.13458251953125,4.924774169921875,5.13458251953125,5.093962552793485,0.050505387638495276,1,0.04,0.0025236755742648236,<1 px
NGA,NG030021,2026-06-01,2,6.378174,5.8555603,5.8555603,8.468628,10,63.78174,1.045227,6.403814920161757,8.4686279296875,5.855560302734375,5.855560302734375,55.00833319160847,1.0639752189767473,9,0.4,0.004020103584781093,<1 px
NGA,NG030022,2026-06-01,2,8.530171,8.468628,8.468628,8.930206,15,127.952576,0.15690647,8.525434499929192,8.930206298828125,8.4686279296875,8.4686279296875,121.9338864615338,0.15163672914570717,14,0.6,0.0005552643752167784,<1 px
NGA,NG030023,2026-06-01,2,5.315542,4.886627,4.611969,7.204056,8,42.524338,0.8662206,5.052733485815136,7.2040557861328125,4.611968994140625,4.886627197265625,45.16663655191877,0.6749719263540808,9,0.32,0.049441527164090546,<1 px
NGA,NG030024,2026-06-01,2,6.0560703,5.9833527,5.9833527,6.565094,16,96.897125,0.19239286,6.037413753028792,7.37762451171875,5.13458251953125,5.9833526611328125,100.58609520466888,0.24472799415915314,17,0.64,0.0030806357996220565,<1 px
NGA,NG030025,2026-06-01,2,6.764412,7.3776245,4.924774,7.3776245,8,54.115295,1.0621153,6.655933920796922,7.37762451171875,4.924774169921875,7.37762451171875,63.5273701405481,1.1177484974667142,10,0.32,0.016036586654254312,<1 px
NGA,NG030026,2026-06-01,2,4.6619067,4.611969,4.611969,4.886627,11,51.280975,0.10593419,4.6469228676569365,4.886627197265625,4.611968994140625,4.611968994140625,49.68752634297857,0.09153466457279628,11,0.44,0.0032140995749794336,<1 px
NGA,NG030027,2026-06-01,2,5.0086975,4.924774,4.924774,5.1345825,5,25.043488,0.10278468,5.040152009224698,5.13458251953125,4.924774169921875,5.13458251953125,17.93386532042973,0.10438001841077117,4,0.2,0.0062799778235156055,<1 px
NGA,NG030028,2026-06-01,2,6.2959194,6.340027,5.9833527,6.4430237,16,100.73471,0.18574123,6.290252439211132,6.931304931640625,5.9833526611328125,6.34002685546875,94.9434508319932,0.19831215003675187,15,0.64,0.0009001005935475838,<1 px
NGA,NG030029,2026-06-01,2,4.924774,4.924774,4.924774,4.924774,3,14.7743225,0.0,4.960078504734649,5.13458251953125,4.924774169921875,4.924774169921875,17.771675314648405,0.07849043358621752,4,0.12,0.00716875631950801,<1 px
NGA,NG030030,2026-06-01,2,5.1345825,5.1345825,5.1345825,5.1345825,2,10.269165,0.0,5.13458251953125,5.13458251953125,5.13458251953125,5.13458251953125,10.267121959373071,0.0,2,0.08,3.803863390018087e-09,<1 px
NGA,NG031,2026-06-01,1,5.23164,4.886627,3.4332275,12.125015,904,4729.4023,1.2335261,5.220007909646165,12.125015258789062,3.4332275390625,4.886627197265625,4729.155263699303,1.2103008046263724,906,36.16,0.00222341184673148,16-64 px
NGA,NG031001,2026-06-01,2,4.962921,4.962921,4.886627,5.039215,10,49.62921,0.076293945,4.969563040983785,5.039215087890625,4.886627197265625,5.039215087890625,53.95727946790885,0.07600428459577543,11,0.4,0.0013383330066679508,<1 px
NGA,NG031002,2026-06-01,2,6.4099965,7.204056,4.886627,7.3394775,19,121.78993,1.1157515,6.538710456207353,7.3394775390625,4.886627197265625,7.2040557861328125,127.87452743054928,1.0651480836337508,20,0.76,0.020080191339785086,<1 px
NGA,NG031003,2026-06-01,2,4.577414,4.627228,4.392624,4.928589,60,274.64484,0.16350666,4.579572309997328,4.9285888671875,4.3926239013671875,4.627227783203125,272.1326928421419,0.1637725550193509,59,2.4,0.00047151295411075155,1-4 px
NGA,NG031004,2026-06-01,2,5.060115,4.957199,4.5757294,5.598068,94,475.6508,0.2653355,5.066025998269243,5.5980682373046875,4.5757293701171875,4.9571990966796875,479.91814514602993,0.26308130867799395,95,3.76,0.0011681549271594324,1-4 px
NGA,NG031005,2026-06-01,2,7.450649,7.204056,7.204056,8.930206,7,52.15454,0.60402685,7.491918883952242,8.930206298828125,5.855560302734375,7.2040557861328125,63.43871367651133,0.8083185626426088,8,0.28,0.005539099204947361,<1 px
NGA,NG031006,2026-06-01,2,7.204056,7.204056,7.204056,7.204056,2,14.408112,0.0,7.206503354129029,7.3394775390625,7.2040557861328125,7.2040557861328125,9.195033962838828,0.018040603076564153,1,0.08,0.0003397189207065159,<1 px
NGA,NG031007,2026-06-01,2,,,,,0,0.0,,7.397765999144704,8.930206298828125,7.2040557861328125,7.2040557861328125,3.206413867540281,0.544838817339295,0,0.0,,
NGA,NG031008,2026-06-01,2,,,,,0,0.0,,7.278311329768383,7.3394775390625,7.2040557861328125,7.3394775390625,2.728430582932262,0.06739384336318674,0,0.0,,
NGA,NG031009,2026-06-01,2,8.930206,8.930206,8.930206,8.930206,1,8.930206,0.0,8.931793751704296,9.786605834960938,7.2040557861328125,8.930206298828125,4.106686891172662,0.18873300449370586,0,0.04,0.00017779564147746708,<1 px
NGA,NG031010,2026-06-01,2,8.563042,8.563042,7.3394775,9.786606,2,17.126083,1.2235641,8.469820954921172,9.786605834960938,7.2040557861328125,8.930206298828125,13.364448701846943,1.1646956002849465,2,0.08,0.010886440248550407,<1 px
NGA,NG031011,2026-06-01,2,6.4097695,6.33049,6.33049,7.9784393,23,147.4247,0.3348507,6.476383954603417,7.9784393310546875,6.3304901123046875,6.3304901123046875,145.06693961005013,0.4476075731783385,22,0.92,0.010392644322610452,<1 px
NGA,NG031012,2026-06-01,2,6.256342,6.664276,5.5732727,6.664276,24,150.1522,0.52666956,6.205084414365598,6.664276123046875,5.039215087890625,6.664276123046875,153.05228336490728,0.5491937056587463,25,0.96,0.008192900201811532,<1 px
NGA,NG031013,2026-06-01,2,5.676925,5.601883,5.1002502,6.374359,32,181.6616,0.49505013,5.704130432072046,6.374359130859375,5.100250244140625,5.6018829345703125,180.0265959033709,0.49028163736354907,32,1.28,0.004792283158936584,1-4 px
NGA,NG031014,2026-06-01,2,7.1956773,7.3394775,5.039215,9.786606,28,201.47896,1.1680722,7.111393632536772,9.786605834960938,5.039215087890625,7.3394775390625,201.77780638495625,1.179006382708286,28,1.12,0.011713097176165461,1-4 px
NGA,NG031015,2026-06-01,2,4.4220686,4.650116,3.6582947,4.650116,32,141.5062,0.29449934,4.392788113431667,4.650115966796875,3.658294677734375,4.650115966796875,141.41365854882793,0.3072000277461254,32,1.28,0.006621445576021401,1-4 px
NGA,NG031016,2026-06-01,2,4.9773803,4.667282,4.50325,5.601883,62,308.59756,0.4839573,4.955569346678932,5.6018829345703125,4.5032501220703125,4.6672821044921875,294.70717784154664,0.48233172621473847,59,2.48,0.0043820146355036905,1-4 px
NGA,NG031017,2026-06-01,2,4.8118973,4.9037933,4.5318604,5.3157806,50,240.59486,0.25466087,4.792030018417311,5.3157806396484375,4.5318603515625,4.7740936279296875,242.27291833751607,0.25157342904314256,51,2.0,0.004128783376712808,1-4 px
NGA,NG031018,2026-06-01,2,4.9401064,4.924774,4.6195984,5.601883,78,385.3283,0.26144478,4.956478971701568,5.6018829345703125,4.619598388671875,4.924774169921875,388.2203289672981,0.27440722164480447,78,3.12,0.003314214386468978,1-4 px
NGA,NG031019,2026-06-01,2,4.688062,4.7740936,4.5318604,4.9037933,19,89.07318,0.1343805,4.719966004732176,5.6018829345703125,4.5318603515625,4.7740936279296875,93.57725870855482,0.17795359720954337,20,0.76,0.006805371757492855,<1 px
NGA,NG031020,2026-06-01,2,7.069206,7.204056,5.8555603,7.204056,10,70.69206,0.40454865,7.052355842897659,7.2040557861328125,5.855560302734375,7.2040557861328125,63.04597913064924,0.4260913229659287,9,0.4,0.00238359967192095,<1 px
NGA,NG031021,2026-06-01,2,4.4231415,4.4231415,4.4231415,4.4231415,2,8.846283,0.0,4.471786918530223,4.6825408935546875,4.4231414794921875,4.4231414794921875,13.373233923985595,0.10125324510392902,3,0.08,0.010997934054387232,<1 px
NGA,NG031022,2026-06-01,2,4.682541,4.682541,4.682541,4.682541,2,9.365082,0.0,4.635759350894371,4.6825408935546875,4.4231414794921875,4.6825408935546875,4.410090166873104,0.09973260259988675,1,0.08,0.009990654455695955,<1 px
NGA,NG031023,2026-06-01,2,4.690329,4.682541,4.627228,4.886627,12,56.28395,0.0626115,4.679381476692697,4.886627197265625,4.611968994140625,4.6825408935546875,57.57004196222937,0.04496086235086248,12,0.48,0.002334062985198498,<1 px
NGA,NG031024,2026-06-01,2,4.336357,4.6195984,3.8585663,4.6195984,34,147.43614,0.36024728,4.351335319868651,4.650115966796875,3.4332275390625,4.619598388671875,151.2781265349705,0.3548821134479581,35,1.36,0.0034541251720399692,1-4 px
NGA,NG031025,2026-06-01,2,9.971346,9.786606,8.930206,12.125015,21,209.39827,1.164099,9.773134186161663,12.125015258789062,8.930206298828125,9.786605834960938,213.78218319920705,1.0571635290472132,22,0.84,0.019878140206782288,<1 px
NGA,NG031026,2026-06-01,2,8.930206,8.930206,8.930206,8.930206,13,116.09268,0.0,8.919889456933765,11.644363403320312,7.2040557861328125,8.930206298828125,97.10180921638906,0.11795129993106504,11,0.52,0.0011552413310773665,<1 px
NGA,NG031027,2026-06-01,2,4.4840493,4.5490265,4.2476654,4.928589,30,134.52148,0.16979541,4.482580910172199,4.9285888671875,4.2476654052734375,4.5490264892578125,134.35007983337854,0.15912875721563774,30,1.2,0.0003274695993641924,1-4 px
NGA,NG031028,2026-06-01,2,4.1972075,4.4231415,3.4332275,4.682541,66,277.0157,0.44324768,4.184736442146733,4.6825408935546875,3.4332275390625,4.4231414794921875,279.4474081966002,0.45136086311377466,67,2.64,0.0029712750330470033,1-4 px
NGA,NG031029,2026-06-01,2,4.8394637,4.886627,4.627228,4.886627,11,53.2341,0.10004895,4.834050980744809,4.886627197265625,4.627227783203125,4.886627197265625,56.645710608904665,0.10427838326076533,12,0.44,0.0011184543558391126,<1 px
NGA,NG031030,2026-06-01,2,4.74557,4.565239,4.50325,5.039215,22,104.40254,0.25724566,4.733941935607123,5.039215087890625,4.5032501220703125,4.5032501220703125,92.48693535113262,0.2534360505247119,20,0.88,0.0024502987824174503,<1 px
NGA,NG031031,2026-06-01,2,4.6799703,4.640579,4.2533875,4.928589,46,215.27863,0.19596444,4.683001504533368,4.9285888671875,4.2476654052734375,4.6405792236328125,210.48721257037607,0.19978368365346214,45,1.84,0.0006476973867479514,1-4 px
NGA,NG031032,2026-06-01,2,5.350792,5.4130554,4.640579,5.9928894,59,315.69672,0.37112477,5.3547356565948245,5.992889404296875,4.6405792236328125,5.413055419921875,330.69830493719365,0.3825559850309248,62,2.36,0.0007370229668475841,1-4 px
NGA,NG031033,2026-06-01,2,4.5753827,4.682541,3.660202,4.924774,33,150.98763,0.43132782,4.540205143722743,5.13458251953125,3.6602020263671875,4.6825408935546875,154.44081162108728,0.4524262746586074,34,1.32,0.007688440199167662,1-4 px
NGA,NG032,2026-06-01,1,2.3505197,0.90026855,0.22506714,10.393143,879,2066.1067,2.7963753,2.33259138538574,10.393142700195312,0.225067138671875,0.9002685546875,2034.9486498530468,2.7819175517395607,872,35.16,0.007627383260927326,16-64 px
NGA,NG032001,2026-06-01,2,5.172498,3.6087036,3.0384064,10.393143,33,170.69244,2.9537528,5.179893901858667,10.393142700195312,1.7910003662109375,3.60870361328125,170.08002303019188,2.9614604748032223,33,1.32,0.0014298510813666194,1-4 px
NGA,NG032002,2026-06-01,2,6.3128633,4.4994354,3.2863617,9.321213,58,366.1461,2.2724864,6.388280798510795,9.321212768554688,2.5482177734375,4.665374755859375,347.25023313214587,2.2871249999654895,54,2.32,0.011946638938117852,1-4 px
NGA,NG032003,2026-06-01,2,6.5046945,5.285263,3.5552979,10.393143,57,370.76758,2.6385248,6.420173537082439,10.393142700195312,3.3740997314453125,5.2852630615234375,363.7323952624394,2.63081494062568,57,2.28,0.01299384051281135,1-4 px
NGA,NG032004,2026-06-01,2,2.4896102,3.0384064,1.6098022,3.2863617,33,82.157135,0.74506056,2.468429780674729,3.2863616943359375,1.60980224609375,3.0384063720703125,83.6491411845941,0.7451610795017992,34,1.32,0.008507524320582856,1-4 px
NGA,NG032005,2026-06-01,2,4.562378,3.2863617,3.2863617,8.390427,8,36.499023,2.210125,4.745975884825803,8.390426635742188,3.0384063720703125,3.2863616943359375,41.03824373604681,2.3176957831422897,9,0.32,0.04024170834284304,<1 px
NGA,NG032006,2026-06-01,2,7.667843,9.321213,3.0384064,9.321213,19,145.68901,2.7666173,7.632710843744978,9.857177734375,3.0384063720703125,9.321212768554688,142.43652483174606,2.7618038377180936,19,0.76,0.004581752163551366,<1 px
NGA,NG032007,2026-06-01,2,0.95222306,1.0566711,0.39100647,1.6841888,92,87.60452,0.35408485,0.9438660723973026,1.6841888427734375,0.3910064697265625,1.056671142578125,85.36200799298399,0.35708799156171656,90,3.68,0.00877629197795045,1-4 px
NGA,NG032008,2026-06-01,2,1.3330632,1.6078949,0.85258484,1.7337799,33,43.99109,0.3557457,1.3216748499105164,1.7337799072265625,0.8525848388671875,1.07574462890625,40.921159099127635,0.3518951697163079,31,1.32,0.00854299337757098,1-4 px
NGA,NG032009,2026-06-01,2,0.714798,0.6752014,0.36239624,0.85258484,25,17.86995,0.14327252,0.7017908264775817,0.8525848388671875,0.362396240234375,0.675201416015625,18.06470113407954,0.15270198940995208,26,1.0,0.01819699204868832,<1 px
NGA,NG032010,2026-06-01,2,0.48856038,0.48446655,0.333786,0.57029724,41,20.030975,0.0827431,0.49226079282978785,0.675201416015625,0.3337860107421875,0.484466552734375,19.390310358682928,0.0811567467145576,39,1.64,0.007574115669772149,1-4 px
NGA,NG032011,2026-06-01,2,2.8627143,2.5901794,1.7910004,5.285263,53,151.72386,0.67971265,2.8769095132185893,5.2852630615234375,1.7910003662109375,2.590179443359375,152.48271538430558,0.6711623418379438,53,2.12,0.004958655224026166,1-4 px
NGA,NG032012,2026-06-01,2,0.787735,0.787735,0.6752014,0.90026855,26,20.48111,0.11253357,0.7943269606266795,0.9002685546875,0.675201416015625,0.9002685546875,20.515458665404385,0.11230825402979866,26,1.04,0.008368246461918728,1-4 px
NGA,NG032013,2026-06-01,2,2.0670493,1.6708374,0.85258484,3.3740997,48,99.21837,0.8828669,2.0410561075963702,3.3740997314453125,0.675201416015625,1.6078948974609375,96.38526401427595,0.86281086529542,47,1.92,0.012575022958392733,1-4 px
NGA,NG032014,2026-06-01,2,1.083692,0.6122589,0.49972534,3.5552979,84,91.03012,0.8746466,1.0885875069404816,3.5552978515625,0.499725341796875,0.6122589111328125,90.8807146981029,0.8728150496615081,83,3.36,0.004517433865416986,1-4 px
NGA,NG032015,2026-06-01,2,9.161702,9.857178,5.964279,9.857178,27,247.36595,1.3028591,9.03129514145085,10.393142700195312,3.0384063720703125,9.857177734375,246.48009593949237,1.4135169824726388,27,1.08,0.014233911837467611,1-4 px
NGA,NG032016,2026-06-01,2,0.7199526,0.5836487,0.48446655,2.216339,80,57.596207,0.36082983,0.7231458777067459,3.3740997314453125,0.484466552734375,0.583648681640625,57.985701058425875,0.35987609063817666,80,3.2,0.0044353999231974755,1-4 px
NGA,NG032017,2026-06-01,2,0.353354,0.333786,0.22506714,0.86402893,162,57.243347,0.12560597,0.3558650231770468,1.056671142578125,0.225067138671875,0.3337860107421875,58.29396202168824,0.13354572169708148,164,6.48,0.007106253720197939,4-16 px
NGA,NG033,2026-06-01,1,13.644709,12.041092,9.20105,23.45848,325,4434.5303,3.5526597,13.660354958159733,23.458480834960938,9.2010498046875,12.041091918945312,4536.306166536868,3.562644534733789,332,13.0,0.0011466685115624035,4-16 px
NGA,NG033001,2026-06-01,2,10.576663,10.52475,9.698868,11.476517,23,243.26324,0.5969658,10.570949483797207,11.476516723632812,9.698867797851562,10.524749755859375,246.84238383088086,0.6151429384722775,23,0.92,0.0005402002694793802,<1 px
NGA,NG033002,2026-06-01,2,10.457611,10.71167,9.698868,11.089325,10,104.57611,0.6346737,10.609221309375805,11.089324951171875,9.698867797851562,10.728836059570312,110.1039274897353,0.590947064117319,10,0.4,0.01449760460355666,<1 px
NGA,NG033003,2026-06-01,2,9.993144,9.698868,9.698868,10.728836,14,139.90402,0.46529225,9.957032042620753,10.728836059570312,9.698867797851562,9.698867797851562,143.04540557223964,0.4463598724615781,14,0.56,0.0036136732723201135,<1 px
NGA,NG033004,2026-06-01,2,12.9776,13.957977,10.52475,13.957977,37,480.1712,1.2176859,13.25171754847145,19.247055053710938,10.524749755859375,13.957977294921875,538.5946410172564,1.4903951808570601,41,1.48,0.021122360719351033,1-4 px
NGA,NG033005,2026-06-01,2,22.450766,23.45848,20.435333,23.45848,9,202.05688,1.4251255,22.382112012122555,23.458480834960938,20.435333251953125,23.458480834960938,183.25118695159404,1.4475676020173756,8,0.36,0.003057979753450141,<1 px
NGA,NG033006,2026-06-01,2,11.817551,11.476517,11.476517,13.181686,5,59.087753,0.6820679,11.902295546376676,13.181686401367188,11.476516723632812,11.476516723632812,44.63672159733534,0.738063365888814,4,0.2,0.0071710751556457045,<1 px
NGA,NG033007,2026-06-01,2,19.943462,20.435333,16.254425,20.435333,17,339.03885,1.3470458,19.546911070160654,20.435333251953125,13.181686401367188,20.435333251953125,351.39681071693076,1.7243879842041538,18,0.68,0.01988375588146864,<1 px
NGA,NG033008,2026-06-01,2,14.792306,16.254425,11.476517,16.254425,35,517.7307,1.6880479,14.730555987976095,19.247055053710938,11.476516723632812,16.254425048828125,473.7437022866164,1.734993534530984,32,1.4,0.0041744682691059395,1-4 px
NGA,NG033009,2026-06-01,2,15.668869,16.91246,13.181686,16.91246,3,47.006607,1.7587037,15.755276362452362,16.912460327148438,13.181686401367188,16.912460327148438,70.17374143529764,1.7257221777188125,4,0.12,0.005514588350464919,<1 px
NGA,NG033010,2026-06-01,2,11.207801,11.089325,10.71167,13.181686,26,291.40283,0.61068994,11.173811237444086,13.181686401367188,10.711669921875,11.089324951171875,303.5964210273523,0.5307547485973088,27,1.04,0.003032687906924255,1-4 px
NGA,NG033011,2026-06-01,2,12.076035,12.041092,10.965347,13.914108,25,301.90088,1.0166017,12.013373435519162,13.914108276367188,10.965347290039062,12.041091918945312,319.72050029764887,1.029100367586405,27,1.0,0.005188918753617184,<1 px
NGA,NG033012,2026-06-01,2,17.617035,16.91246,16.91246,20.435333,5,88.085175,1.4091492,17.456844809390457,20.435333251953125,16.912460327148438,16.912460327148438,75.54608442266186,1.2733589001802728,4,0.2,0.0090929143643947,<1 px
NGA,NG033013,2026-06-01,2,11.482965,11.089325,10.71167,12.041092,21,241.14227,0.541221,11.512009510720164,12.041091918945312,10.711669921875,12.041091918945312,247.1558799925333,0.5494820465683249,21,0.84,0.0025293563744349812,<1 px
NGA,NG033014,2026-06-01,2,18.802929,17.587662,16.91246,23.45848,20,376.0586,2.4269888,18.933607895870946,23.458480834960938,16.912460327148438,17.587661743164062,344.9923292865975,2.47639889861698,18,0.8,0.006949922316408621,<1 px
NGA,NG033015,2026-06-01,2,13.098526,13.181686,12.041092,16.91246,10,130.98526,1.3803384,12.817368931209995,16.912460327148438,12.041091918945312,13.181686401367188,107.69037500549388,0.8535707775960294,8,0.4,0.02146478686151443,<1 px
NGA,NG033016,2026-06-01,2,10.520997,10.560989,9.20105,10.728836,31,326.15088,0.36235106,10.531929795537977,10.728836059570312,9.2010498046875,10.560989379882812,329.4090207772271,0.3298986306487182,31,1.24,0.0010391406382852513,1-4 px
NGA,NG033017,2026-06-01,2,18.086752,16.91246,16.91246,20.435333,3,54.260254,1.6606982,18.256927096940792,20.435333251953125,16.912460327148438,16.912460327148438,77.37741641307139,1.7113721648213214,4,0.12,0.009408825694120857,<1 px
NGA,NG033018,2026-06-01,2,15.405178,14.718056,13.181686,20.435333,8,123.241425,2.508564,15.115973469835566,20.435333251953125,13.181686401367188,13.181686401367188,141.14572913968004,2.560132293356218,9,0.32,0.01877320276107378,<1 px
NGA,NG033019,2026-06-01,2,13.063431,13.914108,11.362076,13.914108,6,78.380585,1.2030396,13.197127669587005,13.914108276367188,11.362075805664062,13.914108276367188,68.34511936428811,1.1470381854448335,5,0.24,0.010234422303528452,<1 px
NGA,NG033020,2026-06-01,2,23.45848,23.45848,23.45848,23.45848,2,46.91696,0.0,23.458480834960938,23.458480834960938,23.458480834960938,23.458480834960938,87.89676447733541,0.0,4,0.08,3.559313885413879e-08,<1 px
NGA,NG033021,2026-06-01,2,17.008917,16.91246,16.91246,17.587662,7,119.06242,0.23627128,16.938905436561353,17.587661743164062,12.041091918945312,16.912460327148438,136.59308810656523,0.7934204601676894,8,0.28,0.004116168209807113,<1 px
NGA,NG033022,2026-06-01,2,13.181686,13.181686,13.181686,13.181686,3,39.54506,0.0,13.181686401367188,13.181686401367188,13.181686401367188,13.181686401367188,46.50420448584214,0.0,4,0.12,3.044885065340082e-08,<1 px
NGA,NG033023,2026-06-01,2,16.91246,16.91246,16.91246,16.91246,5,84.5623,0.0,16.912460327148438,16.912460327148438,16.912460327148438,16.912460327148438,88.54470533066205,0.0,5,0.2,1.9343634108658323e-08,<1 px
NGA,NG034,2026-06-01,1,0.40494546,0.32806396,0.17547607,1.329422,1068,432.48175,0.22560675,0.4058273467297296,1.3294219970703125,0.17547607421875,0.32806396484375,434.9733310634013,0.22688593114355524,1072,42.72,0.002177791374002831,16-64 px
NGA,NG034001,2026-06-01,2,0.3027033,0.2861023,0.2593994,0.4787445,27,8.172989,0.06510246,0.29745599977889986,0.4787445068359375,0.2593994140625,0.2593994140625,8.216574777897279,0.06010917528081497,28,1.08,0.017334796882294144,1-4 px
NGA,NG034002,2026-06-01,2,0.37050247,0.38909912,0.29945374,0.38909912,20,7.4100494,0.03157152,0.36818033169175557,0.38909912109375,0.2994537353515625,0.38909912109375,7.820992620111156,0.0335934755290379,21,0.8,0.006267537995750484,<1 px
NGA,NG034003,2026-06-01,2,0.34618378,0.36239624,0.29945374,0.38909912,40,13.847351,0.032754235,0.3465059419377417,0.38909912109375,0.2994537353515625,0.362396240234375,13.08513531732558,0.03238634734146756,38,1.6,0.0009306095673855809,1-4 px
NGA,NG034004,2026-06-01,2,0.23498535,0.23460388,0.17547607,0.2632141,50,11.749268,0.029109415,0.23571827639591242,0.3108978271484375,0.17547607421875,0.2346038818359375,11.937129326700102,0.030106326390153877,51,2.0,0.0031190301689548255,1-4 px
NGA,NG034005,2026-06-01,2,0.29552343,0.30136108,0.2632141,0.31471252,33,9.752274,0.020998899,0.295971406340306,0.3147125244140625,0.263214111328125,0.301361083984375,9.943146000757075,0.021059484685106714,34,1.32,0.0015158741907740521,1-4 px
NGA,NG034006,2026-06-01,2,0.20602712,0.18882751,0.17547607,0.35858154,57,11.743546,0.043783084,0.2062232538322796,0.35858154296875,0.17547607421875,0.1888275146484375,11.76292372520038,0.04344250242531275,57,2.28,0.0009519806532246511,1-4 px
NGA,NG034007,2026-06-01,2,0.38272962,0.32806396,0.2593994,0.5989075,109,41.71753,0.113894306,0.3848073906307752,0.598907470703125,0.2593994140625,0.32806396484375,42.165003658298225,0.11481107447648446,110,4.36,0.005428821084647665,4-16 px
NGA,NG034008,2026-06-01,2,0.2883911,0.31089783,0.25749207,0.31471252,35,10.093689,0.026163373,0.28869050070613816,0.3147125244140625,0.2574920654296875,0.3108978271484375,10.43194466032321,0.026033373464543933,36,1.4,0.0010381759566718708,1-4 px
NGA,NG034009,2026-06-01,2,0.31340462,0.35858154,0.18692017,0.42152405,70,21.938324,0.07205967,0.31236759627927785,0.4215240478515625,0.186920166015625,0.35858154296875,22.553698039740055,0.07290969888218501,72,2.8,0.0033088973631664217,1-4 px
NGA,NG034010,2026-06-01,2,0.95968467,0.9384155,0.7095337,1.329422,86,82.53288,0.23912892,0.9611709435703579,1.3294219970703125,0.70953369140625,0.93841552734375,83.7618633737547,0.23767512921482595,87,3.44,0.0015487103387385672,1-4 px
NGA,NG034011,2026-06-01,2,0.3031776,0.30136108,0.29945374,0.31089783,21,6.3667297,0.004384184,0.30326956872292543,0.3108978271484375,0.2994537353515625,0.301361083984375,6.025838654721838,0.0044764069691148435,20,0.84,0.00030334933360986945,<1 px
NGA,NG034012,2026-06-01,2,0.33392558,0.33569336,0.2002716,0.46348572,82,27.381897,0.060589973,0.33523522849286486,0.4634857177734375,0.186920166015625,0.335693359375,26.7448133837285,0.05879285899339005,80,3.28,0.003921977144922101,1-4 px
NGA,NG034013,2026-06-01,2,0.28431568,0.30708313,0.18692017,0.36239624,79,22.460938,0.0583697,0.2847343781451791,0.3643035888671875,0.186920166015625,0.3070831298828125,22.604882210475186,0.057677460949222666,79,3.16,0.0014726523179414027,1-4 px
NGA,NG034014,2026-06-01,2,0.5076209,0.38909912,0.33187866,0.7286072,43,21.827698,0.1788351,0.5122186883899632,0.8945465087890625,0.331878662109375,0.38909912109375,22.323919341632468,0.180102376361418,44,1.72,0.009057523813466238,1-4 px
NGA,NG034015,2026-06-01,2,0.38235527,0.38909912,0.3681183,0.38909912,28,10.705948,0.009798572,0.3860960751285661,0.6313323974609375,0.3681182861328125,0.38909912109375,10.272716035064633,0.031074390322657363,27,1.12,0.009783584592847536,1-4 px
NGA,NG034016,2026-06-01,2,0.29945374,0.29945374,0.29945374,0.29945374,3,0.8983612,0.0,0.2994537353515625,0.2994537353515625,0.2994537353515625,0.2994537353515625,0.39953152466409847,0.0,1,0.12,1.5523057163323322e-08,<1 px
NGA,NG034017,2026-06-01,2,0.29945374,0.29945374,0.29945374,0.29945374,1,0.29945374,0.0,0.2994537353515625,0.2994537353515625,0.2994537353515625,0.2994537353515625,0.2848488090734236,0.0,1,0.04,1.5523057163323322e-08,<1 px
NGA,NG034018,2026-06-01,2,0.73586136,0.7095337,0.6313324,0.8945465,61,44.887543,0.06891322,0.7380628356420652,0.8945465087890625,0.331878662109375,0.70953369140625,45.129597867177296,0.07876084688512891,61,2.44,0.002991698928267122,1-4 px
NGA,NG034019,2026-06-01,2,0.27837873,0.2822876,0.2593994,0.31471252,81,22.548676,0.014676355,0.2781574458694242,0.3147125244140625,0.2593994140625,0.28228759765625,22.0624374319911,0.014426838070178161,79,3.24,0.000794903154331569,1-4 px
NGA,NG034020,2026-06-01,2,0.44413617,0.36239624,0.30708313,0.7286072,76,33.75435,0.15125404,0.44126719235132517,0.728607177734375,0.3070831298828125,0.362396240234375,33.74796491115717,0.14935711111501956,76,3.04,0.0064596802567888825,1-4 px
NGA,NG034021,2026-06-01,2,0.33448872,0.3681183,0.2861023,0.3681183,19,6.3552856,0.035684355,0.3287022993278325,0.3681182861328125,0.286102294921875,0.301361083984375,7.269332768089498,0.035301010722591064,22,0.76,0.01729929987524692,<1 px
NGA,NG034022,2026-06-01,2,0.27058342,0.289917,0.2002716,0.30136108,22,5.952835,0.038269434,0.26970458830726457,0.3108978271484375,0.2002716064453125,0.2899169921875,6.121749705456647,0.039242782500807184,23,0.88,0.0032479140545102463,<1 px
NGA,NG034023,2026-06-01,2,0.4033661,0.35858154,0.35858154,0.6313324,25,10.084152,0.09953965,0.4028144075132063,0.6313323974609375,0.35858154296875,0.35858154296875,10.307287120980835,0.0988638658907389,26,1.0,0.0013677214986428184,<1 px
NGA,NG035,2026-06-01,1,4.097578,2.1419525,0.22125244,21.753311,1923,7879.6426,4.830438,4.096788991251741,21.753311157226562,0.22125244140625,2.1419525146484375,7869.8887232954885,4.825374241076197,1921,76.92,0.00019255490640059976,>64 px
NGA,NG035001,2026-06-01,2,0.5224331,0.4348755,0.23460388,1.6918182,74,38.66005,0.42183372,0.5166567479749041,4.650115966796875,0.2346038818359375,0.43487548828125,38.35610470206245,0.4124987218481528,74,2.96,0.011056634859268784,1-4 px
NGA,NG035002,2026-06-01,2,2.7866879,2.3059845,0.705719,8.588791,296,824.8596,1.9808525,2.8267801935586037,10.057449340820312,0.43487548828125,2.3059844970703125,847.3255046293149,2.01511829193395,300,11.84,0.014387077059689269,4-16 px
NGA,NG035003,2026-06-01,2,3.285013,2.1514893,1.2454987,10.057449,99,325.2163,2.1563447,3.22483629181202,10.057449340820312,0.9899139404296875,2.1514892578125,321.4809283552861,2.104641846708195,100,3.96,0.01831856013598121,1-4 px
NGA,NG035004,2026-06-01,2,7.9048553,6.0863495,2.1419525,14.984131,278,2197.5498,4.471611,7.955139640136812,14.984130859375,2.1419525146484375,6.0863494873046875,2183.6947758363035,4.459511287146646,275,11.12,0.006361196787095091,4-16 px
NGA,NG035005,2026-06-01,2,0.7047601,0.68855286,0.28419495,1.4801025,181,127.56157,0.33128363,0.7048488852495446,1.4801025390625,0.2841949462890625,0.6885528564453125,128.33430666461254,0.33196034703700555,182,7.24,0.00012597939290914358,4-16 px
NGA,NG035006,2026-06-01,2,0.5631822,0.5645752,0.28419495,0.8907318,89,50.123215,0.1759248,0.5545799179164443,0.8907318115234375,0.2841949462890625,0.5645751953125,48.60436969603698,0.17215746274553312,88,3.56,0.01527442110840084,1-4 px
NGA,NG035007,2026-06-01,2,0.66185,0.24986267,0.24986267,1.6918182,7,4.63295,0.65140915,0.5601893616918361,1.6918182373046875,0.2498626708984375,0.2498626708984375,3.5075835303821634,0.5726005642306097,6,0.28,0.1536007226836352,<1 px
NGA,NG035008,2026-06-01,2,0.37296864,0.30517578,0.22125244,0.64468384,221,82.42607,0.14015393,0.37349661055862304,0.644683837890625,0.22125244140625,0.30517578125,81.27435188036713,0.14063869569638282,218,8.84,0.001415589682347088,4-16 px
NGA,NG035009,2026-06-01,2,9.62302,10.057449,3.8871765,21.753311,141,1356.8458,3.9635818,9.766907021229786,21.753311157226562,2.7065277099609375,10.057449340820312,1391.3543884370272,4.043602714020447,142,5.64,0.01495237682450887,4-16 px
NGA,NG035010,2026-06-01,2,0.40407002,0.44631958,0.22125244,0.8506775,53,21.41571,0.18073799,0.4075645499733129,0.850677490234375,0.22125244140625,0.446319580078125,22.224772032242157,0.18168526670433865,55,2.12,0.008648327765848353,1-4 px
NGA,NG035011,2026-06-01,2,12.8711195,11.938095,2.1419525,21.753311,150,1930.6678,5.0379167,12.664983612098226,21.753311157226562,2.1419525146484375,11.903762817382812,1904.744731531327,5.077543711446887,150,6.0,0.016015381404995498,4-16 px
NGA,NG035012,2026-06-01,2,4.8906107,3.4179688,2.275467,14.118195,79,386.35828,3.2928352,4.858513295481439,14.118194580078125,2.1343231201171875,3.41796875,379.65783255271697,3.304858876962339,78,3.16,0.006563066759446041,1-4 px
NGA,NG035013,2026-06-01,2,5.859338,6.6452026,3.2215118,12.054443,51,298.82623,2.2534776,5.793299821740045,12.054443359375,3.2215118408203125,6.64520263671875,283.557207643792,2.179095177781155,49,2.04,0.01127058692636524,1-4 px
NGA,NG035014,2026-06-01,2,0.98271,0.875473,0.5378723,1.6498566,130,127.752304,0.342094,0.9778317486526422,1.659393310546875,0.537872314453125,0.8754730224609375,126.26734686382868,0.3398581841734756,129,5.2,0.004964080295669886,4-16 px
NGA,NG035015,2026-06-01,2,1.303844,0.8506775,0.24986267,2.42424,39,50.849915,0.5833497,1.3072786763580369,6.0710906982421875,0.2498626708984375,1.007080078125,54.70323643461672,0.6512487933210359,42,1.56,0.002634269404957071,1-4 px
NGA,NG035016,2026-06-01,2,1.5970503,1.0070801,0.71144104,2.42424,35,55.89676,0.71871305,1.6220384262797005,2.4242401123046875,0.7114410400390625,1.007080078125,54.8012712104029,0.7187704713558046,34,1.4,0.015646424085515958,1-4 px
NGA,NG036,2026-06-01,1,0.28469005,0.2975464,0.08773804,0.70381165,1487,423.3341,0.11715721,0.2854991466299641,0.843048095703125,0.087738037109375,0.2994537353515625,425.5865308041185,0.11738126844256759,1491,59.48,0.002842026372063743,16-64 px
NGA,NG036001,2026-06-01,2,0.27261463,0.28419495,0.207901,0.3681183,28,7.633209,0.0580566,0.26694235489482243,0.3681182861328125,0.141143798828125,0.25177001953125,7.408691999266637,0.05726741730473173,28,1.12,0.020806935802299358,1-4 px
NGA,NG036002,2026-06-01,2,0.27020264,0.28419495,0.16021729,0.3681183,125,33.77533,0.06447806,0.2708877428159039,0.3681182861328125,0.16021728515625,0.2899169921875,34.420205607688104,0.06497902616110379,127,5.0,0.002535514885805309,4-16 px
NGA,NG036003,2026-06-01,2,0.2934265,0.289917,0.23841858,0.37193298,75,22.006989,0.044100102,0.2941633037978081,0.3719329833984375,0.2384185791015625,0.2899169921875,22.877634002974045,0.04434009078672469,78,3.0,0.0025110335903815962,1-4 px
NGA,NG036004,2026-06-01,2,0.33982596,0.38719177,0.21362305,0.4348755,72,24.467468,0.07791389,0.3414835224989472,0.54931640625,0.213623046875,0.3871917724609375,24.340901380523473,0.07762339592039252,71,2.88,0.004877680619065177,1-4 px
NGA,NG036005,2026-06-01,2,0.35651526,0.36621094,0.28419495,0.51116943,180,64.172745,0.036658205,0.355695520346977,0.51116943359375,0.213623046875,0.3662109375,64.62341119236741,0.038925722245137226,182,7.2,0.002299311544260435,4-16 px
NGA,NG036006,2026-06-01,2,0.2163667,0.17929077,0.091552734,0.33187866,130,28.12767,0.08579384,0.21596562500705732,0.331878662109375,0.091552734375,0.179290771484375,27.610530756305707,0.08587267938036072,128,5.2,0.001853681703065554,4-16 px
NGA,NG036007,2026-06-01,2,0.43638477,0.3681183,0.21362305,0.70381165,115,50.18425,0.13430922,0.4349643830414105,0.843048095703125,0.213623046875,0.3681182861328125,49.98917520819823,0.13637528537916405,115,4.6,0.003254895808094956,4-16 px
NGA,NG036008,2026-06-01,2,0.36962268,0.38909912,0.21362305,0.70381165,71,26.24321,0.109474294,0.3760861337340263,0.7038116455078125,0.213623046875,0.38909912109375,26.498226391802326,0.1156279347707741,70,2.84,0.017486626453837445,1-4 px
NGA,NG036009,2026-06-01,2,0.35443515,0.35476685,0.207901,0.51116943,115,40.76004,0.09203187,0.3555831146512435,0.51116943359375,0.2079010009765625,0.354766845703125,41.74043525244642,0.08994981265779521,117,4.6,0.003238856674467826,4-16 px
NGA,NG036010,2026-06-01,2,0.15583906,0.1411438,0.12397766,0.22125244,44,6.8569183,0.020577276,0.15672612849099823,0.2841949462890625,0.1239776611328125,0.141143798828125,6.957353946868139,0.023276481172026412,44,1.76,0.005692208942984082,1-4 px
NGA,NG036011,2026-06-01,2,0.20435879,0.20217896,0.13542175,0.32806396,42,8.583069,0.057142556,0.21122131907305206,0.32806396484375,0.1354217529296875,0.202178955078125,9.011705301986694,0.06113210962756388,43,1.68,0.03358078736447814,1-4 px
NGA,NG036012,2026-06-01,2,0.3742218,0.37384033,0.29945374,0.43296814,35,13.097763,0.025038732,0.3730861337485899,0.4329681396484375,0.2994537353515625,0.37384033203125,12.923713546797444,0.024103668160465417,35,1.4,0.0030347410316825334,1-4 px
NGA,NG036013,2026-06-01,2,0.18160684,0.18119812,0.14305115,0.207901,28,5.0849915,0.014385336,0.1812112626870002,0.2079010009765625,0.1010894775390625,0.1811981201171875,4.93155072933682,0.014507705500515045,27,1.12,0.002178207125897906,1-4 px
NGA,NG036014,2026-06-01,2,0.41098344,0.43296814,0.37384033,0.43296814,19,7.8086853,0.026576154,0.4134447759319961,0.4329681396484375,0.37384033203125,0.4329681396484375,7.8987335109914625,0.026175791101817454,19,0.76,0.0059888932069771484,<1 px
NGA,NG036015,2026-06-01,2,0.32647663,0.31089783,0.23841858,0.42915344,149,48.64502,0.050427597,0.3253250520165528,0.4291534423828125,0.2384185791015625,0.3108978271484375,48.92545680945659,0.04999164478528153,150,5.96,0.003527290708211402,4-16 px
NGA,NG036016,2026-06-01,2,0.13800924,0.1335144,0.08773804,0.20980835,129,17.803192,0.04022736,0.13746784490578762,0.209808349609375,0.087738037109375,0.133514404296875,17.48711543599741,0.039975357924568494,127,5.16,0.003922890193528984,4-16 px
NGA,NG036017,2026-06-01,2,0.1391044,0.13828278,0.08773804,0.19836426,130,18.083572,0.033808395,0.13919957927117504,0.1983642578125,0.087738037109375,0.141143798828125,17.941690926193132,0.033885422450124755,129,5.2,0.000684229047931305,4-16 px
NGA,NG037,2026-06-01,1,1.0320996,0.9384155,0.2937317,2.4356842,1107,1142.5343,0.48434672,1.0313784884408543,2.4356842041015625,0.293731689453125,0.93841552734375,1148.0709031634535,0.485070119756791,1113,44.28,0.0006986840796621476,16-64 px
NGA,NG037001,2026-06-01,2,1.1651403,1.1444092,0.70381165,1.5506744,84,97.87178,0.2744498,1.1627316190283312,2.1209716796875,0.629425048828125,1.1444091796875,98.37557300235167,0.27695798226933216,85,3.36,0.0020672883528865984,1-4 px
NGA,NG037002,2026-06-01,2,0.50520897,0.48828125,0.37765503,0.70381165,48,24.25003,0.11361314,0.5035140550514136,0.812530517578125,0.377655029296875,0.4634857177734375,25.161298313269853,0.11189613018665817,50,1.92,0.003354878969362764,1-4 px
NGA,NG037003,2026-06-01,2,0.8400708,0.88119507,0.61035156,0.9021759,41,34.4429,0.06832521,0.8308764064589914,0.9021759033203125,0.598907470703125,0.881195068359375,34.26522314109448,0.07903241748984315,41,1.64,0.010944784107492599,1-4 px
NGA,NG037004,2026-06-01,2,1.1178652,1.0757446,0.6351471,1.4858246,108,120.72945,0.29937512,1.1274588652822897,1.8711090087890625,0.6351470947265625,1.07574462890625,123.36264636026995,0.29836215582174985,109,4.32,0.008582130727649153,4-16 px
NGA,NG037005,2026-06-01,2,0.80047953,0.8163452,0.58174133,1.5163422,66,52.83165,0.22342767,0.7983136360604122,1.5163421630859375,0.5817413330078125,0.81634521484375,53.86652138257286,0.21988769219829477,67,2.64,0.0027057455667703102,1-4 px
NGA,NG037006,2026-06-01,2,0.97824806,0.94509125,0.6351471,1.4381409,86,84.12933,0.23682696,0.9673831371254406,1.438140869140625,0.6351470947265625,0.93841552734375,83.69414163662547,0.23434410167277847,87,3.44,0.011106511036228811,1-4 px
NGA,NG037007,2026-06-01,2,1.1454756,1.0318756,0.58174133,1.7471313,93,106.529236,0.36129263,1.1574710961149954,1.74713134765625,0.5817413330078125,1.0318756103515625,104.06881420780556,0.3544975910609534,90,3.72,0.010472066026544352,1-4 px
NGA,NG037008,2026-06-01,2,0.880599,0.77819824,0.5989075,1.0929108,32,28.179169,0.20716774,0.8822369127273886,1.0929107666015625,0.5817413330078125,0.7781982421875,25.41617803827195,0.2049666629531863,29,1.28,0.0018599983958516389,1-4 px
NGA,NG037009,2026-06-01,2,0.5991536,0.5187988,0.32806396,1.0929108,93,55.721283,0.20655484,0.6056590415198347,1.0929107666015625,0.32806396484375,0.518798828125,55.533900701463544,0.20843351968018295,92,3.72,0.010857719155546737,1-4 px
NGA,NG037010,2026-06-01,2,1.579509,1.7337799,0.58174133,2.4356842,238,375.92316,0.51375985,1.580116484614431,2.4356842041015625,0.5817413330078125,1.7337799072265625,377.9380938794166,0.5142102271641866,239,9.52,0.00038460345235832974,4-16 px
NGA,NG037011,2026-06-01,2,0.35508475,0.32806396,0.2937317,0.42152405,24,8.522034,0.045295905,0.36094604463590246,0.4215240478515625,0.293731689453125,0.32806396484375,9.41904010907102,0.045941262415605894,26,0.96,0.016506748419644772,<1 px
NGA,NG037012,2026-06-01,2,0.7347266,0.8049011,0.46348572,0.8125305,48,35.266876,0.08503399,0.7365126092361836,1.1444091796875,0.4634857177734375,0.804901123046875,35.89343194962945,0.08109035602459416,49,1.92,0.0024308487486141782,1-4 px
NGA,NG037013,2026-06-01,2,1.2019585,1.2836456,0.8163452,1.581192,58,69.71359,0.24678898,1.1999874152144623,1.6269683837890625,0.81634521484375,1.2836456298828125,72.09075449234325,0.24861586573450992,60,2.32,0.0016398942106051473,1-4 px
NGA,NG037014,2026-06-01,2,0.5502701,0.5970001,0.32806396,0.9021759,88,48.423767,0.1344235,0.5478417498038659,0.9021759033203125,0.32806396484375,0.5970001220703125,48.985284220837144,0.13382811383925616,89,3.52,0.004413014983249275,1-4 px
SOM,SO,2026-06-01,0,0.26759076,0.08773804,0.0,3.1223297,20728,5546.621,0.40836325,0.2675592622734778,3.1223297119140625,0.0,0.087738037109375,5544.11606077602,0.40951333124692313,20721,829.12,0.00011770857305449263,>64 px
SOM,SO11,2026-06-01,1,0.009829348,0.0038146973,0.0,0.078201294,528,5.1898956,0.01592703,0.009777882302189587,0.1544952392578125,0.0,0.003814697265625,5.132310337098021,0.01588049231944705,525,21.12,0.005235921834328423,16-64 px
SOM,SO1101,2026-06-01,2,0.0055569867,0.0019073486,0.0,0.017166138,104,0.57792664,0.0064903265,0.005653691602743953,0.0286102294921875,0.0,0.0019073486328125,0.5760019356593205,0.006615562806735047,102,4.16,0.017402399531377847,4-16 px
SOM,SO1102,2026-06-01,2,0.02400917,0.017166138,0.0,0.078201294,114,2.7370453,0.023853315,0.023863057393154943,0.1544952392578125,0.0,0.0171661376953125,2.6951070261081775,0.02388187356784603,113,4.56,0.006085700040653516,4-16 px
SOM,SO1103,2026-06-01,2,0.0014348861,0.0,0.0,0.0076293945,109,0.15640259,0.0020038774,0.0014207478339085453,0.00762939453125,0.0,0.0,0.1567102080102245,0.0019839034358534683,110,4.36,0.009853232316805334,4-16 px
SOM,SO1104,2026-06-01,2,0.008549856,0.0038146973,0.0,0.04386902,201,1.7185211,0.01250384,0.008532382561465894,0.0438690185546875,0.0,0.003814697265625,1.7044911588603995,0.012439269956394891,200,8.04,0.002043711441936022,4-16 px
SOM,SO12,2026-06-01,1,0.04039962,0.02670288,0.0,0.19073486,928,37.490845,0.04526419,0.04051934430046143,0.19073486328125,0.0,0.026702880859375,37.74038949924119,0.04528392815057136,931,37.12,0.0029635006582100307,16-64 px
SOM,SO1201,2026-06-01,2,0.046225406,0.030517578,0.0076293945,0.19073486,446,20.616531,0.041999586,0.04616719742618276,0.19073486328125,0.00762939453125,0.030517578125,20.84871168506197,0.04218512921577696,452,17.84,0.0012592333708704231,16-64 px
SOM,SO1202,2026-06-01,2,0.017624795,0.011444092,0.0,0.16403198,341,6.0100555,0.025611078,0.01812510891291154,0.164031982421875,0.0,0.011444091796875,6.140347876737451,0.02655594100231104,339,13.64,0.02838693516217013,4-16 px
SOM,SO1203,2026-06-01,2,0.077051476,0.049591064,0.009536743,0.19073486,141,10.864258,0.060112502,0.07622388346787534,0.19073486328125,0.0095367431640625,0.049591064453125,10.751329711489177,0.059736358234562366,141,5.64,0.01074077454563819,4-16 px
SOM,SO13,2026-06-01,1,0.04379605,0.032424927,0.011444092,0.16403198,1124,49.22676,0.028227866,0.043675060803370455,0.164031982421875,0.003814697265625,0.0324249267578125,49.108789321067505,0.028052993197651206,1124,44.96,0.002762559560269656,16-64 px
SOM,SO1301,2026-06-01,2,0.041539818,0.036239624,0.011444092,0.07247925,529,21.974564,0.017757699,0.04174006655827821,0.072479248046875,0.011444091796875,0.0362396240234375,22.073117768073303,0.017662980091367755,529,21.16,0.004820641204499463,16-64 px
SOM,SO1302,2026-06-01,2,0.038044333,0.032424927,0.019073486,0.061035156,223,8.483887,0.011144631,0.03788213538771951,0.06103515625,0.019073486328125,0.0324249267578125,8.443414330372434,0.011154207120504871,223,8.92,0.004263384306947713,4-16 px
SOM,SO1303,2026-06-01,2,0.036281854,0.022888184,0.011444092,0.16403198,271,9.832382,0.03216573,0.03608883248455832,0.164031982421875,0.011444091796875,0.02288818359375,9.923021167643103,0.031697272796580536,275,10.84,0.005320056561654317,4-16 px
SOM,SO1304,2026-06-01,2,0.088474534,0.06484985,0.011444092,0.16403198,101,8.935928,0.04379709,0.08869516052734734,0.164031982421875,0.003814697265625,0.064849853515625,8.669235826716807,0.044381025819211196,98,4.04,0.0024936726691021384,4-16 px
SOM,SO14,2026-06-01,1,0.074474365,0.0705719,0.01335144,0.19836426,1217,90.6353,0.03526066,0.07425185370247625,0.1983642578125,0.0133514404296875,0.0705718994140625,91.16426547031153,0.03528393175777822,1228,48.68,0.002987756894922841,16-64 px
SOM,SO1401,2026-06-01,2,0.05926775,0.059127808,0.01335144,0.10871887,368,21.810532,0.026194742,0.05890064150942851,0.1087188720703125,0.0133514404296875,0.0591278076171875,22.371146187261104,0.026386357055369906,380,14.72,0.006194068284547516,4-16 px
SOM,SO1402,2026-06-01,2,0.058050048,0.05722046,0.022888184,0.11253357,269,15.615463,0.017264772,0.05815326013451393,0.1125335693359375,0.02288818359375,0.057220458984375,15.454029683503734,0.016987234097197317,266,10.76,0.0017779853431634212,4-16 px
SOM,SO1403,2026-06-01,2,0.10165762,0.089645386,0.051498413,0.19836426,282,28.66745,0.034366637,0.1013590174121024,0.1983642578125,0.0514984130859375,0.0896453857421875,28.648363842620483,0.034457122296696806,283,11.28,0.0029373360098101904,4-16 px
SOM,SO1404,2026-06-01,2,0.082355216,0.0705719,0.022888184,0.19836426,298,24.541855,0.039409008,0.0824204828512826,0.1983642578125,0.02288818359375,0.0705718994140625,24.690725493314858,0.03943056527190571,300,11.92,0.0007925041600596158,4-16 px
SOM,SO15,2026-06-01,1,0.13152231,0.07247925,0.0019073486,0.98609924,1778,233.84666,0.18053451,0.1312009139388088,0.9860992431640625,0.0019073486328125,0.072479248046875,233.0924081181407,0.1804268805393054,1777,71.12,0.002443661924666565,>64 px
SOM,SO1501,2026-06-01,2,0.19237706,0.076293945,0.017166138,0.98609924,856,164.67476,0.23811258,0.1921297930810175,0.9860992431640625,0.0171661376953125,0.0762939453125,164.70759549793712,0.2379261204351318,857,34.24,0.001285324346793205,16-64 px
SOM,SO1502,2026-06-01,2,0.055832293,0.059127808,0.0038146973,0.28038025,518,28.921127,0.036174897,0.05543909718332249,0.2803802490234375,0.003814697265625,0.0591278076171875,28.669333660708006,0.035850694099326764,517,20.72,0.007042444355232004,16-64 px
SOM,SO1503,2026-06-01,2,0.09963064,0.08201599,0.0019073486,0.39863586,404,40.25078,0.07363092,0.09874510500502266,0.3986358642578125,0.0019073486328125,0.0820159912109375,39.71547868849568,0.07169056384701976,402,16.16,0.008888179328942822,16-64 px
SOM,SO16,2026-06-01,1,0.061294243,0.045776367,0.0,0.37384033,2238,137.17651,0.06883265,0.06092137612598756,0.37384033203125,0.0,0.0400543212890625,136.9040687995661,0.06877389428248235,2247,89.52,0.006083228305999934,>64 px
SOM,SO1601,2026-06-01,2,0.050519355,0.011444092,0.0,0.37384033,263,13.286591,0.09785612,0.050231269378377116,0.37384033203125,0.0,0.011444091796875,13.092130058867113,0.09748469339036313,261,10.52,0.005702480200368463,4-16 px
SOM,SO1602,2026-06-01,2,0.093389444,0.0667572,0.0019073486,0.24414062,378,35.30121,0.073561184,0.09375856824587146,0.244140625,0.0019073486328125,0.0667572021484375,34.83915142690182,0.07346882860298747,372,15.12,0.003952526431910876,4-16 px
SOM,SO1603,2026-06-01,2,0.030517578,0.01335144,0.0,0.08392334,137,4.180908,0.032211706,0.028799311136006988,0.08392333984375,0.0,0.0133514404296875,4.325978816410725,0.03230366449347849,150,5.48,0.0563041688299449,4-16 px
SOM,SO1604,2026-06-01,2,0.024382535,0.0076293945,0.0,0.11634827,605,14.751434,0.030224813,0.024172158918099172,0.1163482666015625,0.0,0.00762939453125,14.655546651798357,0.030077044943813133,606,24.2,0.008628146413029987,16-64 px
SOM,SO1605,2026-06-01,2,0.08387644,0.02861023,0.0019073486,0.37384033,244,20.46585,0.10495859,0.08340554882305162,0.37384033203125,0.0,0.0286102294921875,20.418772854328278,0.10535732284894744,245,9.76,0.005614105426367329,4-16 px
SOM,SO1606,2026-06-01,2,0.08050822,0.08392334,0.0076293945,0.2155304,611,49.19052,0.039072957,0.08077881103267039,0.2155303955078125,0.003814697265625,0.08392333984375,49.57248910826273,0.03942265143520195,614,24.44,0.0033610360863819974,16-64 px
SOM,SO17,2026-06-01,1,0.018795287,0.01335144,0.0,0.102996826,905,17.009735,0.021360945,0.018577423508764117,0.102996826171875,0.0,0.0133514404296875,16.806893773225045,0.021096416345885268,905,36.2,0.011591389439059057,16-64 px
SOM,SO1701,2026-06-01,2,0.038173836,0.022888184,0.0019073486,0.102996826,284,10.84137,0.028178478,0.037665513264202234,0.102996826171875,0.0019073486328125,0.0209808349609375,10.63291664512549,0.02794427648623465,282,11.36,0.013315998313550896,4-16 px
SOM,SO1702,2026-06-01,2,0.012367777,0.01335144,0.0019073486,0.049591064,318,3.932953,0.005579746,0.01239992940014548,0.049591064453125,0.0019073486328125,0.0133514404296875,3.9299732656511863,0.005743848835750891,317,12.72,0.002599691128444491,4-16 px
SOM,SO1703,2026-06-01,2,0.0073775994,0.005722046,0.0,0.024795532,303,2.2354126,0.007761018,0.007346287206052148,0.0324249267578125,0.0,0.0057220458984375,2.2440038701221354,0.007732094318219524,305,12.12,0.004244225289306328,4-16 px
SOM,SO18,2026-06-01,1,0.043182015,0.01335144,0.0019073486,0.37193298,1924,83.0822,0.061252143,0.04299400520363751,0.3719329833984375,0.0019073486328125,0.0133514404296875,82.54025604850362,0.06092383626511435,1920,76.96,0.004353891229079648,>64 px
SOM,SO1801,2026-06-01,2,0.01108024,0.011444092,0.0038146973,0.02861023,498,5.5179596,0.0053176545,0.011058088775627972,0.0286102294921875,0.003814697265625,0.011444091796875,5.511299267133701,0.005249927687258007,498,19.92,0.001999164672608867,16-64 px
SOM,SO1802,2026-06-01,2,0.022619963,0.02670288,0.01335144,0.02861023,64,1.4476776,0.005265405,0.02252203984949344,0.0286102294921875,0.0133514404296875,0.026702880859375,1.464996839217747,0.005245833324952335,65,2.56,0.004329058827662908,1-4 px
SOM,SO1803,2026-06-01,2,0.04863853,0.038146973,0.0038146973,0.17356873,837,40.71045,0.041455064,0.048721256304739745,0.1735687255859375,0.003814697265625,0.03814697265625,40.51021638611374,0.041509492175324084,831,33.48,0.001700838918029504,16-64 px
SOM,SO1804,2026-06-01,2,0.0055029946,0.005722046,0.0019073486,0.01335144,357,1.9645691,0.0025343501,0.005666441013026388,0.0362396240234375,0.0019073486328125,0.0057220458984375,2.027503381385465,0.003236053745234683,358,14.28,0.029701358061733813,4-16 px
SOM,SO1805,2026-06-01,2,0.19868027,0.19645691,0.0743866,0.37193298,169,33.576965,0.060181204,0.19765782740012197,0.3719329833984375,0.0438690185546875,0.1964569091796875,33.02624015981692,0.060696267013900844,167,6.76,0.005146170779202286,4-16 px
SOM,SO19,2026-06-01,1,0.11393213,0.05722046,0.005722046,0.7801056,1612,183.6586,0.13025466,0.11386613142255031,0.7801055908203125,0.0057220458984375,0.057220458984375,183.0671832121933,0.1298203781522685,1608,64.48,0.0005792797646256314,>64 px
SOM,SO1901,2026-06-01,2,0.04352597,0.04386902,0.01335144,0.0743866,417,18.15033,0.01478297,0.043643941860657086,0.0743865966796875,0.0133514404296875,0.0438690185546875,18.092413317671863,0.014827761372124066,415,16.68,0.0027103786694952165,16-64 px
SOM,SO1902,2026-06-01,2,0.025803188,0.022888184,0.017166138,0.045776367,212,5.470276,0.0060042343,0.025733866775719844,0.0457763671875,0.0171661376953125,0.02288818359375,5.386087040637477,0.0059884651789040766,209,8.48,0.002686537193782319,4-16 px
SOM,SO1903,2026-06-01,2,0.015587328,0.01335144,0.005722046,0.024795532,209,3.2577515,0.0049607893,0.01557508974550699,0.0286102294921875,0.0057220458984375,0.0133514404296875,3.282606594279258,0.005000396430864945,211,8.36,0.0007851412694343434,4-16 px
SOM,SO1904,2026-06-01,2,0.105408415,0.089645386,0.04386902,0.37193298,435,45.85266,0.06033885,0.10474121656563257,0.3719329833984375,0.0438690185546875,0.0896453857421875,45.60817679063467,0.05905810280031295,435,17.4,0.00632965057265531,16-64 px
SOM,SO1905,2026-06-01,2,0.32722,0.3528595,0.11062622,0.7801056,339,110.92758,0.11487687,0.3278012257627762,0.7801055908203125,0.110626220703125,0.3528594970703125,110.69789949293974,0.11251262607337319,338,13.56,0.001776253782703362,4-16 px
SOM,SO20,2026-06-01,1,0.16823962,0.1411438,0.038146973,0.5569458,1097,184.55887,0.08995413,0.16775421201963012,0.55694580078125,0.03814697265625,0.141143798828125,185.04275521342706,0.08933670499948151,1103,43.88,0.002885218002572103,16-64 px
SOM,SO2001,2026-06-01,2,0.09892568,0.09536743,0.038146973,0.2002716,476,47.088623,0.032908924,0.09859136852713109,0.2002716064453125,0.03814697265625,0.095367431640625,47.2015719654717,0.03273508986261031,479,19.04,0.003379420519211134,16-64 px
SOM,SO2002,2026-06-01,2,0.19737898,0.18692017,0.089645386,0.44822693,513,101.25542,0.06487009,0.1985271060059528,0.4482269287109375,0.0896453857421875,0.186920166015625,103.75997825242678,0.06552718293032206,523,20.52,0.005816860569209513,16-64 px
SOM,SO2003,2026-06-01,2,0.3353225,0.33187866,0.25558472,0.5569458,108,36.21483,0.06560767,0.3352793700453554,0.55694580078125,0.255584716796875,0.331878662109375,34.081204667302245,0.06339436526617702,102,4.32,0.00012862231029715042,4-16 px
SOM,SO21,2026-06-01,1,0.7246707,0.57792664,0.18882751,1.953125,611,442.7738,0.4308383,0.7254956153116078,2.2716522216796875,0.1163482666015625,0.5779266357421875,440.5560854725932,0.432147777813561,607,24.44,0.0011383312608165017,16-64 px
SOM,SO2101,2026-06-01,2,0.5081226,0.4348755,0.30326843,0.8983612,154,78.250885,0.16170657,0.5052730072292664,0.8983612060546875,0.3032684326171875,0.43487548828125,76.22875417370167,0.1551444482583255,151,6.16,0.0056080811417039906,4-16 px
SOM,SO2102,2026-06-01,2,0.38266736,0.39100647,0.18882751,0.9288788,129,49.36409,0.11668315,0.3853335014647749,0.9288787841796875,0.1163482666015625,0.3910064697265625,49.8864177325975,0.11711731126468612,129,5.16,0.006967256012571587,4-16 px
SOM,SO2103,2026-06-01,2,1.3122559,1.2969971,0.57792664,1.953125,138,181.09131,0.42556944,1.3156313931024437,2.2716522216796875,0.5779266357421875,1.2969970703125,180.85882232753286,0.4286242912591707,137,5.52,0.0025722826641081755,4-16 px
SOM,SO2104,2026-06-01,2,0.7056186,0.6599426,0.33187866,1.9207001,190,134.06754,0.25766078,0.7051055088273135,1.9207000732421875,0.331878662109375,0.659942626953125,133.58209065987836,0.2567759371798261,189,7.6,0.000727150861225168,4-16 px
SOM,SO22,2026-06-01,1,2.2014272,2.2830963,1.876831,2.4433136,11,24.215698,0.20739183,2.1984571289939754,2.4433135986328125,1.4743804931640625,2.2830963134765625,23.401763963133703,0.21328495576368994,11,0.44,0.0013491570404983336,<1 px
SOM,SO2201,2026-06-01,2,2.2014272,2.2830963,1.876831,2.4433136,11,24.215698,0.20739183,2.1984571289939754,2.4433135986328125,1.4743804931640625,2.2830963134765625,23.401763963133703,0.21328495576368994,11,0.44,0.0013491570404983336,<1 px
SOM,SO23,2026-06-01,1,1.1796596,1.0204315,0.32043457,2.916336,831,980.2971,0.62357885,1.1824233772735315,2.9582977294921875,0.3204345703125,1.0204315185546875,984.7033236996483,0.623743527194746,833,33.24,0.0023428599856531573,16-64 px
SOM,SO2301,2026-06-01,2,2.1771262,2.111435,1.4247894,2.817154,34,74.02229,0.25079712,2.1837696260794117,2.9582977294921875,1.4247894287109375,2.1114349365234375,73.34954365940672,0.26493596948901177,34,1.36,0.0030514657714429726,1-4 px
SOM,SO2302,2026-06-01,2,1.3573287,1.1901855,0.57792664,2.2830963,122,165.5941,0.5242072,1.3585315931188553,2.2830963134765625,0.5779266357421875,1.190185546875,169.2903086690123,0.528779403956345,125,4.88,0.0008862209418066837,4-16 px
SOM,SO2303,2026-06-01,2,2.0612733,1.914978,1.2378693,2.916336,107,220.55626,0.4559432,2.0608622783225683,2.9163360595703125,1.2378692626953125,1.91497802734375,219.94647880090312,0.45461723332968673,107,4.28,0.00019940183450276426,4-16 px
SOM,SO2304,2026-06-01,2,1.1630408,1.2378693,0.60653687,2.3097992,82,95.36934,0.45844704,1.1690813933147373,2.3097991943359375,0.5168914794921875,1.2378692626953125,96.76279838102263,0.46356223128629703,83,3.28,0.005193793128097624,1-4 px
SOM,SO2305,2026-06-01,2,1.2570895,1.1291504,0.5168915,2.111435,104,130.7373,0.4369332,1.2613370057171054,2.1114349365234375,0.5168914794921875,1.129150390625,131.79467138151324,0.44066425787018454,104,4.16,0.003378841138284438,4-16 px
SOM,SO2306,2026-06-01,2,1.0354235,1.0204315,0.60653687,1.914978,193,199.83673,0.24977772,1.0313324432063908,2.384185791015625,0.606536865234375,1.0204315185546875,200.87086755720128,0.24733781128655313,195,7.72,0.003951095173722844,4-16 px
SOM,SO2307,2026-06-01,2,0.4983125,0.44822693,0.32043457,0.869751,189,94.18106,0.12284714,0.4987745543888471,1.190185546875,0.3204345703125,0.4482269287109375,92.68865660483905,0.12462110111551791,186,7.56,0.0009272382066416369,4-16 px
SOM,SO24,2026-06-01,1,0.49552408,0.4711151,0.102996826,0.9918213,1426,706.6174,0.1693273,0.49487940892873616,1.129150390625,0.102996826171875,0.4711151123046875,707.2676863759009,0.16945282021808938,1429,57.04,0.0013009883823684486,16-64 px
SOM,SO2401,2026-06-01,2,0.38712758,0.39291382,0.1449585,0.47683716,416,161.04507,0.081069306,0.38526397723703676,0.5283355712890625,0.1201629638671875,0.392913818359375,161.8868098894999,0.08327181068990624,420,16.64,0.004813924037556993,16-64 px
SOM,SO2402,2026-06-01,2,0.5212474,0.49209595,0.36239624,0.9918213,585,304.92975,0.12328941,0.5230218418651846,1.129150390625,0.362396240234375,0.492095947265625,306.66340840617147,0.12618045649227072,586,23.4,0.0034042219974327087,16-64 px
SOM,SO2403,2026-06-01,2,0.6505633,0.6542206,0.2861023,0.9918213,315,204.92744,0.19286573,0.6456257971614453,0.9918212890625,0.286102294921875,0.6542205810546875,204.2755662213125,0.1914922279457637,316,12.6,0.007589580965533489,4-16 px
SOM,SO2404,2026-06-01,2,0.32468274,0.32806396,0.102996826,0.5283356,110,35.715103,0.116201684,0.32417333478746585,0.5283355712890625,0.102996826171875,0.32806396484375,34.44189969350475,0.11426386329249669,106,4.4,0.0015689322214484675,4-16 px
SOM,SO25,2026-06-01,1,0.18059352,0.15830994,0.02670288,0.47683716,836,150.97618,0.0981814,0.18134150654442288,0.476837158203125,0.026702880859375,0.1583099365234375,152.42759655915705,0.09894779612671886,841,33.44,0.004141823828578533,16-64 px
SOM,SO2501,2026-06-01,2,0.23145843,0.22125244,0.049591064,0.40245056,171,39.57939,0.075062774,0.23479171454499892,0.4062652587890625,0.049591064453125,0.22125244140625,41.55092082795131,0.07699719791114445,177,6.84,0.014401223342778774,4-16 px
SOM,SO2502,2026-06-01,2,0.1069111,0.10108948,0.02670288,0.19454956,249,26.620865,0.04377355,0.10653259997065528,0.194549560546875,0.026702880859375,0.1010894775390625,26.62397159980401,0.04343119271110428,250,9.96,0.0035403248993295462,4-16 px
SOM,SO2503,2026-06-01,2,0.26980153,0.28419495,0.10108948,0.47683716,216,58.27713,0.09262227,0.26935887386138935,0.476837158203125,0.1010894775390625,0.2841949462890625,57.855544432605654,0.09359376048006884,215,8.64,0.0016406731963701769,4-16 px
SOM,SO2504,2026-06-01,2,0.1815754,0.17356873,0.12207031,0.30517578,91,16.523361,0.05039332,0.18132695308578012,0.30517578125,0.091552734375,0.1735687255859375,16.554838428550767,0.05072673400123234,91,3.64,0.001368285099302437,1-4 px
SOM,SO2505,2026-06-01,2,0.09108457,0.09346008,0.049591064,0.17356873,110,10.019302,0.037906222,0.09148477634415852,0.2536773681640625,0.030517578125,0.0934600830078125,9.842321437025792,0.038046002258377495,108,4.4,0.004393788587447042,4-16 px
SOM,SO26,2026-06-01,1,0.20725623,0.18692017,0.02670288,0.56266785,1485,307.7755,0.1408634,0.20584507376015027,0.5626678466796875,0.026702880859375,0.17547607421875,301.7920897681492,0.14072296769352333,1466,59.4,0.006808751851993775,16-64 px
SOM,SO2601,2026-06-01,2,0.11077937,0.102996826,0.038146973,0.31280518,274,30.353546,0.06315291,0.1086876778975827,0.31280517578125,0.03814697265625,0.102996826171875,29.444687298729733,0.0613661758541316,271,10.96,0.01888160315785604,4-16 px
SOM,SO2602,2026-06-01,2,0.35633957,0.3452301,0.17547607,0.56266785,513,182.8022,0.07564753,0.3555307635326157,0.5626678466796875,0.1163482666015625,0.3452301025390625,176.5650474018887,0.07540911704499909,497,20.52,0.0022697632693003842,16-64 px
SOM,SO2603,2026-06-01,2,0.06584229,0.047683716,0.032424927,0.17547607,123,8.098602,0.033956632,0.06615700411677736,0.17547607421875,0.0286102294921875,0.0476837158203125,8.19427522047722,0.03464622932044848,124,4.92,0.004779817299449325,4-16 px
SOM,SO2604,2026-06-01,2,0.25325012,0.24223328,0.13160706,0.46920776,250,63.31253,0.08546654,0.25619545753726136,0.469207763671875,0.1087188720703125,0.2422332763671875,64.74552483414914,0.08740643406800891,253,10.0,0.011630152582993204,4-16 px
SOM,SO2605,2026-06-01,2,0.04383162,0.04005432,0.02670288,0.05340576,51,2.2354126,0.0064927926,0.04379880701475708,0.05340576171875,0.026702880859375,0.0400543212890625,2.3105182314853145,0.0067914000797938065,53,2.04,0.000748614476100178,1-4 px
SOM,SO2606,2026-06-01,2,0.076727115,0.05340576,0.034332275,0.2002716,273,20.946503,0.041963246,0.07625791779636958,0.2002716064453125,0.034332275390625,0.05340576171875,20.532036456967496,0.041267541361219025,269,10.92,0.006115142002021353,4-16 px
SOM,SO27,2026-06-01,1,0.85874295,0.6637573,0.36239624,2.4471283,608,522.1157,0.4987104,0.8585120605846056,2.4471282958984375,0.362396240234375,0.66375732421875,524.3734206064554,0.4983438309170159,611,24.32,0.0002688690665750414,16-64 px
SOM,SO2701,2026-06-01,2,0.82322687,0.8277893,0.50735474,1.3942719,176,144.88792,0.21245116,0.8193639538891071,1.3942718505859375,0.507354736328125,0.7877349853515625,146.210371766628,0.20752279393610626,178,7.04,0.004692407708816593,4-16 px
SOM,SO2702,2026-06-01,2,1.436413,1.3542175,0.8678436,2.4471283,170,244.19022,0.5551859,1.4394933635326521,2.4471282958984375,0.8678436279296875,1.354217529296875,245.62642521524515,0.5528820913174878,171,6.8,0.00214448319017732,4-16 px
SOM,SO2703,2026-06-01,2,0.507777,0.4787445,0.36239624,0.9422302,262,133.03757,0.07935519,0.506414644777255,0.942230224609375,0.362396240234375,0.4787445068359375,132.53662366173867,0.07645378255671903,262,10.48,0.0026829793841491086,4-16 px
SOM,SO28,2026-06-01,1,0.8849454,0.75531006,0.28419495,3.1223297,1571,1390.2493,0.50551844,0.89258852683018,3.1223297119140625,0.2841949462890625,0.7686614990234375,1388.994771764479,0.5093844351686042,1556,62.84,0.008636834351791625,16-64 px
SOM,SO2801,2026-06-01,2,1.2530136,1.0757446,0.6427765,2.6493073,300,375.90408,0.491389,1.2595828533165583,3.0994415283203125,0.6427764892578125,1.07574462890625,377.20937047091564,0.492949842848593,299,12.0,0.00524276298083135,4-16 px
SOM,SO2802,2026-06-01,2,0.61156535,0.5607605,0.28419495,1.3198853,880,538.1775,0.19220856,0.6145593159438393,1.31988525390625,0.2841949462890625,0.560760498046875,534.4110052056594,0.19058919767618698,870,35.2,0.004895578115796246,16-64 px
SOM,SO2803,2026-06-01,2,1.0781258,0.9460449,0.46539307,3.1223297,322,347.15652,0.54329276,1.0911833431215425,3.1223297119140625,0.46539306640625,0.946044921875,346.18125327473825,0.5476979862047885,317,12.88,0.012111335357657245,4-16 px
SOM,SO2804,2026-06-01,2,1.8697269,2.187729,0.89645386,2.6493073,69,129.01115,0.48350745,1.8786563539682861,2.6493072509765625,0.896453857421875,2.1877288818359375,131.19314680416494,0.4828805664690776,70,2.76,0.004775806546018052,1-4 px
SLV,SV,2026-06-01,0,8.278369,8.497238,3.2176971,11.774063,674,5579.62,1.6769643,8.284079097406044,12.5274658203125,3.2176971435546875,8.497238159179688,5655.376657352491,1.6931823265953145,683,26.96,0.0006897611602049471,16-64 px
SLV,SV01,2026-06-01,1,7.6260567,7.1754456,6.855011,9.023666,40,305.04227,0.88476574,7.603162066752438,9.023666381835938,6.855010986328125,7.175445556640625,311.4270228877558,0.8812334542223974,41,1.6,0.003002158802145008,1-4 px
SLV,SV01001,2026-06-01,2,7.937151,8.588791,6.855011,9.023666,17,134.93156,0.81010884,7.935183879737835,9.023666381835938,6.855010986328125,8.588790893554688,137.83935791487067,0.8240729339424107,17,0.68,0.00024783707178623255,<1 px
SLV,SV01002,2026-06-01,2,7.1754456,7.1754456,7.1754456,7.1754456,5,35.877228,0.0,7.175445556640625,7.175445556640625,7.175445556640625,7.175445556640625,30.704664001746096,0.0,4,0.2,6.0427431513523484e-09,<1 px
SLV,SV01003,2026-06-01,2,7.457415,6.855011,6.855011,9.023666,18,134.23347,0.9713477,7.399272894632785,9.023666381835938,6.855010986328125,6.855010986328125,142.88299808251637,0.9246989464379053,19,0.72,0.007796549523825016,<1 px
SLV,SV02,2026-06-01,1,8.336815,8.457184,7.291794,8.981705,37,308.46216,0.5415539,8.307937421293541,8.981704711914062,7.2917938232421875,8.2550048828125,303.1943565069639,0.5568052476719981,36,1.48,0.0034638622431298225,1-4 px
SLV,SV02001,2026-06-01,2,8.225731,8.255005,7.291794,8.981705,23,189.19182,0.55113083,8.213456628256617,8.981704711914062,7.2917938232421875,8.2550048828125,192.00217370780592,0.5720985363662429,23,0.92,0.001492192212872317,<1 px
SLV,SV02002,2026-06-01,2,8.519309,8.457184,7.621765,8.981705,14,119.270325,0.47171247,8.476304049405607,8.981704711914062,7.62176513671875,8.457183837890625,111.19218614510373,0.48477975549125507,13,0.56,0.005047938816914887,<1 px
SLV,SV03,2026-06-01,1,7.1552334,7.621765,4.878998,8.78334,67,479.40063,1.3395293,7.287572039066407,12.5274658203125,3.7593841552734375,7.62176513671875,475.505564653822,1.3505923452094086,65,2.68,0.01849536299771951,1-4 px
SLV,SV03001,2026-06-01,2,6.7214966,6.4582825,4.878998,8.78334,36,241.97388,1.5159316,6.843371662974583,8.783340454101562,3.7593841552734375,6.458282470703125,228.14520436370555,1.5244283755840637,33,1.44,0.01813213190862628,1-4 px
SLV,SV03002,2026-06-01,2,6.8457923,6.4582825,6.4582825,8.78334,6,41.074753,0.86649793,7.123103746163307,12.5274658203125,6.458282470703125,6.458282470703125,47.89594280456555,1.5680692302227226,7,0.24,0.04050830554168381,<1 px
SLV,SV03003,2026-06-01,2,8.061621,8.255005,7.621765,8.78334,18,145.10918,0.43283328,8.039783304066336,8.783340454101562,7.62176513671875,8.2550048828125,160.74475707448244,0.41625610759835263,20,0.72,0.002708846760926138,<1 px
SLV,SV03999,2026-06-01,2,7.320404,7.621765,4.878998,8.255005,7,51.24283,1.0203665,7.456113150848283,8.2550048828125,4.878997802734375,7.62176513671875,38.71965988011539,0.8006071601472263,5,0.28,0.01853847832008773,<1 px
SLV,SV04,2026-06-01,1,8.008321,8.457184,4.878998,8.457184,21,168.17474,0.8005312,7.957966330983974,8.981704711914062,4.878997802734375,8.457183837890625,180.46828255480207,0.9495820849655466,23,0.84,0.006287793535751893,<1 px
SLV,SV04001,2026-06-01,2,7.78389,7.621765,4.878998,8.457184,14,108.97446,0.9000928,7.671594542771913,8.775711059570312,4.878997802734375,7.62176513671875,112.26650694591278,1.0770794413940734,15,0.56,0.0144266500718904,<1 px
SLV,SV04002,2026-06-01,2,8.457184,8.457184,8.457184,8.457184,7,59.200287,0.0,8.478971835950277,8.981704711914062,8.457183837890625,8.457183837890625,68.2017724583428,0.10465917506851619,8,0.28,0.00257625185289544,<1 px
SLV,SV05,2026-06-01,1,7.862919,8.466721,4.878998,8.78334,53,416.73468,1.3871577,7.799462075096453,8.783340454101562,4.878997802734375,8.466720581054688,425.2933218729993,1.4531793587531965,55,2.12,0.00807040297675037,1-4 px
SLV,SV05001,2026-06-01,2,7.3705153,8.775711,4.878998,8.78334,11,81.07567,1.8632967,7.459818727265281,8.783340454101562,4.878997802734375,8.775711059570312,77.15117420517004,1.835710243401845,10,0.44,0.012116307154980204,<1 px
SLV,SV05002,2026-06-01,2,8.048415,7.8582764,7.8582764,8.466721,16,128.77464,0.28202143,8.07630312885782,8.783340454101562,7.8582763671875,7.8582763671875,119.2105236079044,0.3174395192835398,15,0.64,0.0034650460814731146,<1 px
SLV,SV05003,2026-06-01,2,8.543968,8.466721,8.466721,8.775711,4,34.175873,0.1337968,8.537541177266897,8.775711059570312,8.466720581054688,8.466720581054688,42.329483276581925,0.12987429716660562,5,0.16,0.0007522058524917644,<1 px
SLV,SV05004,2026-06-01,2,6.3402653,4.878998,4.878998,8.775711,8,50.722122,1.8864882,6.17415532427862,8.775711059570312,4.878997802734375,4.878997802734375,63.76696134804405,1.833656782959392,10,0.32,0.02619921531065595,<1 px
SLV,SV05005,2026-06-01,2,8.782387,8.78334,8.775711,8.78334,8,70.259094,0.002523185,8.779345529055089,8.783340454101562,7.8582763671875,8.783340454101562,64.99477999124537,0.046232136730684895,7,0.32,0.00034631483956595627,<1 px
SLV,SV05006,2026-06-01,2,8.621216,8.621216,8.466721,8.775711,6,51.727295,0.15449524,8.586058656790662,8.783340454101562,7.8582763671875,8.775711059570312,57.84039217826553,0.24389175387837925,7,0.24,0.004078002825742698,<1 px
SLV,SV06,2026-06-01,1,8.3990345,8.199692,7.3623657,9.914398,39,327.56232,0.6738903,8.453206453128214,9.914398193359375,7.36236572265625,8.199691772460938,331.7250028244345,0.6888064805917158,39,1.56,0.006449783380246025,1-4 px
SLV,SV06001,2026-06-01,2,8.0064535,8.199692,7.3623657,8.457184,16,128.10326,0.37693712,8.141674124976705,9.914398193359375,7.36236572265625,8.199691772460938,131.9220997416881,0.45254707345266865,16,0.64,0.01688895401399701,<1 px
SLV,SV06002,2026-06-01,2,9.232903,9.496689,8.199692,9.914398,10,92.329025,0.74646765,9.195228046569214,9.914398193359375,7.36236572265625,9.0789794921875,100.01887654462749,0.7756982796329355,11,0.4,0.004080510044434113,<1 px
SLV,SV06003,2026-06-01,2,8.240773,8.199692,8.199692,8.466721,13,107.13005,0.096344315,8.204618904393717,8.466720581054688,7.36236572265625,8.199691772460938,99.78402255725882,0.19070808396353128,12,0.52,0.004387221393707068,<1 px
SLV,SV07,2026-06-01,1,8.495516,8.497238,6.9332123,10.677338,62,526.7219,1.0547595,8.51424327796635,10.677337646484375,6.3037872314453125,8.497238159179688,565.6360987904563,1.0445724495377438,66,2.48,0.0022043720435992987,1-4 px
SLV,SV07001,2026-06-01,2,8.148466,8.375168,6.9332123,9.845734,35,285.1963,1.1297362,8.156714251657853,9.845733642578125,6.3037872314453125,8.375167846679688,295.1188103855529,1.1338017687852995,36,1.4,0.0010122459439423227,1-4 px
SLV,SV07002,2026-06-01,2,8.9453945,8.7890625,8.375168,10.677338,27,241.52565,0.73598975,8.941830140517412,10.677337646484375,8.375167846679688,8.7890625,270.5172821649171,0.7231623463777034,30,1.08,0.00039845749481350274,1-4 px
SLV,SV08,2026-06-01,1,10.449092,9.845734,8.497238,11.774063,42,438.86185,1.1943476,10.394571430497148,11.774063110351562,8.497238159179688,9.845733642578125,436.8475669096483,1.1903018908438932,42,1.68,0.005217732746812078,1-4 px
SLV,SV08001,2026-06-01,2,10.48194,9.845734,8.752823,11.774063,18,188.67493,1.1415714,10.27184359283883,11.774063110351562,8.752822875976562,9.845733642578125,178.871273433856,1.1275084391522026,17,0.72,0.020043656723962418,<1 px
SLV,SV08002,2026-06-01,2,10.424455,9.845734,8.497238,11.774063,24,250.18692,1.2318729,10.481402485041043,11.774063110351562,8.497238159179688,9.845733642578125,257.9762905263294,1.2253960915473265,25,0.96,0.005462874082246311,<1 px
SLV,SV09,2026-06-01,1,9.627147,9.887695,8.460999,11.774063,73,702.7817,1.1025903,9.680059366460855,11.774063110351562,7.2917938232421875,9.8876953125,670.292457916477,1.1307205664975806,69,2.92,0.0054961627220248875,1-4 px
SLV,SV09001,2026-06-01,2,9.265749,9.111404,8.497238,9.887695,38,352.09845,0.56439364,9.269341095491704,9.8876953125,8.497238159179688,9.111404418945312,314.36542520140165,0.5684692557934807,34,1.52,0.00038767459508179896,1-4 px
SLV,SV09002,2026-06-01,2,10.165405,9.887695,8.460999,11.774063,25,254.13513,1.5894984,10.225591216720366,11.774063110351562,7.2917938232421875,11.63482666015625,245.8267302995587,1.6034251748526511,24,1.0,0.005920690490970694,<1 px
SLV,SV09003,2026-06-01,2,9.654808,9.887695,9.111404,9.887695,10,96.54808,0.35574117,9.752208506896116,11.774063110351562,8.46099853515625,9.8876953125,110.1003157411862,0.5006866272619308,11,0.4,0.010088290403715597,<1 px
SLV,SV10,2026-06-01,1,7.8050494,8.466721,4.878998,8.775711,32,249.76158,1.5545729,7.7418717142870745,8.775711059570312,4.878997802734375,8.466720581054688,239.08708049584783,1.5911026815662321,31,1.28,0.008094463273086414,1-4 px
SLV,SV10001,2026-06-01,2,8.775711,8.775711,8.775711,8.775711,5,43.878555,0.0,8.775711059570312,8.775711059570312,8.775711059570312,8.775711059570312,38.00833167275641,0.0,4,0.2,6.78808966324843e-09,<1 px
SLV,SV10002,2026-06-01,2,8.510272,8.457184,8.457184,8.775711,6,51.06163,0.11870809,8.544208654508946,8.775711059570312,8.457183837890625,8.457183837890625,47.08623556606284,0.14193820608689456,6,0.24,0.003987728536637307,<1 px
SLV,SV10003,2026-06-01,2,5.4356713,4.878998,4.878998,8.775711,7,38.049698,1.3635656,5.178157562583296,8.775711059570312,4.878997802734375,4.878997802734375,38.19787897576532,1.0329218027009655,7,0.28,0.047374780998384505,<1 px
SLV,SV10004,2026-06-01,2,8.126259,8.775711,4.878998,8.775711,6,48.757553,1.4522192,8.43387268806449,8.775711059570312,4.878997802734375,8.775711059570312,42.15213134610707,1.102357764842337,5,0.24,0.03785428055695624,<1 px
SLV,SV10005,2026-06-01,2,8.516629,8.466721,8.457184,8.775711,6,51.099777,0.1159171,8.51066700115032,8.775711059570312,8.199691772460938,8.466720581054688,56.54488619009079,0.12927090121954268,7,0.24,0.0007000420999528707,<1 px
SLV,SV10899,2026-06-01,2,8.457184,8.457184,8.457184,8.457184,2,16.914368,0.0,8.457183837890625,8.457183837890625,8.457183837890625,8.457183837890625,17.097623560147213,0.0,2,0.08,1.916824498707345e-08,<1 px
SLV,SV11,2026-06-01,1,9.304326,9.0789795,8.460999,9.914398,41,381.47736,0.5253081,9.276454766735144,9.914398193359375,8.199691772460938,8.981704711914062,374.66168182169747,0.5403345802666306,40,1.64,0.002995513405791632,1-4 px
SLV,SV11001,2026-06-01,2,8.837064,8.981705,8.460999,8.981705,18,159.06715,0.23322597,8.862059815510621,9.914398193359375,8.46099853515625,8.981704711914062,169.89984354685018,0.2902379289543551,19,0.72,0.002828520367242034,<1 px
SLV,SV11002,2026-06-01,2,9.670009,9.914398,8.981705,9.914398,23,222.4102,0.38045388,9.650902911606634,9.914398193359375,8.199691772460938,9.914398193359375,204.7618401102902,0.42927838172115323,21,0.92,0.0019758087498539297,<1 px
SLV,SV12,2026-06-01,1,5.353712,4.9324036,3.2176971,8.78334,62,331.93018,1.5750399,5.665551665512753,12.5274658203125,3.2176971435546875,4.932403564453125,388.63040036334337,1.993180627068068,69,2.48,0.058247374067329986,1-4 px
SLV,SV12001,2026-06-01,2,5.1891327,4.9324036,4.9324036,8.78334,15,77.83699,0.96059245,5.448005713114312,9.023666381835938,4.932403564453125,4.932403564453125,72.72960317548095,1.286820960072033,13,0.6,0.0498875299747705,<1 px
SLV,SV12002,2026-06-01,2,6.582805,4.9324036,4.9324036,8.78334,7,46.079636,1.9057195,6.517195544982419,8.783340454101562,4.932403564453125,4.932403564453125,49.29012035965741,1.8950905726875706,8,0.28,0.009966793033908844,<1 px
SLV,SV12003,2026-06-01,2,4.608917,3.7593842,3.7593842,6.4582825,25,115.22293,1.1949502,5.478222932792708,12.5274658203125,3.7593841552734375,3.7593841552734375,167.51827224794624,2.3031689736355547,31,1.0,0.18861392661067833,<1 px
SLV,SV12004,2026-06-01,2,6.1729136,7.1754456,3.2176971,7.1754456,13,80.24788,1.543424,5.824179511612367,9.023666381835938,3.2176971435546875,7.175445556640625,88.27796004278187,1.6806809624418555,15,0.52,0.056494244207084564,<1 px
SLV,SV12998,2026-06-01,2,3.7593842,3.7593842,3.7593842,3.7593842,1,3.7593842,0.0,3.7593841552734375,3.7593841552734375,3.7593841552734375,3.7593841552734375,4.280167864934015,0.0,1,0.04,1.1897310855775174e-08,<1 px
SLV,SV12999,2026-06-01,2,8.78334,8.78334,8.78334,8.78334,1,8.78334,0.0,8.088415511995054,8.783340454101562,4.932403564453125,8.783340454101562,6.534276508673997,1.4809427470138825,1,0.04,0.07911847748179474,<1 px
SLV,SV13,2026-06-01,1,8.366189,8.78334,6.855011,9.023666,41,343.01376,0.86307293,8.37064219146282,9.023666381835938,4.291534423828125,8.783340454101562,334.52870860417175,0.8577453650251256,40,1.64,0.0005322843486825993,1-4 px
SLV,SV13001,2026-06-01,2,8.252657,9.023666,7.019043,9.023666,13,107.284546,0.9752578,8.180846077956517,9.023666381835938,7.01904296875,9.023666381835938,90.83928274975506,0.9895409286883954,11,0.52,0.00870155176005529,<1 px
SLV,SV13002,2026-06-01,2,8.6025,8.78334,7.019043,9.023666,16,137.64,0.52881056,8.58619006585075,9.023666381835938,7.01904296875,8.783340454101562,149.38227524723402,0.5778720655984321,17,0.64,0.0018959528217667315,<1 px
SLV,SV13003,2026-06-01,2,8.71563,9.023666,7.1754456,9.023666,6,52.293777,0.6887912,8.743244051767858,9.023666381835938,7.175445556640625,9.023666381835938,56.4139289756075,0.6629981557864344,6,0.24,0.0031683368577896673,<1 px
SLV,SV13004,2026-06-01,2,7.6325736,7.019043,6.855011,9.023666,6,45.79544,0.98592806,7.5629660605936335,9.023666381835938,4.291534423828125,7.01904296875,37.89322819065105,0.9489173775598144,5,0.24,0.00911979930417785,<1 px
SLV,SV14,2026-06-01,1,9.370237,9.475708,8.460999,9.914398,64,599.6952,0.29202232,9.36597668205598,11.774063110351562,8.46099853515625,9.4757080078125,618.0791054930273,0.29657441981909094,66,2.56,0.0004546649080508776,1-4 px
SLV,SV14001,2026-06-01,2,9.338545,9.475708,9.111404,9.500504,23,214.78653,0.18235317,9.329382150444951,9.8876953125,8.7890625,9.4757080078125,239.57629729967067,0.18473506144459445,26,0.92,0.000981185993647664,<1 px
SLV,SV14002,2026-06-01,2,9.327252,9.500504,8.460999,9.500504,18,167.89055,0.38740066,9.368837834376798,11.774063110351562,8.46099853515625,9.500503540039062,181.8557261308945,0.4032048998299638,19,0.72,0.004458530162667236,<1 px
SLV,SV14003,2026-06-01,2,9.435571,9.475708,9.0789795,9.914398,23,217.01813,0.28260875,9.40827997763788,9.914398193359375,9.0789794921875,9.4757080078125,196.6470909259499,0.28522517473978787,21,0.92,0.0028923551486305624,<1 px
TCD,TD,2026-06-01,0,0.3731013,0.038146973,0.0,4.3296814,42628,15904.562,0.6667771,0.37269738903979654,4.5490264892578125,0.0,0.03814697265625,15905.263665176568,0.6667008164100875,42676,1705.12,0.0010825771987486496,>64 px
TCD,TD01,2026-06-01,1,0.13148172,0.08392334,0.0019073486,0.579834,3059,402.2026,0.1327963,0.13076929399101353,0.579833984375,0.0019073486328125,0.08392333984375,398.6393433438873,0.13214014086458845,3048,122.36,0.005418441506442618,>64 px
TCD,TD0101,2026-06-01,2,0.08756675,0.036239624,0.0019073486,0.579834,1648,144.31,0.123475224,0.08627341813963273,0.579833984375,0.0019073486328125,0.0362396240234375,141.1885699390214,0.12166501682634616,1637,65.92,0.014769668400017954,>64 px
TCD,TD0102,2026-06-01,2,0.18394656,0.2117157,0.0019073486,0.49972534,1025,188.54523,0.13088791,0.1835876498910275,0.579833984375,0.0019073486328125,0.2040863037109375,187.66916029635493,0.13141379607288978,1022,41.0,0.00195116510454186,16-64 px
TCD,TD0103,2026-06-01,2,0.17965643,0.1296997,0.08010864,0.5607605,386,69.34738,0.10632891,0.17908310497555438,0.560760498046875,0.080108642578125,0.12969970703125,69.78161232460423,0.10564565835950292,390,15.44,0.00319123019669057,4-16 px
TCD,TD02,2026-06-01,1,0.0017809896,0.0,0.0,0.030517578,5102,9.086609,0.0029729921,0.0017765849298863455,0.0438690185546875,0.0,0.0,9.053827051952457,0.0029683649524982272,5096,204.08,0.0024731588065727093,>64 px
TCD,TD0201,2026-06-01,2,0.0024228902,0.0019073486,0.0,0.030517578,2464,5.970001,0.0034875483,0.0024254198869889526,0.0438690185546875,0.0,0.0019073486328125,5.956149100994068,0.0034856524338673293,2456,98.56,0.0010440782619668514,>64 px
TCD,TD0202,2026-06-01,2,0.0011814282,0.0,0.0,0.011444092,2638,3.1166077,0.002233676,0.0011731502739164748,0.011444091796875,0.0,0.0,3.0976779506586283,0.0022249837321573307,2640,105.52,0.007006711100619824,>64 px
TCD,TD03,2026-06-01,1,0.639897,0.5455017,0.08773804,2.4108887,1550,991.84033,0.4285978,0.6383383578486018,2.410888671875,0.087738037109375,0.545501708984375,990.9328084601015,0.4274769766374847,1552,62.0,0.0024357703683533854,16-64 px
TCD,TD0301,2026-06-01,2,0.46144062,0.44059753,0.14305115,1.0738373,900,415.29657,0.17278825,0.4607355975841702,1.0738372802734375,0.1430511474609375,0.4405975341796875,414.689332785434,0.17309167942698925,900,36.0,0.001527872461314339,16-64 px
TCD,TD0302,2026-06-01,2,0.27430058,0.2822876,0.08773804,0.84495544,144,39.499283,0.14350589,0.2770041030339085,0.8449554443359375,0.087738037109375,0.28228759765625,40.39686073067372,0.15062551969211818,146,5.76,0.009856060216527695,4-16 px
TCD,TD0303,2026-06-01,2,1.0613528,0.87833405,0.5455017,2.4108887,506,537.04456,0.48107624,1.0580051560323744,2.410888671875,0.522613525390625,0.8716583251953125,535.8466132878964,0.48015962555671626,506,20.24,0.0031541293033057975,16-64 px
TCD,TD04,2026-06-01,1,0.7510159,0.70381165,0.32234192,1.8939972,2021,1517.8032,0.30192077,0.748514028035269,2.1381378173828125,0.31280517578125,0.7038116455078125,1514.21508656715,0.2988637386158669,2023,80.84,0.003331316906514164,>64 px
TCD,TD0401,2026-06-01,2,0.7223909,0.7362366,0.37193298,0.9403229,274,197.9351,0.11680286,0.7195199076763055,0.9403228759765625,0.31280517578125,0.736236572265625,200.6832085266197,0.1190819300592389,279,10.96,0.003974291929334211,4-16 px
TCD,TD0402,2026-06-01,2,0.54568166,0.5226135,0.32234192,0.8869171,318,173.52676,0.12620464,0.54616185351384,0.8869171142578125,0.3223419189453125,0.522613525390625,174.09915709936664,0.12602441025430988,319,12.72,0.0008799883687496264,4-16 px
TCD,TD0403,2026-06-01,2,0.8658063,0.81443787,0.35476685,1.8939972,1071,927.2785,0.3446379,0.8618185975227043,2.1381378173828125,0.354766845703125,0.8144378662109375,921.0544400589438,0.3414185947597738,1069,42.84,0.00460576745317716,16-64 px
TCD,TD0404,2026-06-01,2,0.6119073,0.5893707,0.33569336,0.9403229,358,219.0628,0.19449794,0.6124812085946758,0.9403228759765625,0.335693359375,0.5893707275390625,218.37828128941084,0.19450064207613368,357,14.32,0.0009379012060744575,4-16 px
TCD,TD05,2026-06-01,1,0.22334993,0.2155304,0.07247925,0.45776367,953,212.85248,0.0812776,0.22271351125469618,0.457763671875,0.072479248046875,0.2155303955078125,213.63745524465293,0.08145772180474636,959,38.12,0.00284942442249173,16-64 px
TCD,TD0501,2026-06-01,2,0.19939667,0.19645691,0.102996826,0.4005432,218,43.468475,0.048069943,0.20117706922872605,0.400543212890625,0.102996826171875,0.1964569091796875,44.34234929604486,0.050227535528235494,220,8.72,0.008928931605156967,4-16 px
TCD,TD0502,2026-06-01,2,0.25083768,0.22125244,0.12588501,0.45776367,536,134.449,0.07855547,0.25019742155939356,0.457763671875,0.125885009765625,0.22125244140625,134.71747312210346,0.07899392744884669,538,21.44,0.002552481112911126,16-64 px
TCD,TD0503,2026-06-01,2,0.17555276,0.14305115,0.07247925,0.4005432,199,34.934998,0.08680521,0.17255287512612838,0.400543212890625,0.072479248046875,0.1430511474609375,34.57763274088421,0.08464751986899142,200,7.96,0.017088223926935823,4-16 px
TCD,TD06,2026-06-01,1,0.043652844,0.04196167,0.0019073486,0.16403198,2444,106.687546,0.033102002,0.04371554362995775,0.164031982421875,0.0019073486328125,0.041961669921875,107.03261170027302,0.03324878134662855,2448,97.76,0.0014363240561770748,>64 px
TCD,TD0601,2026-06-01,2,0.06435254,0.061035156,0.038146973,0.12588501,326,20.978928,0.02257963,0.06464981046864661,0.125885009765625,0.03814697265625,0.06103515625,20.997296537927923,0.02288868047696438,325,13.04,0.004619405366852806,4-16 px
TCD,TD0602,2026-06-01,2,0.036518425,0.032424927,0.0019073486,0.12588501,2025,73.949814,0.0273896,0.0364415289497636,0.125885009765625,0.0019073486328125,0.0324249267578125,73.85673540561757,0.027341184021333283,2027,81.0,0.0021056781675660515,>64 px
TCD,TD0603,2026-06-01,2,0.12643875,0.1487732,0.061035156,0.16403198,93,11.758804,0.034783453,0.1257027403896531,0.164031982421875,0.057220458984375,0.148773193359375,12.178579772825424,0.03528528458821325,97,3.72,0.005821076294624029,1-4 px
TCD,TD07,2026-06-01,1,0.10479923,0.089645386,0.019073486,0.2632141,727,76.18904,0.051142454,0.1045404533777573,0.263214111328125,0.019073486328125,0.0896453857421875,75.6998529074071,0.050977862837881804,724,29.08,0.0024692607211206628,16-64 px
TCD,TD0701,2026-06-01,2,0.09584427,0.089645386,0.05722046,0.19645691,164,15.71846,0.028738165,0.09568522811223353,0.1964569091796875,0.057220458984375,0.0896453857421875,15.50120161546431,0.028810934778522868,162,6.56,0.0016593781533989472,4-16 px
TCD,TD0702,2026-06-01,2,0.13797584,0.15640259,0.038146973,0.2632141,174,24.007797,0.073703125,0.13735508234864255,0.263214111328125,0.03814697265625,0.156402587890625,23.618836639111016,0.07375279876084255,172,6.96,0.004499031506946722,4-16 px
TCD,TD0703,2026-06-01,2,0.11781662,0.12397766,0.061035156,0.15640259,126,14.844894,0.031561412,0.11788288441617718,0.18310546875,0.06103515625,0.1354217529296875,14.94766476364262,0.03144049692484876,127,5.04,0.0005624369140549641,4-16 px
TCD,TD0704,2026-06-01,2,0.0821973,0.08010864,0.019073486,0.15449524,263,21.61789,0.035688773,0.08213827891652001,0.1544952392578125,0.019073486328125,0.080108642578125,21.63215008583186,0.03561385491038556,263,10.52,0.0007180416325109599,4-16 px
TCD,TD08,2026-06-01,1,1.8110539,1.7623901,1.2321472,3.1929016,290,525.2056,0.4148448,1.8058835846994346,3.192901611328125,1.1615753173828125,1.76239013671875,525.3923856428644,0.40697167054036854,291,11.6,0.0028548655015544003,4-16 px
TCD,TD0801,2026-06-01,2,1.7188624,1.7623901,1.411438,1.9187927,95,163.29193,0.14696372,1.7181718509406818,2.140045166015625,1.41143798828125,1.76239013671875,162.97856182370117,0.14819099834233446,95,3.8,0.00040174772530837303,1-4 px
TCD,TD0802,2026-06-01,2,2.1328614,2.0999908,1.2321472,3.1929016,107,228.21617,0.45702758,2.1139054280362486,3.192901611328125,1.232147216796875,2.0999908447265625,226.8358849755181,0.45186682495860003,107,4.28,0.008887577956894582,4-16 px
TCD,TD0803,2026-06-01,2,1.3555951,1.411438,1.2321472,1.7604828,36,48.801422,0.13618493,1.35666927548186,1.7604827880859375,1.1615753173828125,1.41143798828125,46.95158693330814,0.13546384289028052,35,1.44,0.0007924014197601861,1-4 px
TCD,TD0804,2026-06-01,2,1.6326171,1.449585,1.2340546,2.117157,52,84.89609,0.27128226,1.6362783477672764,2.117156982421875,1.2340545654296875,1.4495849609375,88.62635445296974,0.2753088751207723,54,2.08,0.002242563652724443,1-4 px
TCD,TD09,2026-06-01,1,2.5041354,2.292633,1.4801025,4.114151,778,1948.2174,0.5910341,2.5072160306415756,4.1141510009765625,1.4801025390625,2.292633056640625,1949.9289920026808,0.5909250920287008,778,31.12,0.0012302172804136706,16-64 px
TCD,TD0901,2026-06-01,2,2.258859,2.2678375,1.4801025,2.943039,82,185.22644,0.2211675,2.2641350168069763,2.9430389404296875,1.4801025390625,2.2678375244140625,186.39992167450714,0.23660019410079697,82,3.28,0.0023356999294670854,1-4 px
TCD,TD0902,2026-06-01,2,3.0980952,3.1490326,2.4738312,3.440857,51,158.00285,0.24352607,3.101002680548129,3.44085693359375,2.4738311767578125,3.1490325927734375,157.15385490392418,0.23906174160584961,51,2.04,0.0009384735976251737,1-4 px
TCD,TD0903,2026-06-01,2,3.1932943,3.2215118,2.4738312,3.6849976,68,217.14401,0.3738059,3.205148505678047,3.68499755859375,2.4738311767578125,3.2939910888671875,218.7516927076416,0.37267774992949915,68,2.72,0.003712218343936251,1-4 px
TCD,TD0904,2026-06-01,2,2.306223,2.2964478,1.7623901,3.293991,96,221.3974,0.24180758,2.313180948239846,3.2939910888671875,1.76239013671875,2.29644775390625,215.2433352179961,0.24276316314353358,93,3.84,0.003017031848110993,1-4 px
TCD,TD0905,2026-06-01,2,3.0284238,3.293991,1.9855499,4.114151,154,466.37726,0.6649053,3.027565011971482,4.1141510009765625,1.9855499267578125,3.2939910888671875,461.77118076252685,0.662991834915064,153,6.16,0.00028357590787591236,4-16 px
TCD,TD0906,2026-06-01,2,2.140885,2.0446777,1.7623901,3.1929016,327,700.06946,0.33672994,2.1475170984854293,3.192901611328125,1.76239013671875,2.044677734375,710.6090032470203,0.34098755903806177,331,13.08,0.0030978303297138046,4-16 px
TCD,TD10,2026-06-01,1,2.4646945,2.4318695,1.2264252,4.3296814,572,1409.8053,0.72864103,2.4603034304133353,4.329681396484375,1.2264251708984375,2.4318695068359375,1410.7861542489552,0.7307889171975952,573,22.88,0.0017815877735210043,16-64 px
TCD,TD1001,2026-06-01,2,1.7872865,1.7776489,1.2264252,2.6435852,227,405.71405,0.35603708,1.7819108109078456,3.3721923828125,1.2264251708984375,1.6307830810546875,410.53575933114314,0.35511793929197116,230,9.08,0.0030077377589739288,4-16 px
TCD,TD1002,2026-06-01,2,2.8907018,2.9964447,1.6098022,4.3296814,282,815.1779,0.57204014,2.8944119424340733,4.329681396484375,1.60980224609375,2.9964447021484375,810.9873462181504,0.5673415511696775,280,11.28,0.00128347463376309,4-16 px
TCD,TD1003,2026-06-01,2,2.9986246,2.8190613,2.0980835,3.440857,63,188.91335,0.38476592,3.0119145878892803,3.44085693359375,2.09808349609375,2.819061279296875,189.26305034412394,0.37936155129659516,63,2.52,0.0044320279001514515,1-4 px
TCD,TD11,2026-06-01,1,0.94863665,0.75149536,0.5016327,2.4547577,602,571.0792,0.40376768,0.9460448934920602,2.4547576904296875,0.3414154052734375,0.751495361328125,565.5624941499626,0.4000483408605257,598,24.08,0.0027320855755886583,16-64 px
TCD,TD1101,2026-06-01,2,0.7232707,0.7171631,0.5130768,1.3847351,277,200.346,0.16143239,0.722202343572928,1.384735107421875,0.5130767822265625,0.7171630859375,202.7205659602238,0.15937422609677568,281,11.08,0.0014771183556475285,4-16 px
TCD,TD1102,2026-06-01,2,1.5786852,1.5487671,1.0967255,2.4547577,105,165.76195,0.31670448,1.5683095672215834,2.4547576904296875,1.0967254638671875,1.54876708984375,164.59061835512045,0.3135815166754729,105,4.2,0.006572325361900255,4-16 px
TCD,TD1103,2026-06-01,2,0.6847854,0.69236755,0.5016327,0.9384155,121,82.85904,0.11951718,0.6862334197376249,0.93841552734375,0.3414154052734375,0.6923675537109375,79.46547088841794,0.12010530107302528,116,4.84,0.0021145598863890392,4-16 px
TCD,TD1104,2026-06-01,2,1.2334573,1.2073517,0.787735,2.4547577,99,122.112274,0.25543898,1.2325658440885905,2.4547576904296875,0.7877349853515625,1.2073516845703125,118.78583788706987,0.2520784321453243,96,3.96,0.0007227294462560552,1-4 px
TCD,TD12,2026-06-01,1,2.3595219,2.4547577,1.0471344,3.5915375,406,957.9658,0.47381192,2.3608145838364196,3.5915374755859375,1.0471343994140625,2.4547576904296875,963.1764847290849,0.47975345706612593,408,16.24,0.0005478583760632964,16-64 px
TCD,TD1201,2026-06-01,2,2.5861464,2.6683807,1.2073517,3.5915375,262,677.5703,0.36379346,2.5884786815407392,3.5915374755859375,1.2073516845703125,2.6683807373046875,685.8185636754068,0.37198421344307747,265,10.48,0.0009018366248481397,4-16 px
TCD,TD1202,2026-06-01,2,2.0846717,2.3231506,1.4209747,2.5424957,95,198.04382,0.3245213,2.0699916392656816,2.5424957275390625,1.4209747314453125,2.323150634765625,194.29455581878585,0.3302715228475039,94,3.8,0.007041905319824828,1-4 px
TCD,TD1203,2026-06-01,2,1.6806467,1.739502,1.0471344,2.0313263,49,82.351685,0.25759715,1.6892451146916174,2.0313262939453125,1.0471343994140625,1.739501953125,83.0633710954487,0.2532953187416218,49,1.96,0.005116134575825706,1-4 px
TCD,TD13,2026-06-01,1,1.7181802,1.6803741,0.8621216,3.4561157,1326,2278.307,0.4970786,1.7185478682716513,4.5490264892578125,0.86212158203125,1.6803741455078125,2287.896512029175,0.4956297482400771,1331,53.04,0.00021398702630338526,16-64 px
TCD,TD1301,2026-06-01,2,1.4840437,1.3389587,0.91552734,2.532959,573,850.35706,0.37488738,1.4866369737373568,2.532958984375,0.91552734375,1.338958740234375,845.9909481050687,0.3756224444177657,569,22.92,0.0017474375837833141,16-64 px
TCD,TD1302,2026-06-01,2,2.6042938,2.5730133,2.023697,3.4561157,180,468.7729,0.35084045,2.6005907672615827,4.5490264892578125,1.712799072265625,2.6092529296875,469.50413017668444,0.3480317256338245,181,7.2,0.0014218951557683484,4-16 px
TCD,TD1303,2026-06-01,2,1.6739564,1.6899109,0.8621216,2.1972656,573,959.177,0.29858246,1.671668051907256,2.197265625,0.86212158203125,1.689910888671875,972.4014384606127,0.3005105216862061,582,22.92,0.0013670296865223193,16-64 px
TCD,TD14,2026-06-01,1,0.3083264,0.2975464,0.11253357,0.58174133,988,304.62646,0.081521414,0.3083044785774055,0.5817413330078125,0.1125335693359375,0.29754638671875,306.3135208946632,0.08151309453922055,994,39.52,7.109810445844161e-05,16-64 px
TCD,TD1401,2026-06-01,2,0.29306155,0.29563904,0.16784668,0.4749298,592,173.49243,0.06493295,0.2931768553437385,0.4749298095703125,0.118255615234375,0.2956390380859375,174.73989931831025,0.06548423003604605,596,23.68,0.00039345094482197375,16-64 px
TCD,TD1402,2026-06-01,2,0.36840364,0.38337708,0.24986267,0.58174133,127,46.787262,0.09598989,0.3678545968186237,0.5817413330078125,0.2498626708984375,0.3833770751953125,46.98807311313003,0.09411861238369229,128,5.08,0.0014903305010131665,4-16 px
TCD,TD1403,2026-06-01,2,0.31355676,0.3490448,0.11253357,0.58174133,269,84.34677,0.09238842,0.3135298948495012,0.5817413330078125,0.1125335693359375,0.3490447998046875,84.58554833911495,0.09268050245397239,270,10.76,8.56787476014459e-05,4-16 px
TCD,TD15,2026-06-01,1,1.0732261,0.8506775,0.4863739,2.5100708,2247,2411.539,0.5338694,1.0719040362772552,2.51007080078125,0.4863739013671875,0.850677490234375,2408.5167318771514,0.5335578939954865,2247,89.88,0.0012318594588268995,>64 px
TCD,TD1501,2026-06-01,2,1.0009359,0.81825256,0.497818,2.5100708,881,881.82446,0.5443281,1.0019844949089713,2.51007080078125,0.4863739013671875,0.8182525634765625,884.9317764003662,0.5466855326433595,883,35.24,0.0010476144466107734,16-64 px
TCD,TD1502,2026-06-01,2,0.7055676,0.667572,0.4863739,0.96321106,378,266.70456,0.13266166,0.7061157128441317,1.064300537109375,0.4863739013671875,0.6504058837890625,267.0301620534513,0.13321724868910864,378,15.12,0.0007768395886258078,4-16 px
TCD,TD1503,2026-06-01,2,1.2783502,1.0986328,0.61416626,2.3937225,988,1263.01,0.52803504,1.2749070720840152,2.3937225341796875,0.614166259765625,1.0986328125,1256.5547907035457,0.5267531532646615,986,39.52,0.0026934152441050806,16-64 px
TCD,TD16,2026-06-01,1,1.2945461,1.2321472,0.6752014,2.2678375,579,749.54224,0.32623118,1.300623736341947,2.2678375244140625,0.675201416015625,1.2340545654296875,750.9721120060985,0.32891264831739625,577,23.16,0.004694801013225426,16-64 px
TCD,TD1601,2026-06-01,2,1.3200146,1.335144,0.6752014,2.2678375,413,545.166,0.36699814,1.3286641847480594,2.2678375244140625,0.675201416015625,1.33514404296875,546.5173883442586,0.3703526075992038,411,16.52,0.00655264324202129,16-64 px
TCD,TD1602,2026-06-01,2,1.2378238,1.1615753,1.039505,1.7604828,126,155.9658,0.19700822,1.2389687128039382,1.7604827880859375,1.0395050048828125,1.1615753173828125,155.50645047923695,0.19449009096059483,126,5.04,0.0009249400471523065,4-16 px
TCD,TD1603,2026-06-01,2,1.2102604,1.2083054,1.1615753,1.449585,40,48.410416,0.060689945,1.2070331113506965,1.4495849609375,1.094818115234375,1.18255615234375,48.948270678561556,0.05934538435822825,41,1.6,0.0026666068304832904,1-4 px
TCD,TD17,2026-06-01,1,0.049538143,0.0076293945,0.0,0.30136108,1730,85.70099,0.07778428,0.049678292560502824,0.301361083984375,0.0,0.00762939453125,86.22043814404124,0.07778886799632627,1736,69.2,0.0028291242266151122,>64 px
TCD,TD1701,2026-06-01,2,0.0739146,0.032424927,0.0,0.30136108,788,58.244705,0.08551163,0.07427863190322238,0.301361083984375,0.0,0.0324249267578125,58.78266853652225,0.0854761047198324,791,31.52,0.004925033798767586,16-64 px
TCD,TD1702,2026-06-01,2,0.08319159,0.038146973,0.0019073486,0.28419495,318,26.454926,0.08747381,0.08291108823205996,0.2841949462890625,0.0019073486328125,0.03814697265625,26.457076392638612,0.08731354639051939,319,12.72,0.0033717563030113197,4-16 px
TCD,TD1703,2026-06-01,2,0.001293904,0.0,0.0,0.02670288,370,0.4787445,0.003904783,0.0012289545631219484,0.026702880859375,0.0,0.0,0.4537329985732086,0.0036853135036098075,369,14.8,0.050196488207820404,4-16 px
TCD,TD1704,2026-06-01,2,0.0020575335,0.0,0.0,0.020980835,254,0.5226135,0.004005942,0.00205931586776026,0.0209808349609375,0.0,0.0,0.5269602043427718,0.004062397890236676,256,10.16,0.0008662642723726398,4-16 px
TCD,TD18,2026-06-01,1,0.14583881,0.17166138,0.11444092,0.17166138,13,1.8959045,0.027898246,0.14258777142647283,0.171661376953125,0.087738037109375,0.1163482666015625,2.0124060803539123,0.028817914364763237,14,0.52,0.022291998772666764,<1 px
TCD,TD1801,2026-06-01,2,0.14583881,0.17166138,0.11444092,0.17166138,13,1.8959045,0.027898246,0.14258777142647283,0.171661376953125,0.087738037109375,0.1163482666015625,2.0124060803539123,0.028817914364763237,14,0.52,0.022291998772666764,<1 px
TCD,TD19,2026-06-01,1,0.06178278,0.05722046,0.0019073486,0.21743774,1694,104.660034,0.044777494,0.06156286133109611,0.217437744140625,0.0019073486328125,0.057220458984375,104.0684557614302,0.04459374894792976,1690,67.76,0.0035595463477669687,>64 px
TCD,TD1901,2026-06-01,2,0.099419825,0.10108948,0.047683716,0.21743774,329,32.70912,0.03377603,0.099189476995405,0.217437744140625,0.0476837158203125,0.1010894775390625,33.2854371997815,0.03354703827083214,336,13.16,0.0023169222496117864,4-16 px
TCD,TD1902,2026-06-01,2,0.04206975,0.04005432,0.0019073486,0.11062622,1200,50.483704,0.031048514,0.041904100380629486,0.1163482666015625,0.0019073486328125,0.0400543212890625,50.09583923601038,0.030994075547065972,1195,48.0,0.003937499494779908,16-64 px
TCD,TD1903,2026-06-01,2,0.1301043,0.12588501,0.05722046,0.17166138,165,21.467209,0.03131545,0.12979774802406366,0.171661376953125,0.057220458984375,0.125885009765625,20.687179394798804,0.031320991827427876,159,6.6,0.002356201723819641,4-16 px
TCD,TD20,2026-06-01,1,1.6873219e-05,0.0,0.0,0.0019073486,2826,0.047683716,0.00017860124,1.6781523361564685e-05,0.0019073486328125,0.0,0.0,0.0476837158203125,0.00017811961181705022,2841,113.04,0.0054343891604391814,>64 px
TCD,TD2001,2026-06-01,2,1.928173e-05,0.0,0.0,0.0019073486,2473,0.047683716,0.00019080145,1.9228618607567748e-05,0.0019073486328125,0.0,0.0,0.0476837158203125,0.00019054117570347373,2480,98.92,0.002754493109915603,>64 px
TCD,TD2002,2026-06-01,2,0.0,0.0,0.0,0.0,353,0.0,0.0,0.0,0.0,0.0,0.0,0.0,0.0,362,14.12,,4-16 px
TCD,TD21,2026-06-01,1,0.6610419,0.6465912,0.26893616,1.2435913,1192,787.962,0.17138638,0.6603233978693945,1.24359130859375,0.2689361572265625,0.6465911865234375,783.6722427752601,0.17086477209345124,1187,47.68,0.001086923734494629,16-64 px
TCD,TD2101,2026-06-01,2,0.72558993,0.68855286,0.26893616,1.2435913,696,505.01062,0.16587621,0.7241092308404959,1.24359130859375,0.2689361572265625,0.6885528564453125,505.11244805315766,0.16551843107268938,698,27.84,0.0020406831714217784,16-64 px
TCD,TD2102,2026-06-01,2,0.57046646,0.56648254,0.3376007,1.0719299,496,282.95135,0.13390525,0.56937624229254,1.071929931640625,0.3376007080078125,0.5664825439453125,278.5597959238967,0.13299048353190643,489,19.84,0.0019110986953728777,16-64 px
TCD,TD22,2026-06-01,1,0.061339006,0.01335144,0.0,2.7446747,7313,448.57214,0.21303616,0.061298944578491436,2.7446746826171875,0.0,0.0133514404296875,448.70721280078635,0.2129428275877056,7320,292.52,0.0006531149446498223,>64 px
TCD,TD2201,2026-06-01,2,0.08499904,0.01335144,0.0,2.7446747,4314,366.68585,0.27180225,0.0848063741465833,2.7446746826171875,0.0,0.0133514404296875,366.9278599926919,0.27143484903109577,4327,172.56,0.0022666826992009917,>64 px
TCD,TD2202,2026-06-01,2,0.027304532,0.011444092,0.0,0.32806396,2999,81.88629,0.049351346,0.027320541178399247,0.32806396484375,0.0,0.011444091796875,81.77935238663503,0.049386688862817406,2993,119.96,0.0005863194578558468,>64 px
TCD,TD23,2026-06-01,1,0.0006578,0.0,0.0,0.01335144,4216,2.773285,0.0013873489,0.0006555508191480758,0.0324249267578125,0.0,0.0,2.7788553577316746,0.0014085507728774766,4239,168.64,0.003419247266531186,>64 px
TCD,TD2301,2026-06-01,2,0.00049881183,0.0,0.0,0.005722046,3537,1.7642975,0.0011289235,0.0004936390875888714,0.0057220458984375,0.0,0.0,1.756933945884498,0.0011226863251894087,3559,141.48,0.010370127771686109,>64 px
TCD,TD2303,2026-06-01,2,0.0014859904,0.0,0.0,0.01335144,679,1.0089874,0.0021200238,0.0015032328099857607,0.0324249267578125,0.0,0.0,1.021921410426091,0.0022173247853463354,680,27.16,0.011603311828771312,16-64 px
