iso3,pcode,valid_date,adm_level,mean_old,median_old,min_old,max_old,count_old,sum_old,std_old,mean_new,max_new,min_new,median_new,sum_new,std_new,count_new,native_px,mean_rel,size_bucket
ETH,ET,2026-08-20,0,3.4122803,0.275,0.0,52.405,36785,125520.734,6.311085,3.4306774315786144,52.404998779296875,0.0,0.2800000011920929,127158.88652621253,6.333826783094418,37065,9196.25,0.0053914479354508025,>64 px
ETH,ET01,2026-08-20,1,3.3805673,1.3999999,0.0,25.74,1745,5899.09,5.1824446,3.348642582588941,25.739999771118164,0.0,1.3999998569488525,5892.439916895881,5.121298839633518,1760,436.25,0.009443597650329004,>64 px
ETH,ET0101,2026-08-20,2,1.9030906,0.885,0.074999996,14.505,419,797.39496,2.6319456,1.9882215870485316,19.2549991607666,0.03500000014901161,0.9249999523162842,830.3363037356071,2.802687803969373,418,104.75,0.04473301851658113,>64 px
ETH,ET0102,2026-08-20,2,3.2143707,1.7549999,0.44,19.899998,310,996.45496,3.8377762,3.304468160000178,24.900001525878906,0.4399999976158142,1.7549998760223389,1056.3889923158874,4.0296583304244304,320,77.5,0.028029579786854716,>64 px
ETH,ET0103,2026-08-20,2,1.792629,1.6499999,0.46,5.775,213,381.83,1.0477208,1.8100594654493272,5.775000095367432,0.4399999976158142,1.6349998712539673,385.47141027663656,1.0755908993542604,213,53.25,0.009723409277283329,16-64 px
ETH,ET0104,2026-08-20,2,9.306875,7.234999,0.255,25.74,168,1563.555,7.540009,8.748071434147052,25.739999771118164,0.2549999952316284,7.025000095367432,1474.901352197285,7.428054376020028,169,42.0,0.06004201902926039,16-64 px
ETH,ET0105,2026-08-20,2,1.0806818,0.145,0.0,21.345001,440,475.5,3.2348483,1.1306384579589228,21.345001220703125,0.0,0.14999999105930328,503.3739883354901,3.322493586512353,445,110.0,0.04622698185434675,>64 px
ETH,ET0106,2026-08-20,2,8.509489,5.4,0.49499995,25.64,176,1497.67,7.229475,8.352639216049704,25.639999389648438,0.4949999451637268,5.400000095367432,1487.4741473849567,7.221694400554282,178,44.0,0.01843233876326722,16-64 px
ETH,ET0107,2026-08-20,2,9.825526,7.0199995,4.0750003,23.69,19,186.685,6.0849476,8.836702042206765,23.690000534057617,1.8599998950958252,7.0199995040893555,154.49371828986256,5.6587686405463,17,4.75,0.1006382719656164,4-16 px
ETH,ET02,2026-08-20,1,0.6834454,0.13499999,0.0,9.61,3123,2134.4,1.2940897,0.6978630328694649,9.609999656677246,0.0,0.13499999046325684,2199.547208967432,1.3400853303773164,3152,780.75,0.021095515266420638,>64 px
ETH,ET0201,2026-08-20,2,0.083099715,0.0,0.0,2.36,1063,88.335,0.2572631,0.08334399503585785,2.7300000190734863,0.0,0.0,90.01329128637443,0.2507847623628663,1080,265.75,0.0029396013675599725,>64 px
ETH,ET0202,2026-08-20,2,0.47083163,0.28,0.0,5.775,992,467.06497,0.57831204,0.44471394696927063,5.775000095367432,0.0,0.2750000059604645,443.5555928379865,0.5362468811441942,997,248.0,0.05547138587679287,>64 px
ETH,ET0203,2026-08-20,2,2.5185397,2.0600002,0.0,9.61,517,1302.085,2.115104,2.656749238052594,9.609999656677246,0.0,2.194999933242798,1384.7133062233472,2.189205930568221,521,129.25,0.05487685504921534,>64 px
ETH,ET0204,2026-08-20,2,0.21533875,0.17,0.0,1.3699999,369,79.46,0.21886706,0.20496565201668412,1.369999885559082,0.0,0.16499999165534973,75.918951367474,0.20724886640452042,370,92.25,0.04817106992269562,>64 px
ETH,ET0205,2026-08-20,2,1.0849175,0.60999995,0.0,4.805,182,197.455,1.0947293,1.1232675192168935,4.804999828338623,0.0,0.8650000095367432,205.34606731236417,1.037372028936369,183,45.5,0.03534832760730057,16-64 px
ETH,ET03,2026-08-20,1,5.445947,3.3199997,0.0,33.715,5014,27305.979,5.985393,5.393906590958582,33.71500015258789,0.0,3.3000001907348633,27292.509673421784,5.943540111634887,5060,1253.5,0.009555805269757193,>64 px
ETH,ET0301,2026-08-20,2,8.426688,7.2799997,2.115,23.095003,228,1921.2849,4.8313007,8.279246420640268,23.095003128051758,1.3049999475479126,7.154999732971191,1893.2798658788117,4.814322938224541,229,57.0,0.017496978570908563,16-64 px
ETH,ET0302,2026-08-20,2,11.587688,11.38,0.26999998,33.715,465,5388.275,6.624872,11.418936634576571,33.71500015258789,0.04999999701976776,11.269998550415039,5342.7677881713835,6.704800107308221,468,116.25,0.01456298835655816,>64 px
ETH,ET0303,2026-08-20,2,2.7580926,1.6300002,0.0,15.335,367,1012.22,3.1745245,2.6290360651851987,15.335000038146973,0.0,1.4799998998641968,971.3572922505476,3.140273668120714,369,91.75,0.04679195137059618,>64 px
ETH,ET0304,2026-08-20,2,0.9546141,0.35500002,0.0,15.945,609,581.36,2.0125957,0.9094952876616417,15.944999694824219,0.0,0.34999996423721313,557.8144368811968,1.9305147908392877,613,152.25,0.04726392825997264,>64 px
ETH,ET0305,2026-08-20,2,3.4157305,1.9950001,0.03,14.955,527,1800.09,3.4980123,3.497995848694472,14.954999923706055,0.029999999329447746,2.129999876022339,1874.6039904102577,3.4482001619369376,536,131.75,0.024084262120349365,>64 px
ETH,ET0306,2026-08-20,2,3.8312933,2.065,0.0,15.290001,460,1762.3949,3.9158213,3.713316231206449,15.944999694824219,0.0,1.9799998998641968,1727.4119412594712,3.9215809366438195,465,115.0,0.03079301414839503,>64 px
ETH,ET0307,2026-08-20,2,9.629149,8.37,0.51,33.715,447,4304.23,5.7822413,9.368278539855757,33.71500015258789,0.35999998450279236,8.224998474121094,4205.563742260682,5.662956938533009,449,111.75,0.027091746128784934,>64 px
ETH,ET0308,2026-08-20,2,6.858716,4.965,1.34,23.369997,296,2030.1799,5.585507,7.106496274654717,25.739999771118164,1.340000033378601,4.9900007247924805,2110.0940554927097,5.795973021387734,297,74.0,0.036126335403698945,>64 px
ETH,ET0309,2026-08-20,2,13.383629,13.06,0.39499998,31.120003,299,4001.7048,8.204904,13.314266387795506,31.12000274658203,0.39499998092651367,13.0600004196167,3998.711423676352,8.122857153276783,300,74.75,0.005182646067407802,>64 px
ETH,ET0310,2026-08-20,2,0.7990244,0.35999998,0.0,2.545,123,98.28,0.8073498,0.769847771447549,2.5450000762939453,0.0,0.3449999988079071,97.09264718863753,0.8119348724355482,126,30.75,0.03651531611857029,16-64 px
ETH,ET0311,2026-08-20,2,6.157461,5.445,0.145,20.620003,646,3977.72,3.8158367,6.235454732415267,20.62000274658203,0.14499998092651367,5.529999732971191,4048.193783966074,3.795626941123074,649,161.5,0.012666541032946422,>64 px
ETH,ET0312,2026-08-20,2,0.7828885,0.35999998,0.0,5.0399995,547,428.24,0.88791317,0.8345888577725199,5.039999485015869,0.0,0.41499996185302734,465.61870646614557,0.9350548704822179,558,136.75,0.06603795786056368,>64 px
ETH,ET04,2026-08-20,1,4.9626813,0.49,0.0,49.894997,10513,52172.668,7.531206,5.005380614911667,49.894996643066406,0.0,0.5349999666213989,53006.298498098855,7.589515173612653,10590,2628.25,0.008604081610412345,>64 px
ETH,ET0401,2026-08-20,2,18.327581,17.169996,1.27,38.020004,397,7276.05,8.415833,18.246879195743166,38.02000427246094,0.39499998092651367,17.16999626159668,7431.030504923034,8.550080831426897,407,99.25,0.004403298190679558,>64 px
ETH,ET0402,2026-08-20,2,10.148166,8.44,0.635,26.300003,447,4536.23,7.3057694,10.055952701565293,26.300003051757812,0.4100000262260437,8.244999885559082,4521.267877920174,7.25479810658315,450,111.75,0.009086695904925803,>64 px
ETH,ET0403,2026-08-20,2,13.433806,12.465,4.5550003,40.569992,331,4446.59,6.0184174,13.34979324547097,41.07500076293945,4.555000305175781,12.46500015258789,4436.545934047033,5.900063054703215,332,82.75,0.006253831157680168,>64 px
ETH,ET0404,2026-08-20,2,7.911509,6.95,0.044999998,23.034998,593,4691.525,6.119635,7.997399986224235,23.034997940063477,0.044999998062849045,7.024999618530273,4775.188488236333,6.070615858846643,597,148.25,0.010856460660568753,>64 px
ETH,ET0405,2026-08-20,2,10.496095,8.67,0.015,30.704998,466,4891.18,7.229472,10.453944001795085,39.750003814697266,0.014999999664723873,8.545000076293945,4888.282731795507,7.135146404589084,468,116.5,0.004015874304197468,>64 px
ETH,ET0406,2026-08-20,2,6.579026,3.975,0.0,36.14,303,1993.445,6.552562,6.890549876963366,36.13999938964844,0.0,4.224999904632568,2067.573986666122,6.6069931860407705,300,75.75,0.04735106335852239,>64 px
ETH,ET0407,2026-08-20,2,11.16534,9.425,0.275,31.02,323,3606.405,6.565802,11.112977576576567,31.020000457763672,0.2750000059604645,9.524999618530273,3574.794141872311,6.383654842127054,322,80.75,0.004689729414727511,>64 px
ETH,ET0408,2026-08-20,2,3.082667,2.8799999,0.0,24.735,673,2074.635,3.0332825,3.03483869979508,24.735000610351562,0.0,2.6549999713897705,2051.9169158274885,2.9213765679087627,676,168.25,0.015515234115433168,>64 px
ETH,ET0409,2026-08-20,2,2.5706766,1.04,0.0,11.29,569,1462.715,3.2185342,2.6421226195950966,11.289999961853027,0.0,1.2699999809265137,1521.156461766558,3.286888052277858,576,142.25,0.027792690685050213,>64 px
ETH,ET0410,2026-08-20,2,2.0602949,0.16,0.0,18.910002,814,1677.08,3.654063,1.9858817979333774,18.910001754760742,0.0,0.20500001311302185,1627.8838805411888,3.482029278694902,820,203.5,0.03611769464003564,>64 px
ETH,ET0411,2026-08-20,2,0.037588727,0.0,0.0,5.2300005,958,36.01,0.18106255,0.03612134195545131,5.2300004959106445,0.0,0.0,34.740668955625964,0.1765293335583628,962,239.5,0.03903790209625063,>64 px
ETH,ET0412,2026-08-20,2,0.0038760507,0.0,0.0,0.41000003,1428,5.5350003,0.035323843,0.0040984989484706994,0.4100000262260437,0.0,0.0,5.907707443322702,0.03570435457278283,1441,357.0,0.057390438280567224,>64 px
ETH,ET0413,2026-08-20,2,14.907394,15.09,2.46,32.050003,190,2832.405,7.1747274,15.537265261287635,32.05000305175781,2.4600000381469727,15.414999008178711,2941.6599122375505,7.108628136191758,189,47.5,0.04225227167723847,16-64 px
ETH,ET0414,2026-08-20,2,0.018039215,0.0,0.0,0.305,561,10.12,0.053876355,0.02057037692960164,0.36500000953674316,0.0,0.0,11.582619111455534,0.05922839054712125,563,140.25,0.14031441665292194,>64 px
ETH,ET0415,2026-08-20,2,0.29742038,0.0,0.0,3.9049997,314,93.39,0.7604334,0.29173622661912146,5.610000133514404,0.0,0.0,91.55687290664602,0.7563890266749196,314,78.5,0.019111512737891467,>64 px
ETH,ET0416,2026-08-20,2,6.0053515,5.285,0.39499998,15.795,199,1195.065,3.7174313,5.636212626697747,15.795000076293945,0.39499998092651367,4.570000648498535,1126.2486144371246,3.6288710451825943,200,49.75,0.06146832093046563,16-64 px
ETH,ET0417,2026-08-20,2,2.0339851,1.3549998,0.0,13.825001,404,821.73,2.5737221,2.116925874192947,13.825000762939453,0.0,1.3549997806549072,871.7332546723084,2.7102401556595295,412,101.0,0.04077747383348426,>64 px
ETH,ET0418,2026-08-20,2,17.389904,16.654999,5.8499994,38.574993,316,5495.21,7.1104803,18.019589590494704,38.57499313354492,5.84999942779541,17.259998321533203,5725.485871872523,7.546230375880312,318,79.0,0.03620983706952622,>64 px
ETH,ET0419,2026-08-20,2,4.686019,3.8500004,0.305,17.84,265,1241.7949,3.6916137,4.932302585869008,17.84000015258789,0.0949999988079071,3.8500003814697266,1327.5192894409768,4.078765653405744,269,66.25,0.052557103560401365,>64 px
ETH,ET0420,2026-08-20,2,27.234207,25.120003,13.785,49.894997,139,3785.555,8.322262,27.15444336316203,49.894996643066406,11.919999122619629,25.12000274658203,3974.2227349441496,8.161957099662196,146,34.75,0.0029288033552058485,16-64 px
ETH,ET0421,2026-08-20,2,0.0,0.0,0.0,0.0,823,0.0,0.0,0.0,0.0,0.0,0.0,0.0,0.0,828,205.75,,>64 px
ETH,ET05,2026-08-20,1,0.28096858,0.0,0.0,18.910002,10123,2844.2449,1.1611458,0.29190922577696415,18.910001754760742,0.0,0.0,2973.5866318713815,1.2123483135613105,10187,2530.75,0.038939036446581074,>64 px
ETH,ET0501,2026-08-20,2,2.4877872,1.635,0.0,18.910002,1001,2490.275,2.5342581,2.6005312073596487,18.910001754760742,0.0,1.6749999523162842,2615.0119774629475,2.6622261070090256,1006,250.25,0.04531899165637986,>64 px
ETH,ET0502,2026-08-20,2,0.51661736,0.0,0.0,18.910002,541,279.49,1.7252375,0.5184444732388794,18.910001754760742,0.0,0.0,284.09564194036017,1.7597486362244426,548,135.25,0.0035366857181868753,>64 px
ETH,ET0503,2026-08-20,2,0.029057344,0.0,0.0,2.85,1273,36.989998,0.13977276,0.027506097725452462,2.8499999046325684,0.0,0.0,35.30567126318481,0.12985484193940797,1284,318.25,0.05338568709333987,>64 px
ETH,ET0504,2026-08-20,2,7.8125e-05,0.0,0.0,0.024999999,320,0.024999999,0.0013953571,0.00017286446437536873,0.03999999910593033,0.0,0.0,0.05550777138994686,0.0021141827863274997,321,80.0,1.2126651440047196,>64 px
ETH,ET0505,2026-08-20,2,0.00013786765,0.0,0.0,0.15,1088,0.15,0.004545453,5.239543978422967e-05,0.15000000596046448,0.0,0.0,0.0572923425193346,0.0028029575447775564,1093,272.0,0.6199584182059411,>64 px
ETH,ET0506,2026-08-20,2,0.003852459,0.0,0.0,0.24,1098,4.23,0.029335445,0.003900434254780532,0.23999999463558197,0.0,0.0,4.322707444547505,0.029404715772580144,1108,274.5,0.012453151293896233,>64 px
ETH,ET0507,2026-08-20,2,0.0,0.0,0.0,0.0,1502,0.0,0.0,0.0,0.0,0.0,0.0,0.0,0.0,1498,375.5,,>64 px
ETH,ET0508,2026-08-20,2,0.0,0.0,0.0,0.0,1361,0.0,0.0,0.0,0.0,0.0,0.0,0.0,0.0,1374,340.25,,>64 px
ETH,ET0509,2026-08-20,2,0.0020507812,0.0,0.0,0.23499998,1024,2.1,0.014427328,0.0020304917089422098,0.23499998450279236,0.0,0.0,2.0950518811268597,0.013463331974044413,1032,256.0,0.00989354254748877,>64 px
ETH,ET0510,2026-08-20,2,0.059017338,0.0,0.0,2.85,519,30.63,0.27673605,0.06170973257450766,2.8499999046325684,0.0,0.0,32.314324455105115,0.28619171646523706,524,129.75,0.04562040013576447,>64 px
ETH,ET0511,2026-08-20,2,0.0008964646,0.0,0.0,0.23499998,396,0.355,0.013229401,0.0008225325103986947,0.23499998450279236,0.0,0.0,0.32845951459094863,0.012237450952912735,399,99.0,0.08247072957627696,>64 px
ETH,ET06,2026-08-20,1,7.6574454,4.52,0.0,40.354992,1650,12634.785,8.435551,7.793121994628146,40.3549919128418,0.0,4.700000286102295,12934.415218687995,8.449814626498988,1660,412.5,0.017718258184138795,>64 px
ETH,ET0602,2026-08-20,2,6.514492,2.915,0.0,40.354992,837,5452.63,8.744078,6.722707712019704,40.3549919128418,0.0,3.0349998474121094,5667.868996973861,8.848876240690988,843,209.25,0.03196192612097836,>64 px
ETH,ET0603,2026-08-20,2,4.115855,4.105,0.07,16.715,380,1564.025,3.372955,4.276073923749891,17.16999626159668,0.02499999850988388,4.115000247955322,1619.8944434110622,3.470637238529021,379,95.0,0.03892725174961004,>64 px
ETH,ET0604,2026-08-20,2,11.882621,11.115,0.024999999,32.335,330,3921.265,8.631412,11.725196751077654,32.334999084472656,0.02499999850988388,10.795000076293945,3905.1887926641143,8.515916666092547,333,82.5,0.013248276531107616,>64 px
ETH,ET0605,2026-08-20,2,16.474417,15.945002,5.0899997,29.725002,103,1696.865,6.7900877,16.626269353956,29.72500228881836,5.089999675750732,15.945001602172852,1741.462988958513,6.766717969899888,105,25.75,0.009217464506088572,16-64 px
ETH,ET07,2026-08-20,1,1.7500708,0.45,0.0,32.050003,2045,3578.895,3.527839,1.8182830630399418,32.05000305175781,0.0,0.4649999737739563,3768.4399895561723,3.7079386638913805,2073,511.25,0.038976859130465905,>64 px
ETH,ET0701,2026-08-20,2,9.864148,8.779999,0.71,32.050003,182,1795.275,7.016973,10.281857305913778,32.05000305175781,0.7099999785423279,8.78499984741211,1926.9635865773098,7.29357915620526,187,45.5,0.04234621235546934,16-64 px
ETH,ET0702,2026-08-20,2,0.78300846,0.62,0.01,2.66,118,92.395,0.5923517,0.8288046109134629,6.239998817443848,0.009999999776482582,0.6200000047683716,99.15356103949547,0.7215846291264821,120,29.5,0.05848742798189294,16-64 px
ETH,ET0703,2026-08-20,2,0.72944444,0.7199999,0.125,2.6,45,32.824997,0.5345738,0.7172817381599672,2.5999999046325684,0.009999999776482582,0.7199999094009399,31.86509989181544,0.5268136597994276,44,11.25,0.01667392493941384,4-16 px
ETH,ET0705,2026-08-20,2,0.1895238,0.0,0.0,1.16,42,7.9599996,0.30408293,0.1943591770035182,1.159999966621399,0.0,0.0,8.646839809491109,0.32153534230987574,44,10.5,0.025513297029281894,4-16 px
ETH,ET0706,2026-08-20,2,0.8710204,0.69,0.059999995,3.78,147,128.04,0.74811685,0.8151544600023877,3.7799999713897705,0.009999999776482582,0.6500000357627869,120.31899359030933,0.6982627400485969,148,36.75,0.064138497786748,16-64 px
ETH,ET0707,2026-08-20,2,0.4509212,0.16,0.0,4.48,749,337.74,0.8275858,0.45420227994790885,4.480000019073486,0.0,0.1599999964237213,344.17618264923794,0.8316733006567657,758,187.25,0.007276393187787194,>64 px
ETH,ET0710,2026-08-20,2,2.3727891,2.3149998,0.049999997,6.6000004,242,574.21497,1.4173133,2.3614507271999154,6.600000381469727,0.04999999701976776,2.2699997425079346,572.2437410523685,1.400545882864916,242,60.5,0.0047785000361323425,16-64 px
ETH,ET0712,2026-08-20,2,0.0104,0.0,0.0,0.049999997,25,0.26,0.016365817,0.01875346316442603,0.2849999964237213,0.0,0.0,0.48233208522751553,0.04760964180683418,26,6.25,0.8032176119640414,4-16 px
ETH,ET0713,2026-08-20,2,0.010733333,0.0,0.0,0.105000004,75,0.805,0.02616223,0.011116500002784946,0.10500000417232513,0.0,0.0,0.8481150049641266,0.02612015966022482,76,18.75,0.03569879018800089,16-64 px
ETH,ET0714,2026-08-20,2,0.5568965,0.52,0.14999999,1.6700001,29,16.15,0.29719207,0.5782662959154574,2.7849998474121094,0.14999999105930328,0.5199999809265137,18.522146620160534,0.32754436771456774,32,7.25,0.0383730117094602,4-16 px
ETH,ET0715,2026-08-20,2,2.1318917,2.0049999,0.049999997,5.495,148,315.52,1.3955914,2.249111661682505,5.494999885559082,0.0,2.075000047683716,334.42599284303566,1.4001704625563005,149,37.0,0.05498401334481704,16-64 px
ETH,ET0716,2026-08-20,2,2.3561537,2.51,1.01,3.98,13,30.63,0.9812926,2.1961938011162188,4.480000019073486,1.0099999904632568,1.875,29.481634893744555,0.9929917720414159,13,3.25,0.06789026491938169,1-4 px
ETH,ET0720,2026-08-20,2,1.8676163,0.92499995,0.114999995,11.379999,86,160.61499,2.0151396,2.2107788650908384,31.020000457763672,0.11499999463558197,1.5049998760223389,191.8908119153939,2.686822078663721,87,21.5,0.1837436121599702,16-64 px
ETH,ET0721,2026-08-20,2,0.2185,0.06,0.0,1.21,50,10.925,0.31133783,0.19257155809179619,1.630000114440918,0.0,0.05999999865889549,10.220742260589523,0.28368374845548594,53,12.5,0.11866563802381608,4-16 px
ETH,ET0722,2026-08-20,2,0.00066666666,0.0,0.0,0.03,45,0.03,0.0044221664,0.00036960784430320037,0.11999999731779099,0.0,0.0,0.016613130347105813,0.004284477272252469,45,11.25,0.4455882280010817,4-16 px
ETH,ET0723,2026-08-20,2,0.06772727,0.024999999,0.0,0.33499998,22,1.4899999,0.11540174,0.09337474663850924,0.3349999785423279,0.0,0.029999999329447746,2.1322609624989584,0.12619576712813335,23,5.5,0.3786875897774889,4-16 px
ETH,ET0724,2026-08-20,2,2.8451922,2.25,0.16499999,8.985001,26,73.975,3.1399827,3.0748513273805265,12.569999694824219,0.16499999165534973,2.25,77.051340284978,3.2873588162308396,25,6.5,0.08071831751138865,4-16 px
ETH,ET11,2026-08-20,1,5.8506403,1.5949999,0.0,52.405,1265,7401.06,10.594296,5.886520035874248,52.404998779296875,0.0,1.5999999046325684,7518.300899995239,10.52413560735483,1277,316.25,0.006132616950361518,>64 px
ETH,ET1101,2026-08-20,2,22.697847,19.145002,6.4849997,42.155,79,1793.13,11.841203,23.00452838771288,42.154998779296875,3.0450000762939453,19.145002365112305,1764.9859935909199,11.719972637920552,77,19.75,0.013511474798155154,16-64 px
ETH,ET1102,2026-08-20,2,4.9277115,2.1249998,0.0,27.955002,343,1690.205,6.3904033,5.083265011203351,31.84499740600586,0.0,2.124999761581421,1753.2676813809976,6.506958363659858,345,85.75,0.031567089754209646,>64 px
ETH,ET1103,2026-08-20,2,21.10559,15.795,0.7149999,52.405,144,3039.205,17.702888,20.61694882522901,52.404998779296875,0.5249999761581421,15.795000076293945,3116.304816790369,17.238050957211435,151,36.0,0.02315221582391158,16-64 px
ETH,ET1104,2026-08-20,2,1.8730496,1.6999998,0.0,5.105,141,264.1,1.2087165,1.8170580367805784,5.105000019073486,0.0,1.6899998188018799,259.9307447055098,1.1801356621198644,143,35.25,0.029893262420504864,16-64 px
ETH,ET1105,2026-08-20,2,1.1942842,1.015,0.0,4.8099995,482,575.64496,0.95922303,1.2128816288008066,7.094999313354492,0.0,1.0149999856948853,587.4594964367307,0.967505240622044,484,120.5,0.015572029505880271,>64 px
ETH,ET1106,2026-08-20,2,0.51019734,0.089999996,0.0,2.9599998,76,38.774998,0.7793323,0.47198302011090043,2.9599997997283936,0.0,0.08999999612569809,36.35216855686711,0.7311814366872643,77,19.0,0.074901056695238,16-64 px
ETH,ET12,2026-08-20,1,10.414331,8.084999,0.7900001,49.314995,1025,10674.689,8.020437,10.429196521289182,49.31500244140625,0.32999998331069946,8.104999542236328,10683.294508278494,8.10994948493611,1024,256.25,0.0014274101033643985,>64 px
ETH,ET1201,2026-08-20,2,4.670449,4.6099997,1.71,12.815,156,728.59,1.7431656,4.553433372178541,12.8149995803833,1.6649999618530273,4.609999656677246,705.823957520793,1.694943073774795,155,39.0,0.025054470741776275,16-64 px
ETH,ET1202,2026-08-20,2,11.548091,8.9800005,0.7900001,49.314995,723,8349.27,8.802148,11.607307353133592,49.31500244140625,0.32999998331069946,9.140000343322754,8368.27375682867,8.87376887956687,721,180.75,0.00512780451189662,>64 px
ETH,ET1203,2026-08-20,2,13.193666,12.774998,6.4849997,22.355,75,989.52496,5.2061377,13.107962948556501,44.09000015258789,5.0199995040893555,12.135002136230469,998.9030972437279,5.747718956567368,76,18.75,0.006495772398929825,16-64 px
ETH,ET1204,2026-08-20,2,8.553591,8.28,4.6999993,17.414999,71,607.305,2.6827781,8.45278048099718,17.41499900817871,4.6999993324279785,8.279999732971191,610.2936973305495,2.5227652181178457,72,17.75,0.011785753960274736,16-64 px
ETH,ET13,2026-08-20,1,2.5476923,2.78,2.08,2.8749998,13,33.12,0.35621196,2.5907595974548814,5.830000400543213,0.8949999809265137,2.7799999713897705,31.619535028558513,0.7098943730211744,12,3.25,0.016904434438523585,1-4 px
ETH,ET1301,2026-08-20,2,2.5476923,2.78,2.08,2.8749998,13,33.12,0.35621196,2.5907595974548814,5.830000400543213,0.8949999809265137,2.7799999713897705,31.619535028558513,0.7098943730211744,12,3.25,0.016904434438523585,1-4 px
ETH,ET14,2026-08-20,1,25.473333,26.005,20.465,29.679996,18,458.52,2.9897008,25.709471844733763,29.679996490478516,20.46500015258789,26.79499626159668,456.2850158557056,2.6437174432303596,18,4.5,0.009270041134144575,4-16 px
ETH,ET1401,2026-08-20,2,25.473333,26.005,20.465,29.679996,18,458.52,2.9897008,25.709471844733763,29.679996490478516,20.46500015258789,26.79499626159668,456.2850158557056,2.6437174432303596,18,4.5,0.009270041134144575,4-16 px
ETH,ET15,2026-08-20,1,6.514559,6.045,2.3749998,8.615,34,221.495,1.6437563,6.70050954150673,10.729999542236328,2.374999761581421,6.915000915527344,232.5276989227735,1.7628327967642068,35,8.5,0.0285438418021435,4-16 px
ETH,ET1501,2026-08-20,2,5.7899995,5.7899995,5.7899995,5.7899995,2,11.579999,0.0,6.0717603834564216,7.71999979019165,5.624999046325684,5.789999485015869,15.533347982804083,0.722911703613982,3,0.5,0.04866336922074365,<1 px
ETH,ET1502,2026-08-20,2,6.5598435,6.08,2.3749998,8.615,32,209.915,1.6840259,6.7505496865732795,10.729999542236328,2.374999761581421,7.71999979019165,216.99435088736837,1.8108956195816688,32,8.0,0.0290717585828502,4-16 px
ETH,ET16,2026-08-20,1,0.74555296,0.40499997,0.0,3.165,217,161.78499,0.7474706,0.7750243619224676,3.549999713897705,0.0,0.5099999904632568,169.6217378237163,0.7594395835404614,219,54.25,0.039529588779940665,16-64 px
ETH,ET1600,2026-08-20,2,0.74555296,0.40499997,0.0,3.165,217,161.78499,0.7474706,0.7750243619224676,3.549999713897705,0.0,0.5099999904632568,169.6217378237163,0.7594395835404614,219,54.25,0.039529588779940665,16-64 px
HTI,HT,2026-08-20,0,13.914106,7.4700003,0.0,98.69,884,12300.069,17.538107,14.61611315148454,98.69000244140625,0.0,7.645000457763672,13510.690175990152,18.028189909551774,924,221.0,0.0504529109872054,>64 px
HTI,HT01,2026-08-20,1,16.755152,10.709999,0.55999994,98.69,165,2764.5999,17.943403,17.65180554331525,98.69000244140625,0.16499999165534973,10.984999656677246,3006.6332563866044,18.874860792985213,170,41.25,0.05351509454018975,16-64 px
HTI,HT0111,2026-08-20,2,13.920001,13.920001,13.920001,13.920001,1,13.920001,0.0,13.880748186704768,15.989997863769531,6.840000152587891,13.920001029968262,16.254151620122613,0.7308734745206081,1,0.25,0.0028198858100104626,<1 px
HTI,HT0112,2026-08-20,2,6.84,6.84,6.84,6.84,1,6.84,0.0,9.990794509238148,13.920001029968262,6.840000152587891,6.840000152587891,8.90545160612092,3.518539715795437,1,0.25,0.46064247211084036,<1 px
HTI,HT0113,2026-08-20,2,16.514,16.44,13.920001,19.779999,5,82.57,1.8804845,16.665605022181133,19.779998779296875,12.875,16.440000534057617,93.75820361476757,1.9182751439590737,6,1.25,0.009180393737503534,1-4 px
HTI,HT0114,2026-08-20,2,10.238999,10.709999,6.84,15.989998,5,51.194996,3.3442874,10.392209259341627,15.989997863769531,4.434999465942383,10.709999084472656,55.88179321825544,3.5156447859917233,5,1.25,0.014963402119838758,1-4 px
HTI,HT0115,2026-08-20,2,12.502142,10.709999,10.620001,15.989998,7,87.51499,2.3292477,12.329372020317152,15.989997863769531,6.945000171661377,10.709999084472656,85.96750598418097,2.1909142154219916,7,1.75,0.013819230311321649,1-4 px
HTI,HT0116,2026-08-20,2,17.199999,17.865,13.289999,19.779999,4,68.799995,2.592788,17.559404568724695,19.779998779296875,13.289999008178711,19.28999900817871,53.80255715476653,2.5919300892395523,3,1.0,0.020895673815137808,<1 px
HTI,HT0117,2026-08-20,2,13.920001,13.920001,13.920001,13.920001,1,13.920001,0.0,14.201471569314293,15.71500015258789,6.840000152587891,13.920001029968262,10.387638659962422,1.8542122020616134,1,0.25,0.020220585423398607,<1 px
HTI,HT0118,2026-08-20,2,6.84,6.84,6.84,6.84,1,6.84,0.0,7.246649514364164,15.71500015258789,6.840000152587891,6.840000152587891,7.051770487616091,1.6561737371062675,1,0.25,0.05945168338657374,<1 px
HTI,HT0121,2026-08-20,2,15.685416,16.592499,13.289999,19.289999,12,188.22499,2.0654132,16.20790175676949,24.774999618530273,13.289999008178711,16.744998931884766,211.08299255767926,2.4438655932038835,13,3.0,0.03331029006623039,1-4 px
HTI,HT0122,2026-08-20,2,27.502916,25.57,24.619999,33.49,12,330.035,3.497356,27.90308265105366,33.4900016784668,19.51500129699707,25.56999969482422,361.6571298432885,3.962800018068958,13,3.0,0.01454997175767324,1-4 px
HTI,HT0123,2026-08-20,2,23.402143,23.08,17.66,36.175,7,163.815,5.7259483,24.34923508682236,36.17499923706055,16.744998931884766,23.079999923706055,204.71872666153777,4.347025072753369,8,1.75,0.040470314484547944,1-4 px
HTI,HT0131,2026-08-20,2,11.235455,7.0950003,4.4349995,29.259996,22,247.18,8.307291,12.319456967765296,85.01499938964844,4.434999465942383,7.095000267028809,271.34929836530785,11.612433922254692,22,5.5,0.09648046899438395,4-16 px
HTI,HT0132,2026-08-20,2,5.057222,5.754999,3.2299998,8.37,9,45.514996,1.609881,8.37788255662558,27.9950008392334,1.744999885559082,5.754999160766602,83.82684712845708,7.716002421485806,10,2.25,0.6566175178043558,1-4 px
HTI,HT0133,2026-08-20,2,4.0733333,4.4349995,1.2549999,6.8599997,15,61.1,2.0897532,4.294688834075861,7.095000267028809,1.2549998760223389,4.434999465942383,72.32327812142461,2.157252806773344,17,3.75,0.054342602918317745,1-4 px
HTI,HT0134,2026-08-20,2,1.6966666,1.7449999,1.265,3.2299998,9,15.2699995,0.5874426,2.3161437308101998,12.00999927520752,1.2649999856948853,1.744999885559082,17.798242461502426,1.5874598351993865,8,2.25,0.3651142368277892,1-4 px
HTI,HT0135,2026-08-20,2,8.5525,9.732499,2.1299999,10.985,10,85.524994,2.4798248,8.187222892372773,10.984999656677246,2.129999876022339,9.630000114440918,80.41459833467947,2.6834443342272687,10,2.5,0.042709980429959306,1-4 px
HTI,HT0141,2026-08-20,2,63.39633,69.36,36.554996,98.69,15,950.94495,18.1313,62.78539156659277,98.69000244140625,18.954998016357422,69.36000061035156,882.98456120159,17.546292736975737,14,3.75,0.0096368107334798,1-4 px
HTI,HT0142,2026-08-20,2,29.434164,29.259996,15.715,36.554996,6,176.60498,6.9488482,47.526659979509425,85.01499938964844,15.71500015258789,36.554996490478516,332.73053624265367,23.598578160003623,7,1.5,0.6146767402501877,1-4 px
HTI,HT0151,2026-08-20,2,9.388846,7.785,3.4550004,15.34,13,122.055,5.1132903,8.872364237392425,15.34000015258789,1.024999976158142,4.774999618530273,114.31220002925787,5.054994295157972,13,3.25,0.05501014316430094,1-4 px
HTI,HT0152,2026-08-20,2,4.673,2.62,0.55999994,16.164999,10,46.73,5.247909,3.834204071221852,16.16499900817871,0.16499999165534973,2.619999885559082,41.42577484725387,4.563401064449348,11,2.5,0.1794983797941682,1-4 px
HTI,HT02,2026-08-20,1,16.950148,14.239999,0.0,36.175,68,1152.61,10.80377,16.774825146086105,36.17499923706055,0.0,14.944997787475586,1168.6502132828516,10.775559265822233,70,17.0,0.010343440889949386,16-64 px
HTI,HT0211,2026-08-20,2,20.201876,17.940002,12.875,32.399998,16,323.23,5.9647217,20.618942986848985,32.39999771118164,12.875,17.94000244140625,311.2126799073044,6.0162982210690075,15,4.0,0.020644963212772253,1-4 px
HTI,HT0212,2026-08-20,2,11.583572,8.275001,8.275001,24.490002,7,81.08501,5.515676,14.017281287525636,24.490001678466797,8.27500057220459,10.620000839233398,90.74236306034153,6.58093886842839,6,1.75,0.2101000699547286,1-4 px
HTI,HT0213,2026-08-20,2,25.877502,25.877502,24.490002,27.265003,2,51.755005,1.3875008,23.78244296918498,27.265003204345703,12.875,24.490001678466797,65.0302513724096,4.649065587629947,3,0.5,0.08096063641749575,<1 px
HTI,HT0214,2026-08-20,2,33.658333,32.399998,32.399998,36.175,3,100.975,1.7795528,29.63370538603461,36.17499923706055,17.65999984741211,32.39999771118164,86.45545303438648,6.881923545459886,3,0.75,0.11957299293358913,<1 px
HTI,HT0221,2026-08-20,2,30.254286,31.32,21.865,36.175,7,211.78,5.43937,29.323855617942165,36.17499923706055,19.70499610900879,31.31999969482422,300.47017296744457,5.906529613763455,10,1.75,0.030753671795719636,1-4 px
HTI,HT0222,2026-08-20,2,27.041666,29.534998,20.365,31.32,9,243.37498,4.440079,27.064966779643818,31.31999969482422,20.364999771118164,29.534997940063477,162.45870684085287,4.0022785793250755,6,2.25,0.0008616621344194812,1-4 px
HTI,HT0231,2026-08-20,2,7.112308,6.950001,6.2649994,10.620001,13,92.46,1.068802,7.128745125847036,10.620000839233398,1.034999966621399,6.950000762939453,93.34091059936313,1.0437241154831207,13,3.25,0.0023110818382776174,1-4 px
HTI,HT0232,2026-08-20,2,9.599999,10.985,6.83,10.985,3,28.8,1.9586856,8.279154743593956,10.984999656677246,1.034999966621399,6.904999732971191,22.55047190133923,2.532989809967249,3,0.75,0.1375879577077085,<1 px
HTI,HT0233,2026-08-20,2,5.8125,5.8125,0.64,10.985,2,11.625,5.1724997,6.591728047933241,10.984999656677246,0.6399999856948853,10.984999656677246,27.406762913676683,4.9345359298581215,4,0.5,0.13406073942937483,<1 px
HTI,HT0234,2026-08-20,2,1.2541665,0.65749997,0.0,2.7849996,6,7.524999,1.1067722,1.4432763500821768,10.984999656677246,0.0,0.6749999523162842,8.98244581097776,2.2508110595595463,6,1.5,0.15078528256190613,1-4 px
HTI,HT03,2026-08-20,1,7.212388,4.2149997,0.0,24.755001,67,483.23,7.250444,8.009461627638292,24.755001068115234,0.0,5.945000648498535,580.0981480610158,7.6956228641601605,72,16.75,0.11051452412686225,16-64 px
HTI,HT0311,2026-08-20,2,4.2149997,4.2149997,4.2149997,4.2149997,2,8.429999,0.0,4.664879314575617,6.3249993324279785,4.214999675750732,4.214999675750732,8.701244355039789,0.8642072633560663,2,0.5,0.10673301224093022,<1 px
HTI,HT0312,2026-08-20,2,6.8849998,7.165,6.3249993,7.165,3,20.654999,0.3959801,6.822799613976765,21.924999237060547,4.139999866485596,7.164999961853027,14.020234107396675,0.9115706575145192,2,0.75,0.00903415945244252,<1 px
HTI,HT0313,2026-08-20,2,7.159,7.165,6.3249993,7.58,5,35.795,0.45468032,7.526777472841499,19.19500160217285,6.3249993324279785,7.164999961853027,34.010800899148904,1.9376995539183215,5,1.25,0.0513727437968291,1-4 px
HTI,HT0321,2026-08-20,2,5.349375,2.53,2.5,21.925,8,42.795,6.3023906,6.673671709328449,21.924999237060547,0.5649999976158142,2.5299999713897705,43.138469436417104,6.987209056717166,6,2.0,0.24756101588100454,1-4 px
HTI,HT0322,2026-08-20,2,4.2149997,4.2149997,4.2149997,4.2149997,1,4.2149997,0.0,6.0479367272591755,21.924999237060547,2.5,4.139999866485596,20.981322312592216,5.682497547312746,3,0.25,0.4348605356387512,<1 px
HTI,HT0323,2026-08-20,2,4.14,4.14,4.14,4.14,2,8.28,0.0,5.962676401952234,21.924999237060547,4.139999866485596,4.139999866485596,14.434854794029201,4.810821839258214,2,0.5,0.4402600004715543,<1 px
HTI,HT0331,2026-08-20,2,19.195002,19.195002,19.195002,19.195002,4,76.78001,0.0,18.85345064343856,21.924999237060547,5.649999618530273,19.19500160217285,82.07246609917723,3.0572087489474984,4,1.0,0.01779376509371757,<1 px
HTI,HT0332,2026-08-20,2,11.63,11.63,5.37,17.89,2,23.26,6.2599998,15.273274286231263,19.19500160217285,5.369999885559082,17.889999389648438,41.64251733000359,5.069408759023466,3,0.5,0.3132652008797302,<1 px
HTI,HT0341,2026-08-20,2,17.544167,17.89,13.420002,24.755001,6,105.265,3.794127,17.5784357795897,24.755001068115234,13.420001983642578,17.889999389648438,111.03300572674164,4.479082227035003,6,1.5,0.001953286216991581,1-4 px
HTI,HT0342,2026-08-20,2,21.925,21.925,21.925,21.925,3,65.774994,0.0,22.104740592544648,24.755001068115234,18.125,21.924999237060547,91.6105307150424,2.009289440252159,4,0.75,0.008197974574442277,<1 px
HTI,HT0343,2026-08-20,2,5.37,5.37,5.37,5.37,2,10.74,0.0,7.715398692737528,17.889999389648438,5.369999885559082,8.550000190734863,21.37418939348898,2.9465755501120108,3,0.5,0.4367595330982361,<1 px
HTI,HT0344,2026-08-20,2,10.985001,10.985001,8.55,13.420002,4,43.940002,2.435001,11.814723642613796,17.889999389648438,8.550000190734863,13.420001983642578,58.58360520801752,2.254589771152014,5,1.0,0.07553232290227332,<1 px
HTI,HT0345,2026-08-20,2,8.55,8.55,8.55,8.55,1,8.55,0.0,7.831571918637595,8.550000190734863,5.945000648498535,8.550000190734863,8.173601116785228,1.1642019317087364,1,0.25,0.08402667618273754,<1 px
HTI,HT0351,2026-08-20,2,0.0033333332,0.0,0.0,0.01,6,0.02,0.004714045,0.012253642029573986,0.9149999618530273,0.0,0.0,0.07697494878317658,0.09034718792869921,6,1.5,2.676092755915906,1-4 px
HTI,HT0352,2026-08-20,2,0.732,0.91499996,0.0,0.91499996,5,3.6599998,0.366,0.6918033935372366,0.9149999618530273,0.0,0.9149999618530273,2.949777614459358,0.37173866180889137,4,1.25,0.05491339680705376,1-4 px
HTI,HT0361,2026-08-20,2,1.54,1.5325,0.565,2.53,4,6.16,0.97505766,1.9510235083755925,7.565000534057617,0.5649999976158142,0.5649999976158142,7.9970154011324235,2.0740092426396055,4,1.0,0.266898382062073,<1 px
HTI,HT0362,2026-08-20,2,2.5,2.5,2.5,2.5,1,2.5,0.0,1.7274445868957524,2.5,0.0,2.5,3.11706370955104,0.8769220199078732,2,0.25,0.309022165241699,<1 px
HTI,HT0371,2026-08-20,2,5.231667,7.5650005,0.565,7.5650005,3,15.695001,3.2998319,3.7373295426801123,7.565000534057617,0.06499999761581421,1.4600000381469727,15.688187332066478,3.4847940240568636,4,0.75,0.2856331370708204,<1 px
HTI,HT0372,2026-08-20,2,0.14299999,0.065,0.01,0.565,5,0.715,0.21242881,0.10532249327710354,1.8149998188018799,0.0,0.06499999761581421,0.49228158561226715,0.25115258740734064,5,1.25,0.26347901648731903,1-4 px
HTI,HT04,2026-08-20,1,7.8853917,6.4699993,0.76499987,17.604998,51,402.155,4.6806235,7.708033480977764,19.19500160217285,0.0,6.469999313354492,431.8599336052933,4.6700413824793685,56,12.75,0.0224919985930738,4-16 px
HTI,HT0411,2026-08-20,2,8.67,11.389999,1.665,12.955,6,52.02,5.075394,7.3099114130424026,12.954999923706055,0.0,9.82499885559082,59.72855789957163,5.107732518546833,8,1.5,0.15687296274020732,1-4 px
HTI,HT0412,2026-08-20,2,1.22,1.22,1.22,1.22,2,2.44,0.0,2.9051067078312833,13.299999237060547,0.0,1.2200000286102295,6.835587201151094,4.250916859050155,2,0.5,1.3812350064190848,<1 px
HTI,HT0413,2026-08-20,2,4.7149997,4.7149997,4.7149997,4.7149997,1,4.7149997,0.0,5.411671778631693,12.954999923706055,4.714999675750732,4.714999675750732,7.526287193011793,1.9686156552378147,1,0.25,0.14775654781731856,<1 px
HTI,HT0421,2026-08-20,2,13.325,13.299999,9.824999,15.310001,8,106.6,1.5917706,13.515446715163282,15.310001373291016,9.82499885559082,13.299999237060547,94.547571317416,1.7078441780806428,7,2.0,0.014292436410002472,1-4 px
HTI,HT0422,2026-08-20,2,15.310001,15.310001,15.310001,15.310001,1,15.310001,0.0,11.989297124190367,17.604997634887695,1.1200000047683716,15.310001373291016,25.204265282978408,5.762718804444377,2,0.25,0.21689769163369962,<1 px
HTI,HT0423,2026-08-20,2,14.246666,15.310001,9.824999,17.604998,3,42.739998,3.2639554,14.060439587525138,17.604997634887695,6.099999904632568,17.604997634887695,49.53169333018528,4.097139236165632,4,0.75,0.013071578464383242,<1 px
HTI,HT0431,2026-08-20,2,6.38125,6.615,4.7149997,7.58,4,25.525,1.2434951,5.827402943872421,7.579999923706055,2.5349998474121094,5.649999618530273,26.035359764402884,1.4377993407936316,4,1.0,0.08679287853125615,<1 px
HTI,HT0432,2026-08-20,2,5.58,5.6499996,5.37,5.6499996,4,22.319998,0.12124344,6.511717739317242,19.19500160217285,5.369999885559082,5.649999618530273,28.761810436841152,3.343560307141497,4,1.0,0.16697450525398602,<1 px
HTI,HT0433,2026-08-20,2,2.6169999,2.5349998,0.76499987,4.7149997,5,13.084999,1.2531304,3.224469505645789,12.954999923706055,0.7649998664855957,2.5349998474121094,18.832898511075022,2.153711481640327,6,1.25,0.2321244282989039,1-4 px
HTI,HT0434,2026-08-20,2,3.76125,2.4999998,2.465,7.58,4,15.044999,2.2049415,5.0480897484046,7.579999923706055,2.4649999141693115,7.559999942779541,13.013546786328384,2.5405223952091176,3,1.0,0.3421308736203655,<1 px
HTI,HT0441,2026-08-20,2,6.0312495,6.4699993,4.7149997,6.4699993,4,24.124998,0.7599371,6.53650569963256,9.82499885559082,4.714999675750732,6.469999313354492,35.03110945685766,1.1795419660917206,5,1.0,0.08377305558865696,<1 px
HTI,HT0442,2026-08-20,2,11.846665,9.824999,8.11,17.604998,3,35.539997,4.131513,9.783513208593666,17.604997634887695,4.380000114440918,8.109999656677246,18.91555843340307,4.161407324771583,2,0.75,0.17415464954958496,<1 px
HTI,HT0443,2026-08-20,2,7.115,7.2899995,5.9450006,8.11,6,42.69,1.0102719,6.9452300036396855,17.604997634887695,4.380000114440918,7.395000457763672,47.89568964130587,1.2747924614449258,7,1.5,0.023860856832089213,1-4 px
HTI,HT05,2026-08-20,1,21.665949,13.469999,0.0,98.69,158,3423.22,24.5545,22.670057468096545,98.69000244140625,0.0,13.680000305175781,3786.9706146890044,24.725949910407607,167,39.5,0.04634500284739631,16-64 px
HTI,HT0511,2026-08-20,2,5.6525,4.1150002,0.065,16.805002,18,101.745,5.069158,6.94091102092715,22.31999969482422,0.06499999761581421,4.115000247955322,135.7598285085872,5.5784314478300265,20,4.5,0.22793649198180446,4-16 px
HTI,HT0512,2026-08-20,2,10.32625,10.5175,1.46,24.150002,8,82.61,7.010843,8.775049161952847,24.150001525878906,1.4600000381469727,7.565000534057617,64.23292237016365,6.332300859185639,7,2.0,0.15021918296062492,1-4 px
HTI,HT0513,2026-08-20,2,6.5510006,6.2250004,6.2250004,7.0400004,5,32.755,0.39926687,6.9301520404194665,16.805002212524414,4.115000247955322,6.225000381469727,41.45467210462552,1.8067199882032752,6,1.25,0.05787687462881112,1-4 px
HTI,HT0521,2026-08-20,2,1.7804166,1.8149998,0.0,8.91,12,21.365,2.3684394,3.215137580529824,8.90999984741211,0.0,2.315000057220459,44.04950886712619,3.2331499462413933,14,3.0,0.8058344212977032,1-4 px
HTI,HT0522,2026-08-20,2,7.365714,6.8999996,5.515,8.91,7,51.559998,1.4361914,7.339830619389903,13.680000305175781,5.269999980926514,6.899999618530273,45.79969449543047,2.481923435476543,6,1.75,0.0035140355178189995,1-4 px
HTI,HT0523,2026-08-20,2,8.7925005,7.4700003,5.515,16.805,14,123.095,3.4227407,10.560927639505724,16.80500030517578,5.269999980926514,7.470000267028809,156.88923915528352,4.229457329033226,15,3.5,0.20112903485256842,1-4 px
HTI,HT0531,2026-08-20,2,22.2655,20.15,1.47,69.36,20,445.31,18.183525,20.42782523578046,69.36000061035156,1.4700000286102295,20.149999618530273,390.3989693355678,15.28438600186318,19,5.0,0.08253462820145692,4-16 px
HTI,HT0532,2026-08-20,2,71.059,78.424995,22.109999,98.69,10,710.59,25.71391,69.73185192173543,98.69000244140625,20.149999618530273,69.36000061035156,833.0071959072674,21.827277747175216,12,2.5,0.018676706374485583,1-4 px
HTI,HT0533,2026-08-20,2,80.972,78.94,77.94499,85.015,5,404.86,3.3210316,81.71086437747616,98.69000244140625,76.67999267578125,78.94000244140625,410.2118449507128,5.386016866915885,5,1.25,0.009124936737096304,1-4 px
HTI,HT0541,2026-08-20,2,15.513437,16.4075,7.0400004,22.32,16,248.215,4.8611255,17.405241902541185,32.47999954223633,6.225000381469727,17.874998092651367,280.9020566355012,5.682409497994536,16,4.0,0.12194621363023458,1-4 px
HTI,HT0542,2026-08-20,2,46.521248,32.48,17.874998,86.479996,16,744.33997,26.491938,53.28001167977539,86.47999572753906,17.874998092651367,52.86000061035156,926.9925918725751,23.67601886824664,17,4.0,0.14528336986521495,1-4 px
HTI,HT0543,2026-08-20,2,6.3450003,6.3450003,6.3450003,6.3450003,1,6.3450003,0.0,3.7502505678599416,6.345000267028809,1.4700000286102295,1.4700000286102295,6.533941878849775,2.432422537460923,2,0.25,0.4089439888820901,<1 px
HTI,HT0544,2026-08-20,2,6.7875004,6.7875004,6.2250004,7.3500004,2,13.575001,0.5625,6.548207998809855,7.350000381469727,1.4700000286102295,6.345000267028809,22.563526208404134,1.0899546153300785,3,0.5,0.03525486365940324,<1 px
HTI,HT0551,2026-08-20,2,18.21775,16.4075,11.9,24.755001,20,364.355,5.2080474,17.482177202387312,24.755001068115234,11.585000038146973,14.944999694824219,362.2864447340723,4.897497960501287,21,5.0,0.040376709396752426,4-16 px
HTI,HT0552,2026-08-20,2,18.125,18.125,18.125,18.125,4,72.5,0.0,17.051687761914472,24.150001525878906,7.565000534057617,18.125,65.88821665934086,5.222535877583237,4,1.0,0.059217226928856705,<1 px
HTI,HT06,2026-08-20,1,18.323528,12.035,0.945,86.479996,119,2180.5,19.234335,19.644867503933824,86.47999572753906,0.9449999928474426,13.504999160766602,2333.7365174684055,19.85784136246119,119,29.75,0.07211163177384969,16-64 px
HTI,HT0611,2026-08-20,2,18.1855,18.48,7.7249994,40.749996,20,363.71,8.587178,21.99029222135694,40.749996185302734,5.744999885559082,18.6299991607666,439.9942319653924,9.851259732211872,20,5.0,0.2092212048806432,4-16 px
HTI,HT0612,2026-08-20,2,19.123499,19.55,13.504999,25.645,10,191.235,4.4296403,20.521464323693845,52.86000061035156,12.03499984741211,21.229999542236328,208.44675495315406,7.093086080920991,10,2.5,0.07310196338514444,1-4 px
HTI,HT0613,2026-08-20,2,18.860384,17.149998,3.0699997,33.71,13,245.185,9.076979,18.733306282431396,53.30999755859375,2.5500004291534424,14.220001220703125,232.52180256597592,9.969112256197016,12,3.25,0.006737811784139895,1-4 px
HTI,HT0614,2026-08-20,2,7.4210005,7.3950005,5.9450006,8.910001,5,37.105003,1.3260521,8.73124669570334,18.6299991607666,5.945000648498535,8.910000801086426,46.84266347277148,2.2473993901265565,5,1.25,0.17655923829992207,1-4 px
HTI,HT0621,2026-08-20,2,18.422691,17.149998,3.7650003,50.305,13,239.495,11.95107,20.98449086454322,50.30500030517578,3.765000343322754,17.14999771118164,234.94942606819245,12.23648472019318,11,3.25,0.13905676779484702,1-4 px
HTI,HT0622,2026-08-20,2,61.075,78.94,27.39,85.015,7,427.525,23.529789,65.40137378534632,86.47999572753906,27.389999389648438,78.94000244140625,384.76327656250135,20.8557002833925,6,1.75,0.07083706566264952,1-4 px
HTI,HT0623,2026-08-20,2,51.934998,53.085,25.41,86.479996,10,519.35,14.268036,50.60233239746194,86.47999572753906,14.220001220703125,52.86000061035156,616.2110178794676,17.315809067451998,12,2.5,0.025660260977348207,1-4 px
HTI,HT0631,2026-08-20,2,4.72,6.1049995,1.52,6.1049995,5,23.599998,1.8388418,7.375112126535618,25.40999984741211,1.5199999809265137,6.104999542236328,37.004712369815785,5.177471968768984,5,1.25,0.5625237556219531,1-4 px
HTI,HT0632,2026-08-20,2,1.909091,1.52,0.945,3.0699997,11,21.000002,0.717397,2.184791899480737,6.104999542236328,0.9449999928474426,2.5500004291534424,22.51424910844912,0.798263425537806,10,2.75,0.14441474999396942,1-4 px
HTI,HT0633,2026-08-20,2,1.9375001,1.52,0.945,3.7650003,4,7.7500005,1.0809054,1.8256314935244813,3.765000343322754,0.9449999928474426,1.5199999809265137,10.422003946282054,1.0323323818720176,6,1.0,0.05773863262020929,<1 px
HTI,HT0641,2026-08-20,2,4.7326927,4.38,2.55,7.3950005,13,61.525,1.7686411,4.361995856160714,7.72499942779541,2.444999933242798,4.380000114440918,54.111414479584454,1.9256573504956374,12,3.25,0.07832683576503628,1-4 px
HTI,HT0642,2026-08-20,2,5.3774996,5.745,2.55,7.7249994,8,43.019997,2.153616,5.631977532565005,18.6299991607666,2.0799999237060547,5.744999885559082,45.954965501823935,2.8844357984049553,8,2.0,0.04732272459211439,1-4 px
HTI,HT07,2026-08-20,1,8.198636,3.955,0.0,34.829998,88,721.48,8.0448065,8.463654519976405,34.82999801635742,0.0,3.9549999237060547,765.5815096203085,8.318126626427878,90,22.0,0.032324708643779836,16-64 px
HTI,HT0711,2026-08-20,2,5.917143,7.6450005,3.4899998,7.6450005,7,41.420002,1.9959747,6.599783509276258,14.805000305175781,3.069999933242798,7.645000457763672,49.17384102452273,2.9364915472153448,7,1.75,0.11536657290118858,1-4 px
HTI,HT0712,2026-08-20,2,5.673,3.6749997,2.58,9.725,5,28.365,3.330893,5.238887123821934,14.805000305175781,2.505000114440918,3.674999713897705,33.8797759120677,3.216118771978701,6,1.25,0.07652262932805674,1-4 px
HTI,HT0713,2026-08-20,2,2.6533332,2.58,2.58,2.7999997,3,7.9599996,0.10370889,2.9369486607447106,9.725000381469727,2.505000114440918,2.6599998474121094,15.16541951044358,1.2810374791803065,5,0.75,0.10689025439575797,<1 px
HTI,HT0714,2026-08-20,2,3.3287497,3.4899998,2.6599998,3.6749997,4,13.315,0.39342046,3.245185497407401,3.674999713897705,0.3199999928474426,3.489999771118164,14.0808602435354,0.7387045612336548,4,1.0,0.025103780735631492,<1 px
HTI,HT0715,2026-08-20,2,3.1539998,3.07,3.07,3.4899998,5,15.7699995,0.16799994,2.8069854887552252,5.559999465942383,0.48499998450279236,3.069999933242798,12.519760496731076,0.8061062304177278,4,1.25,0.11002356792945091,1-4 px
HTI,HT0716,2026-08-20,2,6.3999996,6.3999996,6.3999996,6.3999996,2,12.799999,0.0,5.959996353372835,15.319997787475586,2.68999981880188,6.399999618530273,9.296015247152402,2.3610692416907826,2,0.5,0.06875051158240147,<1 px
HTI,HT0721,2026-08-20,2,6.0675,6.0675,2.4099998,9.725,2,12.135,3.6575003,4.702205714949067,9.725000381469727,1.9750001430511475,2.4099998474121094,9.358100854234431,3.539303229785343,2,0.5,0.22501759951395675,<1 px
HTI,HT0722,2026-08-20,2,1.9750001,1.9750001,1.9750001,1.9750001,4,7.9000006,0.0,2.618718438433288,9.725000381469727,1.9750001430511475,1.9750001430511475,6.186101234510017,1.903761322512103,2,1.0,0.32593331941263615,<1 px
HTI,HT0723,2026-08-20,2,2.505,2.505,2.505,2.505,2,5.01,0.0,3.902116539372286,9.725000381469727,2.505000114440918,2.505000114440918,6.664162906250528,2.8522353788321544,2,0.5,0.5577311534420304,<1 px
HTI,HT0731,2026-08-20,2,19.412619,17.039999,10.985,34.829998,21,407.66498,7.174809,20.152292953369162,34.82999801635742,7.680000305175781,18.71500015258789,438.82646583215063,7.247155030272676,22,5.25,0.03810273891272285,4-16 px
HTI,HT0732,2026-08-20,2,13.0907135,11.329999,8.73,23.459997,7,91.634995,5.4341335,13.506163123815957,23.459997177124023,8.729999542236328,11.329998970031738,84.33355222301721,5.0795138836878415,6,1.75,0.031736209322429806,1-4 px
HTI,HT0733,2026-08-20,2,6.0414286,3.955,3.955,8.870001,7,42.29,2.4095879,6.364860028080505,16.51500129699707,3.9549999237060547,5.559999465942383,49.74397087881497,2.7674046303319813,8,1.75,0.05353558727492129,1-4 px
HTI,HT0741,2026-08-20,2,2.6249998,2.6249998,2.6249998,2.6249998,3,7.8749995,0.0,2.5563476870450748,2.799999713897705,1.5149998664855957,2.624999761581421,6.195787963732798,0.2591665203476681,2,0.75,0.026153187880214365,<1 px
HTI,HT0742,2026-08-20,2,2.6249998,2.6249998,2.6249998,2.6249998,1,2.6249998,0.0,2.6545873033189884,2.799999713897705,0.9099999666213989,2.624999761581421,5.209580871383169,0.27111499646844506,2,0.25,0.011271430694580822,<1 px
HTI,HT0743,2026-08-20,2,2.5425,2.5425,2.505,2.58,2,5.085,0.037499905,2.5131494222617192,2.624999761581421,1.5149998664855957,2.505000114440918,4.230377649768451,0.14097998479463483,2,0.5,0.011543983377888204,<1 px
HTI,HT0751,2026-08-20,2,1.6699998,0.92999995,0.90999997,2.7999997,5,8.349999,0.92266995,1.7489866193448018,2.799999713897705,0.2800000011920929,0.9299999475479126,6.857369732630374,0.9514500646735398,4,1.25,0.047297502278025295,1-4 px
HTI,HT0752,2026-08-20,2,0.55799997,0.92999995,0.0,0.92999995,5,2.79,0.45560506,0.6598652898382646,1.9199999570846558,0.0,0.9299999475479126,2.7064782442803605,0.42687544596054466,4,1.25,0.1825543464424642,1-4 px
HTI,HT0753,2026-08-20,2,2.83,4.245,0.0,4.245,3,8.49,2.0011122,2.2184737935713774,4.244999885559082,0.0,3.005000114440918,11.153891849694812,2.055932021943966,5,0.75,0.2160869987380292,<1 px
HTI,HT08,2026-08-20,1,1.5407937,0.48499998,0.0,7.3149996,63,97.07,2.06111,1.4421430772456636,7.314999580383301,0.0,0.3199999928474426,94.45846291030158,2.067863165906191,65,15.75,0.0640258476876797,4-16 px
HTI,HT0811,2026-08-20,2,0.604,0.745,0.0,1.92,15,9.059999,0.6080192,0.4820233896426287,1.9199999570846558,0.0,0.11999999731779099,6.899732319385585,0.5468937910923921,14,3.75,0.20194803039299883,1-4 px
HTI,HT0812,2026-08-20,2,2.4433334,0.13,0.0,7.2,3,7.33,3.36389,1.5967878553319674,7.199999809265137,0.0,0.12999999523162842,5.607403037969514,2.882069817514898,4,0.75,0.34647156408046187,<1 px
HTI,HT0813,2026-08-20,2,,,,,0,0.0,,0.17668007481165923,0.7450000047683716,0.0,0.12999999523162842,0.20894593884027607,0.16941429889778403,1,0.0,,
HTI,HT0814,2026-08-20,2,1.066,0.745,0.0,1.92,5,5.33,0.7484744,1.4507697001829405,7.199999809265137,0.0,1.9199999570846558,8.985057102060848,0.9947403476370009,6,1.25,0.3609471859127021,1-4 px
HTI,HT0815,2026-08-20,2,5.2749996,5.2749996,3.35,7.2,2,10.549999,1.925,5.579057573292514,7.199999809265137,0.7450000047683716,7.199999809265137,14.038188081267142,2.1742119912931983,3,0.5,0.05764132632209365,<1 px
HTI,HT0821,2026-08-20,2,3.31,3.35,3.23,3.35,3,9.929999,0.05656849,3.363032683643742,7.314999580383301,3.2300000190734863,3.2300000190734863,11.154017812104016,0.5451756259359279,3,0.75,0.0160219588047559,<1 px
HTI,HT0822,2026-08-20,2,7.238333,7.2,7.2,7.3149996,3,21.714998,0.05421141,6.102231027854028,7.314999580383301,0.0,7.199999809265137,20.99530375462792,2.597820079846451,3,0.75,0.15695630087009976,<1 px
HTI,HT0823,2026-08-20,2,3.615,3.35,3.005,4.245,5,18.075,0.5261843,3.541873176218631,4.244999885559082,0.0,3.3499999046325684,15.308673866495509,0.6064631880472982,4,1.25,0.020228720271471406,1-4 px
HTI,HT0831,2026-08-20,2,0.14833333,0.125,0.0,0.32,3,0.445,0.13167721,0.10600065152564357,0.48499998450279236,0.0,0.125,0.3912286071713282,0.10720739518393207,4,0.75,0.28538885006057935,<1 px
HTI,HT0832,2026-08-20,2,0.16125,0.122499995,0.12,0.28,8,1.29,0.06859072,0.21174228185202978,2.799999713897705,0.0,0.125,1.5475103622031285,0.25992905026939955,7,2.0,0.31313043009010716,1-4 px
HTI,HT0833,2026-08-20,2,1.1099999,0.32,0.28,2.7999997,6,6.6599994,1.1463419,0.7035027842045511,2.799999713897705,0.11999999731779099,0.3199999928474426,4.0346570423357715,0.9112602099846278,6,1.5,0.3662136508259585,1-4 px
HTI,HT0834,2026-08-20,2,0.66849995,0.48499998,0.0,2.6599998,10,6.6849995,0.7666584,0.5305293003934183,3.489999771118164,0.0,0.48499998450279236,5.287744267064451,0.646241875940109,10,2.5,0.20638842172924873,1-4 px
HTI,HT09,2026-08-20,1,1.9840714,0.125,0.0,12.809999,70,138.885,3.4515214,2.2992599891164756,12.809999465942383,0.0,0.125,165.97033849666911,3.646610796511888,72,17.5,0.15885949926826,16-64 px
HTI,HT0911,2026-08-20,2,1.1466666,0.01,0.0,6.54,12,13.76,2.4147165,1.5878105973955052,6.815000534057617,0.0,0.009999999776482582,19.552821694849648,2.773741923125395,12,3.0,0.38471862474716284,1-4 px
HTI,HT0912,2026-08-20,2,0.0,0.0,0.0,0.0,6,0.0,0.0,0.0,0.0,0.0,0.0,0.0,0.0,6,1.5,,1-4 px
HTI,HT0913,2026-08-20,2,2.6983333,2.315,0.125,5.27,9,24.285,2.3841572,3.224202406858323,6.539999961853027,0.009999999776482582,5.269999980926514,23.775042935681636,2.5849689885257323,7,2.25,0.19488663867370398,1-4 px
HTI,HT0914,2026-08-20,2,0.125,0.125,0.125,0.125,1,0.125,0.0,0.2599599884403236,0.3199999928474426,0.0,0.3199999928474426,0.4820679659638769,0.09003606312369218,2,0.25,1.0796799075225887,<1 px
HTI,HT0921,2026-08-20,2,0.025,0.0,0.0,0.125,5,0.125,0.05,0.04916535497097677,0.125,0.0,0.0,0.19280906857744354,0.061060930568981236,4,1.25,0.9666141988390708,1-4 px
HTI,HT0922,2026-08-20,2,0.0,0.0,0.0,0.0,2,0.0,0.0,0.0,0.0,0.0,0.0,0.0,0.0,2,0.5,,<1 px
HTI,HT0931,2026-08-20,2,0.99666667,0.67499995,0.065,2.4750001,6,5.98,0.9296849,1.2458600989930255,2.4750001430511475,0.0,0.6749999523162842,9.90400595073985,1.0050163410771757,8,1.5,0.2500268509962569,1-4 px
HTI,HT0932,2026-08-20,2,5.5391665,3.9249997,0.67499995,12.809999,6,33.235,4.791051,7.776224260970109,12.809999465942383,0.6749999523162842,11.225000381469727,54.75247851498005,4.68333579234434,7,1.5,0.40386180140461714,1-4 px
HTI,HT0933,2026-08-20,2,2.2328572,2.16,1.8599999,2.4750001,7,15.63,0.229516,2.197467258649245,3.924999713897705,0.6749999523162842,2.1600000858306885,14.134778469671017,0.5908994206186406,6,1.75,0.015849621440526967,1-4 px
HTI,HT0934,2026-08-20,2,2.8590624,0.0625,0.0,12.809999,16,45.745,5.0496287,2.5847437406453504,12.809999465942383,0.0,0.03999999910593033,43.176333424185756,4.538927672837793,17,4.0,0.0959470696948236,1-4 px
HTI,HT10,2026-08-20,1,26.751999,23.459997,0.285,64.325005,35,936.32,19.449535,28.059413328852113,64.32500457763672,0.2849999964237213,23.459997177124023,1176.7311482797259,18.779406785461628,42,8.75,0.048871649885009014,4-16 px
HTI,HT1011,2026-08-20,2,22.477001,19.515001,18.715,35.925,5,112.385,6.733511,22.860664393357705,35.92499923706055,18.71500015258789,19.51500129699707,132.8097794002558,5.141785763938841,6,1.25,0.017069154081441027,1-4 px
HTI,HT1012,2026-08-20,2,53.579994,53.579994,53.579994,53.579994,2,107.15999,0.0,44.986164957840224,53.579994201660156,35.92499923706055,53.579994201660156,137.9457722698978,8.824404283255335,3,0.5,0.16039249728470995,<1 px
HTI,HT1013,2026-08-20,2,30.303331,28.039999,28.039999,34.829998,3,90.909996,3.2008362,30.751391656223777,64.32500457763672,18.71500015258789,28.03999900817871,90.19792933025563,11.201077994937792,3,0.75,0.014785854935346131,<1 px
HTI,HT1014,2026-08-20,2,35.925,35.925,35.925,35.925,1,35.925,0.0,36.67098688069332,53.579994201660156,18.71500015258789,35.92499923706055,82.70444959593416,10.814981754699673,2,0.25,0.02076511846049612,<1 px
HTI,HT1021,2026-08-20,2,64.325005,64.325005,64.325005,64.325005,2,128.65001,0.0,57.54016138233572,64.32500457763672,37.2599983215332,64.32500457763672,210.09299551883873,7.458300197336883,4,0.5,0.10547754512672461,<1 px
HTI,HT1022,2026-08-20,2,24.5875,19.9875,16.515001,37.26,6,147.525,9.291138,29.933525450195162,49.480003356933594,8.870000839233398,37.2599983215332,158.06005768017855,11.384996105311245,5,1.5,0.2174285897384917,1-4 px
HTI,HT1023,2026-08-20,2,29.144999,29.144999,23.459997,34.829998,2,58.289993,5.6850004,27.0302227952941,64.32500457763672,8.870000839233398,23.459997177124023,145.31503757346,12.255083756423641,5,0.5,0.07256051731914273,<1 px
HTI,HT1024,2026-08-20,2,50.7925,50.7925,37.26,64.325005,4,203.17,13.532503,55.83253245256826,64.32500457763672,34.82999801635742,64.32500457763672,141.48635907149858,12.576035738946164,3,1.0,0.09922788704175345,<1 px
HTI,HT1025,2026-08-20,2,9.12625,7.215,5.5599995,16.515001,4,36.505,4.4748073,13.571915825728736,37.2599983215332,5.559999465942383,16.51500129699707,42.40431353745042,5.140143984566635,3,1.0,0.48712952480249117,<1 px
HTI,HT1031,2026-08-20,2,2.6333332,1.4649999,0.285,5.5599995,6,15.799998,2.1110988,3.8380596844033232,19.724998474121094,0.2849999964237213,4.144999980926514,24.456199246265328,3.4872542984433204,6,1.5,0.45749109319068443,1-4 px
HTI,HT1032,2026-08-20,2,,,,,0,0.0,,7.336488283273303,19.724998474121094,0.2849999964237213,4.144999980926514,11.258254585001046,7.239444201321713,2,0.0,,
MMR,MMR,2026-08-20,0,20.94238,14.270001,0.0,122.484985,23123,484250.66,20.425425,20.94531384491804,152.1600341796875,0.0,14.27499771118164,487971.30719839333,20.403349836416172,23297,5780.75,0.00014009128466010317,>64 px
MMR,MMR001,2026-08-20,1,9.901988,5.365,0.055,79.425,3179,31478.42,12.251716,9.918982828035634,79.42500305175781,0.019999999552965164,5.349999904632568,31854.000365564727,12.417960372214603,3211,794.75,0.0017163046486862157,>64 px
MMR,MMR001D001,2026-08-20,2,9.65033,5.5800004,0.185,79.425,1259,12149.765,11.68761,9.80601840648366,79.42500305175781,0.1850000023841858,5.635000228881836,12385.719504592837,11.93920733705673,1263,314.75,0.016132961928106142,>64 px
MMR,MMR001D002,2026-08-20,2,11.335111,4.1049995,0.055,74.82,541,6132.295,16.791912,11.46852883911631,74.81999969482422,0.019999999552965164,3.9449996948242188,6333.454602332226,17.267353455968017,552,135.25,0.011770316066274987,>64 px
MMR,MMR001D003,2026-08-20,2,19.093859,15.9,1.265,67.91,381,7274.76,12.550083,18.6010854836052,67.91000366210938,1.1799999475479126,14.774999618530273,7160.992258123557,12.488740453312206,385,95.25,0.025807958275736648,>64 px
MMR,MMR001D004,2026-08-20,2,5.933467,3.44,0.11,46.044994,998,5921.6,6.6057854,5.908128539328026,46.04499435424805,0.10999999940395355,3.4250001907348633,5973.834025971719,6.5850114437876055,1011,249.5,0.004270430874895568,>64 px
MMR,MMR002,2026-08-20,1,32.961105,33.679996,11.68,51.79499,402,13250.364,9.934024,33.831217454924136,56.915000915527344,11.680000305175781,34.630001068115234,13678.01297496977,10.032242293728613,404,100.5,0.02639815791746462,>64 px
MMR,MMR002D001,2026-08-20,2,32.32511,32.992496,15.994997,50.79001,224,7240.8247,10.451206,33.01572961279939,56.915000915527344,15.994997024536133,34.4950065612793,7474.412800713817,10.282054629159337,226,56.0,0.021364803176211557,16-64 px
MMR,MMR002D002,2026-08-20,2,33.76146,33.715,11.68,51.79499,178,6009.5396,9.179749,34.8689089075388,51.79499053955078,11.680000305175781,35.220001220703125,6203.600179438201,9.605484232974785,178,44.5,0.032802162807497155,16-64 px
MMR,MMR003,2026-08-20,1,57.880825,54.15499,14.549999,122.484985,1022,59154.203,22.332565,57.46839168526739,122.4849853515625,14.549999237060547,53.340003967285156,59252.217756962,22.380770924178545,1031,255.5,0.007125560403339271,>64 px
MMR,MMR003D001,2026-08-20,2,48.08886,46.574997,14.549999,97.32498,360,17311.99,16.5793,47.73208635918317,97.32498168945312,14.549999237060547,46.57499694824219,17671.11808379556,16.59055602051384,370,90.0,0.0074190496679860125,>64 px
MMR,MMR003D002,2026-08-20,2,54.51098,55.219994,30.899998,82.68002,107,5832.675,8.853186,54.589306260345104,82.68002319335938,30.89999771118164,54.69499206542969,5805.570688502725,9.319884057532816,106,26.75,0.0014368896017848277,16-64 px
MMR,MMR003D003,2026-08-20,2,80.14377,78.375,43.225002,122.484985,326,26126.87,18.161345,79.96063796623754,122.4849853515625,43.22500228881836,78.375,25962.169479421675,18.110813039916064,325,81.5,0.0022850439124895393,>64 px
MMR,MMR003D004,2026-08-20,2,43.15576,39.535004,18.595,79.16499,229,9882.67,14.460361,42.706027163041824,79.16499328613281,18.594999313354492,39.224998474121094,9813.359482638565,14.527756015282806,230,57.25,0.010421154371008101,16-64 px
MMR,MMR004,2026-08-20,1,24.17524,21.380001,0.06,74.149994,1245,30098.174,18.519547,24.313643197836722,74.14999389648438,0.05999999865889549,21.625001907348633,30674.478237246683,18.577926343780195,1262,311.25,0.005724997883649688,>64 px
MMR,MMR004D001,2026-08-20,2,2.9552667,2.4425,0.06,12.224999,300,886.58,2.5927298,2.8696673703286404,12.22499942779541,0.05999999865889549,2.3399999141693115,867.106633338399,2.549438967207953,302,75.0,0.028965010051837197,>64 px
MMR,MMR004D002,2026-08-20,2,46.899822,45.680004,28.865005,74.149994,197,9239.265,10.851639,47.038042190316325,74.14999389648438,28.865005493164062,45.68000411987305,9420.160119475306,10.970425949557413,200,49.25,0.0029471367783938484,16-64 px
MMR,MMR004D003,2026-08-20,2,22.560587,22.999998,2.6100001,66.119995,264,5955.995,15.209015,23.269859695762936,66.92999267578125,2.2699999809265137,22.999998092651367,6317.026994287703,15.749561953631268,271,66.0,0.03143857452658186,>64 px
MMR,MMR004D004,2026-08-20,2,28.95937,25.010002,7.295,66.92999,484,14016.335,13.797229,28.84901245901089,66.92999267578125,7.295000076293945,26.05500030517578,14070.184474372716,13.534135474140571,488,121.0,0.0038107714701359177,>64 px
MMR,MMR005,2026-08-20,1,10.951603,6.7374997,0.0,80.96,3310,36249.805,11.723379,11.022143035330963,80.95999908447266,0.0,6.754999160766602,36682.16677734787,11.785260247566029,3328,827.5,0.006441069433484981,>64 px
MMR,MMR005D001,2026-08-20,2,27.831131,27.13,14.859999,37.075,84,2337.815,4.831403,27.72713754027052,37.07500076293945,14.85999870300293,27.135000228881836,2375.308018893142,4.5209140668895555,86,21.0,0.0037365876266214357,16-64 px
MMR,MMR005D002,2026-08-20,2,17.392366,14.140001,2.05,80.96,281,4887.255,14.859835,17.45911426211964,80.95999908447266,2.049999952316284,14.14000129699707,4938.951902515248,14.872676116594729,283,70.25,0.0038377907939404,>64 px
MMR,MMR005D003,2026-08-20,2,26.300161,25.922499,4.1150002,50.945,124,3261.22,8.222348,26.81271169549019,50.94499969482422,4.115000247955322,26.229999542236328,3269.927532269568,7.900909057192618,122,31.0,0.019488500298161324,16-64 px
MMR,MMR005D004,2026-08-20,2,3.4567566,1.0450001,0.0,61.274994,333,1151.1,7.307701,3.1780616698172044,61.274993896484375,0.0,1.0450000762939453,1059.1913316233968,6.251412401251995,333,83.25,0.0806232438184382,>64 px
MMR,MMR005D005,2026-08-20,2,6.2191195,2.76,0.315,31.230003,301,1871.955,7.322943,6.458558036358735,47.189998626708984,0.13499999046325684,2.984999895095825,1964.1995411158175,7.591918449252694,304,75.25,0.03850039163240633,>64 px
MMR,MMR005D006,2026-08-20,2,9.047319,8.8150015,1.6699998,17.39,69,624.265,3.3315532,9.027565963150122,17.635000228881836,1.6699998378753662,8.815001487731934,626.1173599125395,3.444339967141349,69,17.25,0.0021833027938859572,16-64 px
MMR,MMR005D007,2026-08-20,2,14.263234,13.525,1.9149997,61.274994,269,3836.8098,6.838643,14.233207831130446,61.274993896484375,1.6699998378753662,13.524999618530273,3871.610075248621,6.5210526363541055,272,67.25,0.002105144518385818,>64 px
MMR,MMR005D008,2026-08-20,2,5.871558,3.42,0.185,61.274994,677,3975.045,7.674472,6.146272331312489,61.274993896484375,0.1850000023841858,3.440000057220459,4147.761998627805,8.292043000757673,675,169.25,0.0467872975643754,>64 px
MMR,MMR005D009,2026-08-20,2,17.653973,16.24,1.5749999,39.005,229,4042.7598,10.123146,18.159074199873437,67.16000366210938,1.5749999284744263,16.295000076293945,4186.9091404731735,10.724264375652577,231,57.25,0.02861119136601357,16-64 px
MMR,MMR005D010,2026-08-20,2,25.444296,21.605001,2.0849998,60.894997,242,6157.52,15.505014,25.148354776492,60.894996643066406,2.0849997997283936,21.57000160217285,6052.841832795596,15.696580601419788,241,60.5,0.011630945635438384,16-64 px
MMR,MMR005D011,2026-08-20,2,8.725667,6.9449997,0.39499998,29.6,225,1963.275,7.645829,8.913898487177713,36.249996185302734,0.39499998092651367,7.079999923706055,2052.4268129184097,7.886024753955238,230,56.25,0.02157216029189669,16-64 px
MMR,MMR005S001,2026-08-20,2,4.4974475,3.3299997,0.48999998,21.279999,476,2140.785,3.996609,4.429637859156495,21.279998779296875,0.48499995470046997,3.440000057220459,2136.9212301764683,3.8248587427815686,482,119.0,0.015077361290710996,>64 px
MMR,MMR006,2026-08-20,1,37.20015,34.89,4.2249994,84.81501,1371,51001.402,17.924051,37.41728106061061,93.8949966430664,2.0799999237060547,35.55500030517578,51240.46330805873,17.84504012387242,1369,342.75,0.005836832932410537,>64 px
MMR,MMR006D001,2026-08-20,2,47.341965,44.97501,12.700001,84.81501,460,21777.305,15.741137,47.65518288870294,89.885009765625,6.654999732971191,44.97500991821289,21990.844861827343,15.741042310829203,461,115.0,0.00661607283734287,>64 px
MMR,MMR006D002,2026-08-20,2,26.552393,24.849995,4.2249994,83.005005,635,16860.77,13.814106,26.789261379998496,93.8949966430664,4.22499942779541,25.214996337890625,16895.139753695672,13.651587739774518,631,158.75,0.008920792186169355,>64 px
MMR,MMR006D003,2026-08-20,2,44.86949,43.730003,5.0200005,75.185005,276,12383.9795,15.983856,44.55160277402907,91.75501251220703,2.0799999237060547,43.730003356933594,12354.478711493424,15.944105125839473,277,69.0,0.007084707804143261,>64 px
MMR,MMR007,2026-08-20,1,26.500849,20.589998,6.265001,77.225,801,21227.18,16.293522,26.57938930267968,79.16499328613281,6.265000820159912,20.729997634887695,21448.975584793232,16.15547672149677,807,200.25,0.002963690056861224,>64 px
MMR,MMR007D001,2026-08-20,2,31.930138,23.675,10.459999,77.225,436,13921.54,17.622889,31.89619930617925,79.16499328613281,10.459999084472656,23.53000259399414,14090.234362571291,17.621005120123368,442,109.0,0.0010629047021579142,>64 px
MMR,MMR007D002,2026-08-20,2,20.015451,16.699999,6.265001,71.08999,365,7305.6396,11.590931,20.148515977288234,71.0899887084961,6.265000820159912,16.69999885559082,7358.741217427742,11.206206094715046,365,91.25,0.00664811286481805,>64 px
MMR,MMR008,2026-08-20,1,9.06894,8.209999,2.925,30.425,505,4579.815,4.69924,9.411026034915874,30.424999237060547,2.924999952316284,8.279999732971191,4790.342642803501,5.0882542936903645,509,126.25,0.03772061948980529,>64 px
MMR,MMR008D001,2026-08-20,2,7.0069885,6.1799994,2.925,30.425,259,1814.8099,3.5862565,7.262056764255379,30.424999237060547,2.924999952316284,6.254999160766602,1894.5397396666963,3.9777804167305955,261,64.75,0.03640198128702209,>64 px
MMR,MMR008D002,2026-08-20,2,11.239858,10.090001,4.1299996,30.344997,246,2765.005,4.7542186,11.670418765614338,30.34499740600586,4.12999963760376,10.13499927520752,2895.8029015120196,5.149273983817999,248,61.5,0.038306601881833206,16-64 px
MMR,MMR009,2026-08-20,1,39.439117,37.464996,7.4449987,91.45499,1534,60499.61,18.733343,39.07084828001355,91.45498657226562,6.950000762939453,36.405006408691406,60689.61190614853,18.71215176532795,1553,383.5,0.009337651245753122,>64 px
MMR,MMR009D001,2026-08-20,2,29.06166,25.670002,8.8550005,80.14501,331,9619.409,15.729249,28.56005426784115,80.14501190185547,6.950000762939453,25.544998168945312,9538.618495663,15.753448700016275,334,82.75,0.017260050945432936,>64 px
MMR,MMR009D002,2026-08-20,2,47.776688,46.839996,15.045,91.45499,320,15288.54,16.465427,47.57015906672971,91.45498657226562,15.045000076293945,46.839996337890625,15319.314467111972,16.189310896024477,322,80.0,0.004322797203319991,>64 px
MMR,MMR009D003,2026-08-20,2,38.100193,32.535004,7.4449987,81.975,409,15582.9795,19.490713,37.130281606021384,81.9749984741211,7.444998741149902,31.56499671936035,15329.934050197955,19.41224197426207,413,102.25,0.0254568630132297,>64 px
MMR,MMR009D004,2026-08-20,2,44.123344,48.045,8.58,85.509995,284,12531.03,18.628468,44.02548206081172,87.32001495361328,8.579999923706055,47.155006408691406,12749.587893208382,18.29459657481139,290,71.0,0.0022179175537621184,>64 px
MMR,MMR009D005,2026-08-20,2,39.356052,32.53,8.365001,79.88999,190,7477.65,16.368578,39.78794304839604,91.45498657226562,8.36500072479248,33.5,7752.157002418656,16.826518026454263,195,47.5,0.010973942416684463,16-64 px
MMR,MMR010,2026-08-20,1,27.96308,23.609999,0.5,96.05,1073,30004.385,19.548851,28.289369591373134,96.05000305175781,0.5,23.670000076293945,30533.37449931557,19.82933724542255,1079,268.25,0.01166858555542282,>64 px
MMR,MMR010D001,2026-08-20,2,21.47909,22.075,14.924999,24.985,33,708.81,2.8970573,21.322689482438506,65.3849868774414,14.924999237060547,22.075000762939453,679.9706714733467,3.607116203176248,32,8.25,0.007281524383085772,4-16 px
MMR,MMR010D002,2026-08-20,2,18.800844,13.504999,0.5,86.86502,290,5452.245,19.712774,20.045028154275258,86.86502075195312,0.5,13.504999160766602,5881.73698782644,21.423037988387986,293,72.5,0.06617703727956342,>64 px
MMR,MMR010D003,2026-08-20,2,40.310036,37.319992,12.625,89.505,140,5643.405,18.017538,40.32510946241041,89.50499725341797,12.625,38.255001068115234,5835.216426046532,16.84095628247446,145,35.0,0.00037393820264544506,16-64 px
MMR,MMR010D004,2026-08-20,2,34.45051,29.835,15.704998,96.05,157,5408.7295,16.002468,36.07084306793143,96.05000305175781,15.704998016357422,31.974998474121094,5719.178148248058,17.226853140202387,159,39.25,0.04703364530543746,16-64 px
MMR,MMR010D005,2026-08-20,2,34.16554,31.880001,21.119997,61.67,120,4099.8647,8.914876,33.97604340151864,63.0,21.119997024536133,31.880001068115234,4028.1068021758956,9.011214306925405,119,30.0,0.0055464248035114435,16-64 px
MMR,MMR010D006,2026-08-20,2,14.843046,14.855,4.5250006,42.089996,128,1899.9099,5.4298577,15.167969270555878,42.089996337890625,4.52500057220459,14.854999542236328,1993.3119999449082,5.787274231762902,131,32.0,0.0218906059144382,16-64 px
MMR,MMR010D007,2026-08-20,2,33.128876,26.77,7.29,96.05,205,6791.42,23.407303,31.85566572337005,96.05000305175781,6.135001182556152,25.2399959564209,6395.853422927953,22.99028477703465,201,51.25,0.03843203966925862,16-64 px
MMR,MMR011,2026-08-20,1,71.1,78.24251,22.76,121.66499,382,27160.2,24.595877,71.04279281439656,152.1600341796875,17.999998092651367,78.05499267578125,27519.39274185667,25.214720712479263,387,95.5,0.0008046017665742799,>64 px
MMR,MMR011D001,2026-08-20,2,89.104095,88.265,56.715004,121.66499,205,18266.34,12.342449,90.12247475148766,152.1600341796875,56.715003967285156,89.53500366210938,18689.28503587742,12.43623737201147,207,51.25,0.011429101563599936,16-64 px
MMR,MMR011D002,2026-08-20,2,50.247795,45.135,22.76,95.22,177,8893.859,17.858894,49.05967180091663,95.22000122070312,17.999998092651367,44.32499694824219,8830.107652822107,16.953766157221775,180,44.25,0.023645280336846045,16-64 px
MMR,MMR012,2026-08-20,1,22.936146,21.375,3.2400002,75.345,1191,27316.95,11.64326,22.51803710873727,75.34500122070312,2.924999952316284,20.46500015258789,26989.21085056132,11.755999939102393,1199,297.75,0.018229256618035546,>64 px
MMR,MMR012D001,2026-08-20,2,21.928038,19.559996,10.339999,39.579998,107,2346.3,6.620978,22.02140544242865,39.57999801635742,10.339999198913574,19.559995651245117,2379.5996816061297,6.457316533840893,108,26.75,0.004257902254120993,16-64 px
MMR,MMR012D002,2026-08-20,2,15.853139,16.274998,3.74,30.189999,129,2045.0549,5.171982,15.471967730791095,30.189998626708984,3.740000009536743,15.864999771118164,1987.3803266452965,5.030061884279844,128,32.25,0.024043898764081105,16-64 px
MMR,MMR012D003,2026-08-20,2,30.32308,29.86,5.8549995,75.345,310,9400.154,13.596247,30.425251543116655,75.34500122070312,4.664999485015869,29.860000610351562,9503.491936863094,13.975600781868144,312,77.5,0.003369431572144192,>64 px
MMR,MMR012D004,2026-08-20,2,19.896078,18.099998,3.2400002,59.705,357,7102.9,11.769438,18.800189683007222,59.70500183105469,2.924999952316284,17.60999870300293,6782.902465257175,11.327785058162066,361,89.25,0.05508062026057484,>64 px
MMR,MMR012D005,2026-08-20,2,22.286776,22.54,6.92,50.730003,287,6396.3047,8.270725,21.93041781873495,50.730003356933594,6.920000076293945,22.540000915527344,6335.836461883713,8.229220473473193,289,71.75,0.015989669446359184,>64 px
MMR,MMR013,2026-08-20,1,12.8470955,10.964999,2.4599998,40.04,334,4290.9297,7.409435,13.237396447898615,93.35498046875,2.4599997997283936,11.944999694824219,4432.307336450289,7.874376233554598,335,83.5,0.03038048155698808,>64 px
MMR,MMR013D001,2026-08-20,2,10.283766,9.23,2.4599998,26.445,158,1624.835,5.6869144,10.873657287938936,26.44499969482422,2.4599997997283936,9.730000495910645,1716.3187585305323,5.916330986015156,158,39.5,0.05736140708947835,16-64 px
MMR,MMR013D002,2026-08-20,2,10.525,10.405,7.254999,14.545,12,126.299995,2.1586075,11.055498870430668,14.709999084472656,7.254999160766602,10.404999732971191,134.7873891123216,2.2553332385544955,12,3.0,0.0504036931525575,1-4 px
MMR,MMR013D003,2026-08-20,2,15.581172,14.709999,3.54,40.04,162,2524.15,8.167131,15.782681665868777,93.35498046875,3.5399999618530273,16.575000762939453,2560.785429271838,8.989931190622706,162,40.5,0.012932895283408508,16-64 px
MMR,MMR013D004,2026-08-20,2,7.8224998,7.8224998,7.254999,8.39,2,15.6449995,0.5675006,8.020031197100037,8.390000343322754,4.559999465942383,8.390000343322754,20.415759022138698,0.6600107754691147,3,0.5,0.025251697302700726,<1 px
MMR,MMR014,2026-08-20,1,15.809764,12.73,0.585,62.744995,1928,30481.225,11.256652,16.013280196530378,62.7449951171875,0.5849999785423279,12.944998741149902,31172.29416691692,11.201587000305308,1947,482.0,0.012872816857378658,>64 px
MMR,MMR014D001,2026-08-20,2,22.141453,18.805,1.56,57.09999,416,9210.845,12.624808,22.43078009331632,57.09999084472656,1.559999942779541,18.834999084472656,9466.801930154385,12.6229107720234,422,104.0,0.01306721348939115,>64 px
MMR,MMR014D002,2026-08-20,2,9.984226,9.349999,0.585,45.985,685,6839.195,7.512877,10.12850286402935,45.98500061035156,0.5849999785423279,9.34999942779541,6955.51277934963,7.447207340204597,687,171.25,0.014450480591019355,>64 px
MMR,MMR014D003,2026-08-20,2,13.964536,12.964999,4.645,29.899996,420,5865.105,5.501378,14.081752681184431,29.899995803833008,4.644999980926514,13.09000015258789,5942.468135244241,5.5456362581558345,422,105.0,0.008393882989340327,>64 px
MMR,MMR014S001,2026-08-20,2,27.760805,20.94,6.135001,62.744995,124,3442.3398,16.221224,26.10084190223302,62.7449951171875,6.135001182556152,19.994997024536133,3279.3672039147827,15.484541998743591,126,31.0,0.05979520758735129,16-64 px
MMR,MMR014S002,2026-08-20,2,18.105087,16.890001,3.6599994,51.659996,283,5123.7397,10.869898,19.046744996558857,51.659996032714844,3.659999370574951,17.329998016357422,5528.144058066394,11.385797502750057,290,70.75,0.05201068608832733,>64 px
MMR,MMR015,2026-08-20,1,8.788985,6.357499,0.055,95.30501,2138,18790.85,8.792588,8.83307717163278,95.30500793457031,0.054999999701976776,6.419999599456787,19045.85192450958,8.844856894047721,2156,534.5,0.005016753542391983,>64 px
MMR,MMR015D001,2026-08-20,2,11.18484,8.9375,1.435,42.125,470,5256.875,7.5507064,10.848371350930469,42.125,0.9299999475479126,8.755000114440918,5149.633659498695,7.534684390611927,475,117.5,0.03008256256410736,>64 px
MMR,MMR015D002,2026-08-20,2,11.924179,11.994999,0.92499995,41.850002,268,3195.68,5.45633,11.840593635206217,63.57500457763672,0.48499995470046997,11.994998931884766,3212.21864498838,5.7984551203396455,271,67.0,0.007009737508451011,>64 px
MMR,MMR015D003,2026-08-20,2,4.7227836,2.695,0.055,30.875,485,2290.55,5.516368,5.106028702662819,57.22999572753906,0.054999999701976776,2.865000009536743,2503.2276883954532,6.3910550188878155,490,121.25,0.08114813955541372,>64 px
MMR,MMR015D006,2026-08-20,2,14.501258,4.1700006,0.92,95.30501,159,2305.7,19.74118,15.051310437882776,95.30500793457031,0.9200000166893005,5.484999179840088,2450.9292827467966,19.393103825726996,163,39.75,0.037931360015991455,16-64 px
MMR,MMR015D007,2026-08-20,2,11.767127,10.505,1.8500001,30.485,275,3235.96,5.9589505,11.71414394320387,30.485000610351562,1.8500001430511475,10.505000114440918,3202.7485110706366,6.003966523641739,273,68.75,0.004502633208269937,>64 px
MMR,MMR015D008,2026-08-20,2,6.143611,3.55,0.585,39.73,270,1658.775,6.98025,6.245564291016222,39.72999954223633,0.5849999785423279,3.6549997329711914,1707.3034601643371,6.584651049508442,273,67.5,0.016595010819568778,>64 px
MMR,MMR015S001,2026-08-20,2,2.918048,2.48,0.21000001,11.515,146,426.035,2.6095297,2.7348444831653977,13.085000991821289,0.21000000834465027,2.424999713897705,396.4134042983262,2.475976967377445,145,36.5,0.06278290036168098,16-64 px
MMR,MMR015S002,2026-08-20,2,6.4811535,4.6,0.755,18.255,65,421.275,5.0056906,6.472856888842628,18.2549991607666,0.7549999952316284,5.465000152587891,423.3772860404694,4.636657126354678,65,16.25,0.0012801133559591604,16-64 px
MMR,MMR016,2026-08-20,1,10.471541,7.08,1.9,43.745003,1323,13853.85,8.69036,10.472938840627064,43.74500274658203,0.9800000190734863,7.079999923706055,13983.789139964298,8.725359767085273,1335,330.75,0.00013348948612852958,>64 px
MMR,MMR016D001,2026-08-20,2,7.563725,6.3850007,1.9,29.75,600,4538.235,3.9154632,7.507124811465959,30.485000610351562,0.9800000190734863,6.375000953674316,4555.095473085545,3.894452199584668,607,150.0,0.007483110310599771,>64 px
MMR,MMR016D002,2026-08-20,2,15.792025,10.0475,1.9749999,43.745003,400,6316.81,12.784062,16.143520322048253,43.74500274658203,1.9749999046325684,10.684999465942383,6439.293591630792,12.820343220310855,399,100.0,0.022257773911088213,>64 px
MMR,MMR016D003,2026-08-20,2,9.284225,6.8149996,2.94,22.835001,323,2998.805,5.127802,9.070246414364671,22.83500099182129,2.940000057220459,6.814999580383301,2989.4000783428314,4.951071834366359,330,80.75,0.023047544155309442,>64 px
MMR,MMR017,2026-08-20,1,17.7181,10.88,1.74,116.19,1139,20180.914,19.728018,16.910832988595686,116.19000244140625,1.7400000095367432,10.48499870300293,19288.151855204604,18.891018016754238,1141,284.75,0.0455617143714232,>64 px
MMR,MMR017D001,2026-08-20,2,28.992725,18.38,2.2800002,116.19,354,10263.425,27.660027,27.735216202341732,116.19000244140625,2.2800002098083496,18.34499740600586,9833.037231724533,26.77930523865986,355,88.5,0.04337325303703836,>64 px
MMR,MMR017D002,2026-08-20,2,9.764832,9.32,1.74,25.445,238,2324.03,5.449121,9.632943440192793,25.44499969482422,1.7400000095367432,9.319999694824219,2301.910772934043,5.083388924502356,239,59.5,0.013506485294084611,16-64 px
MMR,MMR017D003,2026-08-20,2,8.493641,7.6000004,2.87,22.159996,103,874.84503,4.200008,8.239628885963729,22.159996032714844,2.599999189376831,7.435001373291016,854.8989061037455,4.103677320679105,104,25.75,0.029906151441563333,16-64 px
MMR,MMR017D004,2026-08-20,2,27.646706,24.364994,4.87,67.12,126,3483.4849,18.366734,25.39972146000092,68.05499267578125,4.869999885559082,22.159996032714844,3201.1862059440873,17.777261132333834,126,31.5,0.0812749461002363,16-64 px
MMR,MMR017D005,2026-08-20,2,3.8281817,3.68,1.74,6.0299997,143,547.43,0.8190782,3.7847125030829245,6.029999732971191,1.7400000095367432,3.680000066757202,551.5104618232768,0.8444023319981192,146,35.75,0.011355050601980443,16-64 px
MMR,MMR017D006,2026-08-20,2,15.358286,15.484999,4.125,55.690002,175,2687.7,7.988798,14.836510684088962,55.69000244140625,4.125,15.48499870300293,2545.6083083603894,6.8331459164713655,172,43.75,0.033973538187206415,16-64 px
MMR,MMR018,2026-08-20,1,18.93674,15.075002,3.6599994,54.70501,247,4677.375,11.208287,19.288640109699905,54.70500946044922,3.659999370574951,15.07500171661377,4696.665334438002,11.7020087366425,243,61.75,0.018582929780939318,16-64 px
MMR,MMR018D001,2026-08-20,2,12.399355,12.77,3.6599994,29.944994,124,1537.52,5.138079,12.14890180075707,29.94499397277832,3.659999370574951,12.039999008178711,1498.636250174105,5.21958603701717,123,31.0,0.02019888931665639,16-64 px
MMR,MMR018D002,2026-08-20,2,25.527277,19.599998,10.744997,54.70501,123,3139.855,11.795688,26.619594831923152,54.70500946044922,10.744997024536133,23.375001907348633,3198.0290851965965,11.978469780451793,120,30.75,0.042790221296347054,16-64 px
MOZ,MZ,2026-08-20,0,0.59596735,0.0,0.0,36.245,26603,15854.52,2.1931257,0.5917856246582841,36.244998931884766,0.0,0.0,15869.242158743715,2.185403909899482,26816,6650.75,0.007016702075568238,>64 px
MOZ,MZ01,2026-08-20,1,1.1777736,0.60499996,0.0,8.91,2567,3023.345,1.5131828,1.1774121327649332,8.90999984741211,0.0,0.6049999594688416,3050.7861836821216,1.5130295742145785,2591,641.75,0.0003069072316334095,>64 px
MOZ,MZ0101,2026-08-20,2,2.7360559,2.115,0.0,8.91,161,440.50497,2.3578517,2.6303302782822753,8.90999984741211,0.0,2.0949997901916504,431.3746076214184,2.327511829692307,164,40.25,0.03864161610065237,16-64 px
MOZ,MZ0102,2026-08-20,2,1.858085,1.685,0.0,6.1949997,188,349.32,1.5954998,1.8449392461725835,6.194999694824219,0.0,1.8199999332427979,338.6765644066273,1.5906234752890567,184,47.0,0.007074893682160101,16-64 px
MOZ,MZ0103,2026-08-20,2,0.9286111,0.745,0.0,2.6699998,180,167.15,0.7426587,0.9214195875415458,2.875,0.0,0.7399998903274536,165.28748147628377,0.7413936570463179,179,45.0,0.007744374860966205,16-64 px
MOZ,MZ0104,2026-08-20,2,1.7724999,1.6049999,0.74,3.1399999,4,7.0899997,0.8649024,2.2421373471112975,3.1399998664855957,0.7400000095367432,1.8899998664855957,7.499386942174662,0.9350047512511213,3,1.0,0.2649576719927023,<1 px
MOZ,MZ0105,2026-08-20,2,,,,,0,0.0,,3.3112224636993504,6.194999694824219,1.1549999713897705,3.2800002098083496,8.129238042044658,1.3879108883890778,2,0.0,,
MOZ,MZ0106,2026-08-20,2,1.6286764,0.97249997,0.0,7.2700005,136,221.5,1.7474579,1.6361116934249504,7.270000457763672,0.0,0.9999999403953552,227.7270313226581,1.760335366431679,139,34.0,0.004565236792864695,16-64 px
MOZ,MZ0107,2026-08-20,2,1.7407316,1.38,0.14,6.2,41,71.369995,1.8765116,1.7884617037653685,6.199999809265137,0.14000000059604645,1.3799999952316284,73.67651818729985,1.940633163827582,41,10.25,0.027419565293907787,4-16 px
MOZ,MZ0108,2026-08-20,2,1.2377461,0.755,0.0,6.6000004,193,238.885,1.2909884,1.2322959623161802,8.15000057220459,0.0,0.6949999332427979,234.8107545742717,1.3231686625521502,191,48.25,0.004403275989978765,16-64 px
MOZ,MZ0109,2026-08-20,2,0.9660377,0.42000002,0.0,5.0249996,53,51.199997,1.3218545,0.9929495662707043,6.199999809265137,0.0,0.42000001668930054,52.542852251288664,1.3156552034626696,53,13.25,0.027857987603076256,4-16 px
MOZ,MZ0110,2026-08-20,2,2.3119564,1.545,0.0,7.2700005,115,265.875,2.085189,2.3088572146879254,7.270000457763672,0.0,1.5449999570846558,265.7291646783281,2.0971392669807716,115,28.75,0.0013405033555454414,16-64 px
MOZ,MZ0111,2026-08-20,2,0.5213527,0.13499999,0.0,3.915,584,304.47,0.8012674,0.5345411992903839,5.999999523162842,0.0,0.14000000059604645,316.729896162291,0.8170038524859481,593,146.0,0.025296693179845245,>64 px
MOZ,MZ0112,2026-08-20,2,0.5877897,0.43,0.0,3.52,371,218.06999,0.63618064,0.5862213933739401,3.5199999809265137,0.0,0.4300000071525574,218.19429768438343,0.6336005801651143,372,92.75,0.002668142408857947,>64 px
MOZ,MZ0113,2026-08-20,2,3.2069852,3.005,0.375,7.2700005,68,218.075,1.8111101,3.129776775882084,7.270000457763672,0.375,3.005000114440918,217.65975926141542,1.7732681430717718,70,17.0,0.02407507964736353,16-64 px
MOZ,MZ0114,2026-08-20,2,1.308005,1.115,0.0,3.9099998,198,258.985,1.0387455,1.316998494997966,5.999999523162842,0.0,1.1150000095367432,263.3128760073167,1.0552287393721964,200,49.5,0.006875734418420402,16-64 px
MOZ,MZ0115,2026-08-20,2,0.37572914,0.255,0.0,1.535,96,36.07,0.42370695,0.3907606004611008,1.7599999904632568,0.0,0.2549999952316284,38.37989672246834,0.4369611831438005,98,24.0,0.04000610775384833,16-64 px
MOZ,MZ0116,2026-08-20,2,0.004956522,0.0,0.0,0.43,115,0.57,0.04187713,0.0033485167158498405,0.7450000047683716,0.0,0.0,0.3901134823586483,0.035806401729880144,117,28.75,0.3244221016572022,16-64 px
MOZ,MZ0118,2026-08-20,2,2.7220314,2.1399999,0.035,8.150001,64,174.21,1.8945805,2.7056052229921947,8.15000057220459,0.03500000014901161,2.1399998664855957,190.66574192600558,1.959469618646066,70,16.0,0.006034528847758829,4-16 px
MOZ,MZ02,2026-08-20,1,0.0,0.0,0.0,0.0,2636,0.0,0.0,0.0,0.0,0.0,0.0,0.0,0.0,2662,659.0,,>64 px
MOZ,MZ0201,2026-08-20,2,0.0,0.0,0.0,0.0,62,0.0,0.0,0.0,0.0,0.0,0.0,0.0,0.0,60,15.5,,4-16 px
MOZ,MZ0202,2026-08-20,2,0.0,0.0,0.0,0.0,193,0.0,0.0,0.0,0.0,0.0,0.0,0.0,0.0,199,48.25,,16-64 px
MOZ,MZ0203,2026-08-20,2,0.0,0.0,0.0,0.0,397,0.0,0.0,0.0,0.0,0.0,0.0,0.0,0.0,401,99.25,,>64 px
MOZ,MZ0204,2026-08-20,2,0.0,0.0,0.0,0.0,351,0.0,0.0,0.0,0.0,0.0,0.0,0.0,0.0,357,87.75,,>64 px
MOZ,MZ0205,2026-08-20,2,0.0,0.0,0.0,0.0,86,0.0,0.0,0.0,0.0,0.0,0.0,0.0,0.0,87,21.5,,16-64 px
MOZ,MZ0206,2026-08-20,2,0.0,0.0,0.0,0.0,52,0.0,0.0,0.0,0.0,0.0,0.0,0.0,0.0,52,13.0,,4-16 px
MOZ,MZ0207,2026-08-20,2,0.0,0.0,0.0,0.0,5,0.0,0.0,0.0,0.0,0.0,0.0,0.0,0.0,5,1.25,,1-4 px
MOZ,MZ0208,2026-08-20,2,0.0,0.0,0.0,0.0,146,0.0,0.0,0.0,0.0,0.0,0.0,0.0,0.0,149,36.5,,16-64 px
MOZ,MZ0209,2026-08-20,2,0.0,0.0,0.0,0.0,58,0.0,0.0,0.0,0.0,0.0,0.0,0.0,0.0,59,14.5,,4-16 px
MOZ,MZ0210,2026-08-20,2,0.0,0.0,0.0,0.0,310,0.0,0.0,0.0,0.0,0.0,0.0,0.0,0.0,316,77.5,,>64 px
MOZ,MZ0211,2026-08-20,2,0.0,0.0,0.0,0.0,109,0.0,0.0,0.0,0.0,0.0,0.0,0.0,0.0,107,27.25,,16-64 px
MOZ,MZ0212,2026-08-20,2,0.0,0.0,0.0,0.0,407,0.0,0.0,0.0,0.0,0.0,0.0,0.0,0.0,408,101.75,,>64 px
MOZ,MZ0213,2026-08-20,2,0.0,0.0,0.0,0.0,265,0.0,0.0,0.0,0.0,0.0,0.0,0.0,0.0,263,66.25,,>64 px
MOZ,MZ0214,2026-08-20,2,0.0,0.0,0.0,0.0,196,0.0,0.0,0.0,0.0,0.0,0.0,0.0,0.0,202,49.0,,16-64 px
MOZ,MZ03,2026-08-20,1,0.0,0.0,0.0,0.0,2409,0.0,0.0,0.0,0.0,0.0,0.0,0.0,0.0,2420,602.25,,>64 px
MOZ,MZ0301,2026-08-20,2,0.0,0.0,0.0,0.0,9,0.0,0.0,0.0,0.0,0.0,0.0,0.0,0.0,7,2.25,,1-4 px
MOZ,MZ0302,2026-08-20,2,0.0,0.0,0.0,0.0,477,0.0,0.0,0.0,0.0,0.0,0.0,0.0,0.0,480,119.25,,>64 px
MOZ,MZ0303,2026-08-20,2,0.0,0.0,0.0,0.0,138,0.0,0.0,0.0,0.0,0.0,0.0,0.0,0.0,138,34.5,,16-64 px
MOZ,MZ0304,2026-08-20,2,0.0,0.0,0.0,0.0,71,0.0,0.0,0.0,0.0,0.0,0.0,0.0,0.0,68,17.75,,16-64 px
MOZ,MZ0305,2026-08-20,2,0.0,0.0,0.0,0.0,96,0.0,0.0,0.0,0.0,0.0,0.0,0.0,0.0,98,24.0,,16-64 px
MOZ,MZ0306,2026-08-20,2,0.0,0.0,0.0,0.0,162,0.0,0.0,0.0,0.0,0.0,0.0,0.0,0.0,166,40.5,,16-64 px
MOZ,MZ0307,2026-08-20,2,0.0,0.0,0.0,0.0,45,0.0,0.0,0.0,0.0,0.0,0.0,0.0,0.0,46,11.25,,4-16 px
MOZ,MZ0308,2026-08-20,2,0.0,0.0,0.0,0.0,531,0.0,0.0,0.0,0.0,0.0,0.0,0.0,0.0,536,132.75,,>64 px
MOZ,MZ0309,2026-08-20,2,0.0,0.0,0.0,0.0,258,0.0,0.0,0.0,0.0,0.0,0.0,0.0,0.0,261,64.5,,>64 px
MOZ,MZ0310,2026-08-20,2,0.0,0.0,0.0,0.0,9,0.0,0.0,0.0,0.0,0.0,0.0,0.0,0.0,9,2.25,,1-4 px
MOZ,MZ0311,2026-08-20,2,0.0,0.0,0.0,0.0,90,0.0,0.0,0.0,0.0,0.0,0.0,0.0,0.0,91,22.5,,16-64 px
MOZ,MZ0312,2026-08-20,2,0.0,0.0,0.0,0.0,247,0.0,0.0,0.0,0.0,0.0,0.0,0.0,0.0,243,61.75,,16-64 px
MOZ,MZ0313,2026-08-20,2,0.0,0.0,0.0,0.0,202,0.0,0.0,0.0,0.0,0.0,0.0,0.0,0.0,205,50.5,,16-64 px
MOZ,MZ0314,2026-08-20,2,0.0,0.0,0.0,0.0,73,0.0,0.0,0.0,0.0,0.0,0.0,0.0,0.0,72,18.25,,16-64 px
MOZ,MZ04,2026-08-20,1,0.0,0.0,0.0,0.0,2121,0.0,0.0,0.0,0.0,0.0,0.0,0.0,0.0,2140,530.25,,>64 px
MOZ,MZ0401,2026-08-20,2,0.0,0.0,0.0,0.0,195,0.0,0.0,0.0,0.0,0.0,0.0,0.0,0.0,197,48.75,,16-64 px
MOZ,MZ0402,2026-08-20,2,0.0,0.0,0.0,0.0,7,0.0,0.0,0.0,0.0,0.0,0.0,0.0,0.0,6,1.75,,1-4 px
MOZ,MZ0403,2026-08-20,2,0.0,0.0,0.0,0.0,88,0.0,0.0,0.0,0.0,0.0,0.0,0.0,0.0,92,22.0,,16-64 px
MOZ,MZ0404,2026-08-20,2,0.0,0.0,0.0,0.0,232,0.0,0.0,0.0,0.0,0.0,0.0,0.0,0.0,235,58.0,,16-64 px
MOZ,MZ0405,2026-08-20,2,0.0,0.0,0.0,0.0,63,0.0,0.0,0.0,0.0,0.0,0.0,0.0,0.0,61,15.75,,4-16 px
MOZ,MZ0406,2026-08-20,2,0.0,0.0,0.0,0.0,460,0.0,0.0,0.0,0.0,0.0,0.0,0.0,0.0,462,115.0,,>64 px
MOZ,MZ0407,2026-08-20,2,0.0,0.0,0.0,0.0,323,0.0,0.0,0.0,0.0,0.0,0.0,0.0,0.0,326,80.75,,>64 px
MOZ,MZ0408,2026-08-20,2,0.0,0.0,0.0,0.0,88,0.0,0.0,0.0,0.0,0.0,0.0,0.0,0.0,87,22.0,,16-64 px
MOZ,MZ0409,2026-08-20,2,0.0,0.0,0.0,0.0,174,0.0,0.0,0.0,0.0,0.0,0.0,0.0,0.0,174,43.5,,16-64 px
MOZ,MZ0410,2026-08-20,2,0.0,0.0,0.0,0.0,239,0.0,0.0,0.0,0.0,0.0,0.0,0.0,0.0,245,59.75,,16-64 px
MOZ,MZ0411,2026-08-20,2,0.0,0.0,0.0,0.0,146,0.0,0.0,0.0,0.0,0.0,0.0,0.0,0.0,145,36.5,,16-64 px
MOZ,MZ0412,2026-08-20,2,0.0,0.0,0.0,0.0,106,0.0,0.0,0.0,0.0,0.0,0.0,0.0,0.0,108,26.5,,16-64 px
MOZ,MZ05,2026-08-20,1,0.0,0.0,0.0,0.0,823,0.0,0.0,0.0,0.0,0.0,0.0,0.0,0.0,836,205.75,,>64 px
MOZ,MZ0501,2026-08-20,2,0.0,0.0,0.0,0.0,30,0.0,0.0,0.0,0.0,0.0,0.0,0.0,0.0,29,7.5,,4-16 px
MOZ,MZ0502,2026-08-20,2,0.0,0.0,0.0,0.0,13,0.0,0.0,0.0,0.0,0.0,0.0,0.0,0.0,13,3.25,,1-4 px
MOZ,MZ0503,2026-08-20,2,0.0,0.0,0.0,0.0,246,0.0,0.0,0.0,0.0,0.0,0.0,0.0,0.0,249,61.5,,16-64 px
MOZ,MZ0504,2026-08-20,2,0.0,0.0,0.0,0.0,84,0.0,0.0,0.0,0.0,0.0,0.0,0.0,0.0,85,21.0,,16-64 px
MOZ,MZ0505,2026-08-20,2,0.0,0.0,0.0,0.0,25,0.0,0.0,0.0,0.0,0.0,0.0,0.0,0.0,25,6.25,,4-16 px
MOZ,MZ0506,2026-08-20,2,0.0,0.0,0.0,0.0,185,0.0,0.0,0.0,0.0,0.0,0.0,0.0,0.0,193,46.25,,16-64 px
MOZ,MZ0507,2026-08-20,2,0.0,0.0,0.0,0.0,167,0.0,0.0,0.0,0.0,0.0,0.0,0.0,0.0,164,41.75,,16-64 px
MOZ,MZ0508,2026-08-20,2,0.0,0.0,0.0,0.0,73,0.0,0.0,0.0,0.0,0.0,0.0,0.0,0.0,78,18.25,,16-64 px
MOZ,MZ06,2026-08-20,1,0.0,0.0,0.0,0.0,13,0.0,0.0,0.0,0.0,0.0,0.0,0.0,0.0,13,3.25,,1-4 px
MOZ,MZ0601,2026-08-20,2,0.0,0.0,0.0,0.0,13,0.0,0.0,0.0,0.0,0.0,0.0,0.0,0.0,13,3.25,,1-4 px
MOZ,MZ07,2026-08-20,1,3.4794025,1.335,0.0,36.245,2603,9056.885,5.252821,3.4880106789538674,36.244998931884766,0.0,1.3249999284744263,9164.270019766614,5.300261524976973,2627,650.75,0.0024740394231099884,>64 px
MOZ,MZ0701,2026-08-20,2,0.021782178,0.0,0.0,0.11,101,2.2,0.031058744,0.023231469765246843,0.13999998569488525,0.0,0.0,2.3693200620362855,0.03273577953835296,102,25.25,0.06653566806987087,16-64 px
MOZ,MZ0702,2026-08-20,2,6.2883334,6.4049997,3.975,9.589999,12,75.46,1.6281103,6.577557135467117,14.735000610351562,3.9749999046325684,6.404999732971191,73.00923703826282,1.6408436077921789,11,3.0,0.045993702475622115,1-4 px
MOZ,MZ0703,2026-08-20,2,3.4791977,1.99,0.0,11.805,187,650.61,3.436945,3.5808052053649404,11.805000305175781,0.0,2.0250000953674316,682.8938383628049,3.4800206837914236,191,46.75,0.02920429194493333,16-64 px
MOZ,MZ0704,2026-08-20,2,0.04,0.0,0.0,0.12,6,0.24,0.05656854,0.05506227909540665,0.35999998450279236,0.0,0.0,0.3354718433350886,0.069348375910882,6,1.5,0.37655697738516614,1-4 px
MOZ,MZ0705,2026-08-20,2,1.1462914,0.60499996,0.0,8.1449995,151,173.09,1.628062,1.1262182897601398,8.144999504089355,0.0,0.6049999594688416,171.10851836762026,1.5635610208483997,152,37.75,0.017511350290039807,16-64 px
MOZ,MZ0706,2026-08-20,2,0.06761905,0.044999998,0.0,0.375,63,4.2599998,0.094846815,0.06034038227373352,0.375,0.0,0.044999998062849045,3.7646435556356526,0.08660810557678915,62,15.75,0.10764226540104423,4-16 px
MOZ,MZ0707,2026-08-20,2,0.2914583,0.074999996,0.0,3.58,72,20.984999,0.71139604,0.25295973975267466,3.5799999237060547,0.0,0.05999999865889549,18.0929569195731,0.6515077025974791,72,18.0,0.13208942839275925,16-64 px
MOZ,MZ0708,2026-08-20,2,0.49331683,0.40500003,0.0,1.9549999,202,99.65,0.36566213,0.4916500735807879,2.9049999713897705,0.0,0.4050000309944153,99.93756684892868,0.37993535652192484,203,50.5,0.0033786733349683226,16-64 px
MOZ,MZ0709,2026-08-20,2,4.062254,3.3174996,0.074999996,14.744999,122,495.595,2.6123717,3.914743000316439,14.744998931884766,0.05999999865889549,3.299999713897705,484.49415184885345,2.6052755016836575,124,30.5,0.03631259878962795,16-64 px
MOZ,MZ0710,2026-08-20,2,3.6277003,2.7200003,0.0,13.984999,237,859.76495,3.2059171,3.7281995035146105,13.98499870300293,0.0,2.7300002574920654,898.846324096959,3.216992625302533,241,59.25,0.027703281749765992,16-64 px
MOZ,MZ0711,2026-08-20,2,2.4495332,1.7249999,0.074999996,9.940001,150,367.43,2.2418551,2.5883052566007194,9.940000534057617,0.0,1.8199999332427979,385.3626503215721,2.3205708235118423,149,37.5,0.05665244978133775,16-64 px
MOZ,MZ0712,2026-08-20,2,1.7564,1.39,0.0,6.325,75,131.73,1.7176334,1.577175500332596,6.625,0.0,1.3249999284744263,121.26434558276975,1.6495083399283135,77,18.75,0.1020408219468253,16-64 px
MOZ,MZ0713,2026-08-20,2,3.0213206,0.13,0.0,20.859999,159,480.38998,5.432114,2.615876155883223,25.31999969482422,0.0,0.12999999523162842,415.646121518081,4.857193571167454,159,39.75,0.13419444600376976,16-64 px
MOZ,MZ0714,2026-08-20,2,0.18499999,0.074999996,0.0,0.94,128,23.679998,0.25597394,0.20442170298143292,1.0799999237060547,0.0,0.08499999344348907,27.04357702114968,0.2785118983848923,132,32.0,0.10498223800678537,16-64 px
MOZ,MZ0715,2026-08-20,2,2.4518917,2.3349998,0.3,5.505,111,272.15997,1.4879034,2.4652800024688872,5.860000133514404,0.1899999976158142,2.3349997997283936,290.99802917069746,1.497978430245678,118,27.75,0.005460397157381472,16-64 px
MOZ,MZ0716,2026-08-20,2,0.69785714,0.525,0.0,2.55,112,78.159996,0.7023146,0.6586435030716709,2.940000057220459,0.0,0.5249999761581421,74.86421988103794,0.6794632703523976,114,28.0,0.056191496340252584,16-64 px
MOZ,MZ0717,2026-08-20,2,4.04223,3.1149998,0.185,11.2699995,139,561.87,3.2772398,3.9712569428806384,15.029997825622559,0.1850000023841858,3.114999771118164,547.3383112901706,3.2145501842558084,138,34.75,0.017557896784537654,16-64 px
MOZ,MZ0718,2026-08-20,2,19.335049,21.769999,1.535,36.245,102,1972.1749,9.587833,19.41031125473253,36.244998931884766,1.534999966621399,21.76999855041504,2021.9407553301473,9.69320766006281,104,25.5,0.0038925298163210646,16-64 px
MOZ,MZ0719,2026-08-20,2,0.24000001,0.055,0.0,0.66,9,2.16,0.2975642,0.308065608674788,1.159999966621399,0.0,0.054999999701976776,3.2968455957354976,0.37417486366281494,11,2.25,0.28360664932800617,1-4 px
MOZ,MZ0720,2026-08-20,2,1.0134524,0.3475,0.0,3.4800003,42,42.565002,1.1893238,0.9588065569826006,4.259999752044678,0.0,0.30000001192092896,36.44574362897857,1.1748217238319152,38,10.5,0.053920483110404975,4-16 px
MOZ,MZ0721,2026-08-20,2,8.462228,8.8225,1.37,15.029998,92,778.52496,3.4069657,8.40075005646582,15.029997825622559,1.3700000047683716,8.614999771118164,764.0435148885248,3.491594725374931,91,23.0,0.007264983114869842,16-64 px
MOZ,MZ0722,2026-08-20,2,9.105333,8.609999,2.105,20.859999,120,1092.64,4.289093,9.44631332659411,20.85999870300293,2.1050000190734863,8.77500057220459,1163.3338256704974,4.679140061000028,123,30.0,0.03744841914009186,16-64 px
MOZ,MZ0723,2026-08-20,2,4.1305447,2.3249998,0.089999996,30.075,211,871.545,4.9464965,4.179584984642889,30.075000762939453,0.08999999612569809,2.3249998092651367,877.8400531193191,5.121759622483599,210,52.75,0.011872595070303792,16-64 px
MOZ,MZ08,2026-08-20,1,0.33478296,0.0,0.0,5.1549997,4285,1434.5449,0.77643454,0.33077654236904674,5.154999732971191,0.0,0.0,1427.1412254470233,0.7727593808409328,4315,1071.25,0.011967208937256764,>64 px
MOZ,MZ0801,2026-08-20,2,0.010865921,0.0,0.0,0.56,179,1.9449999,0.051920693,0.00849559563155681,0.5600000023841858,0.0,0.0,1.5363232605303758,0.04288626289686826,181,44.75,0.21814307028766272,16-64 px
MOZ,MZ0802,2026-08-20,2,0.0,0.0,0.0,0.0,10,0.0,0.0,0.0,0.0,0.0,0.0,0.0,0.0,9,2.5,,1-4 px
MOZ,MZ0803,2026-08-20,2,1.8710496,1.8849998,0.0,4.25,181,338.66,1.2859623,1.8237906373364652,4.25,0.0,1.8849997520446777,327.2113714517933,1.3032388824009538,179,45.25,0.02525799565310022,16-64 px
MOZ,MZ0804,2026-08-20,2,,,,,0,0.0,,0.0,0.0,0.0,0.0,0.0,0.0,1,0.0,,
MOZ,MZ0805,2026-08-20,2,,,,,0,0.0,,0.0,0.0,0.0,0.0,0.0,0.0,0,0.0,,
MOZ,MZ0806,2026-08-20,2,0.0,0.0,0.0,0.0,216,0.0,0.0,0.0,0.0,0.0,0.0,0.0,0.0,218,54.0,,16-64 px
MOZ,MZ0807,2026-08-20,2,0.0,0.0,0.0,0.0,237,0.0,0.0,0.0,0.0,0.0,0.0,0.0,0.0,231,59.25,,16-64 px
MOZ,MZ0808,2026-08-20,2,0.45649594,0.06,0.0,5.1549997,371,169.36,0.9083528,0.45153005151312087,5.154999732971191,0.0,0.05999999865889549,170.23750898833907,0.9023061999063617,377,92.75,0.010878275252303716,>64 px
MOZ,MZ0809,2026-08-20,2,0.22759615,0.0,0.0,4.25,156,35.505,0.6665827,0.19572803840092143,4.25,0.0,0.0,30.68313075765326,0.5849600295837216,157,39.0,0.140020433557767,16-64 px
MOZ,MZ0810,2026-08-20,2,0.3426211,0.085,0.0,5.1299996,578,198.03499,0.5986945,0.3582813416828611,5.12999963760376,0.0,0.08500000089406967,208.45776989870544,0.6459537733976511,582,144.5,0.04570717239207119,>64 px
MOZ,MZ0811,2026-08-20,2,0.76338285,0.29999998,0.0,5.1299996,269,205.34999,1.088563,0.7149234219116426,5.12999963760376,0.0,0.23999997973442078,192.43466494724,1.0416156736216533,269,67.25,0.06347984905392799,>64 px
MOZ,MZ0812,2026-08-20,2,0.0039705886,0.0,0.0,0.64,306,1.215,0.049023163,0.005723733979810442,0.6399999856948853,0.0,0.0,1.748925856011233,0.05844379623977363,306,76.5,0.4415328699151662,>64 px
MOZ,MZ0813,2026-08-20,2,0.2108631,0.0,0.0,1.72,168,35.425,0.38794905,0.19225621287060604,4.4200005531311035,0.0,0.0,32.38316310024788,0.3571452942889671,168,42.0,0.08824155164841054,16-64 px
MOZ,MZ0814,2026-08-20,2,0.15313874,0.0,0.0,4.555,591,90.505,0.49743316,0.15088726430164803,4.554999828338623,0.0,0.0,90.24434823468361,0.4948381306920845,598,147.75,0.014702195527741461,>64 px
MOZ,MZ0815,2026-08-20,2,1.3027778,0.825,0.0,3.9900002,162,211.05,1.1450673,1.3995484070821393,4.25,0.0,0.8849999904632568,227.90915582819113,1.1579405099652271,163,40.5,0.07428020885997538,16-64 px
MOZ,MZ0816,2026-08-20,2,0.06921052,0.0,0.0,0.64,190,13.15,0.14575812,0.06259661036780623,0.6399999856948853,0.0,0.0,12.096063776869167,0.1364383090661024,193,47.5,0.09556220112482569,16-64 px
MOZ,MZ0817,2026-08-20,2,0.0355,0.0,0.0,0.36,100,3.55,0.081582785,0.031272482000594945,0.36000001430511475,0.0,0.0,3.1425270046684095,0.07677893698903245,100,25.0,0.11908501406774795,16-64 px
MOZ,MZ0818,2026-08-20,2,0.8073765,0.53499997,0.0,3.565,162,130.795,0.88311845,0.7712849627504673,3.565000057220459,0.0,0.5299999713897705,129.056272535101,0.8657115613204066,167,40.5,0.044702238979624415,16-64 px
MOZ,MZ0819,2026-08-20,2,0.0,0.0,0.0,0.0,409,0.0,0.0,0.0,0.0,0.0,0.0,0.0,0.0,415,102.25,,>64 px
MOZ,MZ09,2026-08-20,1,0.0,0.0,0.0,0.0,2317,0.0,0.0,0.0,0.0,0.0,0.0,0.0,0.0,2326,579.25,,>64 px
MOZ,MZ0901,2026-08-20,2,0.0,0.0,0.0,0.0,253,0.0,0.0,0.0,0.0,0.0,0.0,0.0,0.0,250,63.25,,16-64 px
MOZ,MZ0902,2026-08-20,2,0.0,0.0,0.0,0.0,125,0.0,0.0,0.0,0.0,0.0,0.0,0.0,0.0,122,31.25,,16-64 px
MOZ,MZ0903,2026-08-20,2,0.0,0.0,0.0,0.0,132,0.0,0.0,0.0,0.0,0.0,0.0,0.0,0.0,135,33.0,,16-64 px
MOZ,MZ0904,2026-08-20,2,0.0,0.0,0.0,0.0,245,0.0,0.0,0.0,0.0,0.0,0.0,0.0,0.0,243,61.25,,16-64 px
MOZ,MZ0905,2026-08-20,2,0.0,0.0,0.0,0.0,243,0.0,0.0,0.0,0.0,0.0,0.0,0.0,0.0,242,60.75,,16-64 px
MOZ,MZ0906,2026-08-20,2,0.0,0.0,0.0,0.0,22,0.0,0.0,0.0,0.0,0.0,0.0,0.0,0.0,22,5.5,,4-16 px
MOZ,MZ0907,2026-08-20,2,0.0,0.0,0.0,0.0,78,0.0,0.0,0.0,0.0,0.0,0.0,0.0,0.0,79,19.5,,16-64 px
MOZ,MZ0908,2026-08-20,2,0.0,0.0,0.0,0.0,232,0.0,0.0,0.0,0.0,0.0,0.0,0.0,0.0,232,58.0,,16-64 px
MOZ,MZ0909,2026-08-20,2,0.0,0.0,0.0,0.0,195,0.0,0.0,0.0,0.0,0.0,0.0,0.0,0.0,199,48.75,,16-64 px
MOZ,MZ0910,2026-08-20,2,0.0,0.0,0.0,0.0,207,0.0,0.0,0.0,0.0,0.0,0.0,0.0,0.0,210,51.75,,16-64 px
MOZ,MZ0911,2026-08-20,2,0.0,0.0,0.0,0.0,193,0.0,0.0,0.0,0.0,0.0,0.0,0.0,0.0,197,48.25,,16-64 px
MOZ,MZ0912,2026-08-20,2,0.0,0.0,0.0,0.0,255,0.0,0.0,0.0,0.0,0.0,0.0,0.0,0.0,258,63.75,,16-64 px
MOZ,MZ0913,2026-08-20,2,0.0,0.0,0.0,0.0,137,0.0,0.0,0.0,0.0,0.0,0.0,0.0,0.0,138,34.25,,16-64 px
MOZ,MZ10,2026-08-20,1,0.002054022,0.0,0.0,0.31,3369,6.92,0.020462058,0.0020394244893125434,0.3100000023841858,0.0,0.0,6.919999714922613,0.020389948387561502,3393,842.25,0.007106793738069313,>64 px
MOZ,MZ1001,2026-08-20,2,0.0,0.0,0.0,0.0,108,0.0,0.0,0.0,0.0,0.0,0.0,0.0,0.0,109,27.0,,16-64 px
MOZ,MZ1002,2026-08-20,2,0.021291947,0.0,0.0,0.31,298,6.345,0.06477575,0.021714683334096995,0.3100000023841858,0.0,0.0,6.488756579106166,0.06491549893412672,299,74.5,0.019854282658931875,>64 px
MOZ,MZ1003,2026-08-20,2,0.00026699028,0.0,0.0,0.03,206,0.055,0.002707698,0.0003095081724750519,0.10500000417232513,0.0,0.0,0.06445255258025742,0.003814181145204795,208,51.5,0.15924884035123626,16-64 px
MOZ,MZ1004,2026-08-20,2,0.0,0.0,0.0,0.0,316,0.0,0.0,0.0,0.0,0.0,0.0,0.0,0.0,316,79.0,,>64 px
MOZ,MZ1005,2026-08-20,2,0.0,0.0,0.0,0.0,240,0.0,0.0,0.0,0.0,0.0,0.0,0.0,0.0,240,60.0,,16-64 px
MOZ,MZ1006,2026-08-20,2,0.0,0.0,0.0,0.0,12,0.0,0.0,0.0,0.0,0.0,0.0,0.0,0.0,10,3.0,,1-4 px
MOZ,MZ1007,2026-08-20,2,0.0,0.0,0.0,0.0,122,0.0,0.0,0.0,0.0,0.0,0.0,0.0,0.0,123,30.5,,16-64 px
MOZ,MZ1008,2026-08-20,2,0.0,0.0,0.0,0.0,237,0.0,0.0,0.0,0.0,0.0,0.0,0.0,0.0,242,59.25,,16-64 px
MOZ,MZ1009,2026-08-20,2,0.0,0.0,0.0,0.0,294,0.0,0.0,0.0,0.0,0.0,0.0,0.0,0.0,289,73.5,,>64 px
MOZ,MZ1010,2026-08-20,2,0.005164835,0.0,0.0,0.105000004,91,0.47,0.019364215,0.0032217217220639844,0.10500000417232513,0.0,0.0,0.29557661375150696,0.01434811896956612,92,22.75,0.3762198168839887,16-64 px
MOZ,MZ1011,2026-08-20,2,9.02527e-05,0.0,0.0,0.024999999,554,0.049999997,0.0014993905,0.00012677398449805198,0.02499999850988388,0.0,0.0,0.07121397186886826,0.0017757471048541315,562,138.5,0.4046558662295088,>64 px
MOZ,MZ1012,2026-08-20,2,0.0,0.0,0.0,0.0,281,0.0,0.0,0.0,0.0,0.0,0.0,0.0,0.0,285,70.25,,>64 px
MOZ,MZ1013,2026-08-20,2,0.0,0.0,0.0,0.0,92,0.0,0.0,0.0,0.0,0.0,0.0,0.0,0.0,93,23.0,,16-64 px
MOZ,MZ1014,2026-08-20,2,0.0,0.0,0.0,0.0,120,0.0,0.0,0.0,0.0,0.0,0.0,0.0,0.0,123,30.0,,16-64 px
MOZ,MZ1015,2026-08-20,2,0.0,0.0,0.0,0.0,398,0.0,0.0,0.0,0.0,0.0,0.0,0.0,0.0,404,99.5,,>64 px
MOZ,MZ11,2026-08-20,1,0.67423123,0.0,0.0,34.844997,3460,2332.84,2.403799,0.635679368717101,34.84499740600586,0.0,0.0,2220.1247363361963,2.2514421020150572,3493,865.0,0.057178990778725874,>64 px
MOZ,MZ1101,2026-08-20,2,0.73785377,0.48499998,0.0,3.81,212,156.42499,0.7787076,0.6804962058175089,3.809999942779541,0.0,0.4049999713897705,145.45843942534856,0.7204580925891337,214,53.0,0.07773567949987036,16-64 px
MOZ,MZ1102,2026-08-20,2,0.0,0.0,0.0,0.0,102,0.0,0.0,0.0,0.0,0.0,0.0,0.0,0.0,107,25.5,,16-64 px
MOZ,MZ1103,2026-08-20,2,0.0,0.0,0.0,0.0,4,0.0,0.0,0.0,0.0,0.0,0.0,0.0,0.0,4,1.0,,<1 px
MOZ,MZ1104,2026-08-20,2,0.0,0.0,0.0,0.0,165,0.0,0.0,0.0,0.0,0.0,0.0,0.0,0.0,161,41.25,,16-64 px
MOZ,MZ1105,2026-08-20,2,4.350362,1.89,0.0,34.844997,304,1322.51,6.71873,4.072208340595818,34.84499740600586,0.0,1.8899999856948853,1234.1531660753271,6.307976807502128,303,76.0,0.0639380491564108,>64 px
MOZ,MZ1106,2026-08-20,2,1.3258871,1.115,0.0,4.0299997,186,246.61499,0.9180842,1.3160121493476113,4.029999732971191,0.0,1.1150000095367432,250.04071712077786,0.9166282442699799,190,46.5,0.007447806568439158,16-64 px
MOZ,MZ1107,2026-08-20,2,0.88879997,0.5,0.0,4.185,100,88.88,0.986346,0.9091545818363385,4.184999942779541,0.0,0.5249999761581421,90.07107168257639,0.9490081681173905,99,25.0,0.022901229211718433,16-64 px
MOZ,MZ1108,2026-08-20,2,0.0,0.0,0.0,0.0,23,0.0,0.0,0.0,0.0,0.0,0.0,0.0,0.0,26,5.75,,4-16 px
MOZ,MZ1109,2026-08-20,2,0.0,0.0,0.0,0.0,40,0.0,0.0,0.0,0.0,0.0,0.0,0.0,0.0,38,10.0,,4-16 px
MOZ,MZ1110,2026-08-20,2,0.23147619,0.0,0.0,2.0249999,210,48.61,0.43017268,0.19994826860392706,2.0249998569488525,0.0,0.0,41.439254600670104,0.39124194926513267,207,52.5,0.13620373393942997,16-64 px
MOZ,MZ1111,2026-08-20,2,0.0,0.0,0.0,0.0,98,0.0,0.0,0.0,0.0,0.0,0.0,0.0,0.0,98,24.5,,16-64 px
MOZ,MZ1112,2026-08-20,2,0.0,0.0,0.0,0.0,21,0.0,0.0,0.0,0.0,0.0,0.0,0.0,0.0,21,5.25,,4-16 px
MOZ,MZ1113,2026-08-20,2,0.0034054054,0.0,0.0,0.21000001,185,0.63,0.026524298,0.0010262810030020407,0.21000000834465027,0.0,0.0,0.19104721654383358,0.014641994030839732,186,46.25,0.698631768481356,16-64 px
MOZ,MZ1114,2026-08-20,2,0.10127986,0.0,0.0,0.90500003,293,29.675,0.23761073,0.09383436059720841,1.15500009059906,0.0,0.0,27.918353592297926,0.22997804415768167,298,73.25,0.0735141162595563,>64 px
MOZ,MZ1115,2026-08-20,2,0.21651234,0.0,0.0,3.1149998,162,35.075,0.5543863,0.1507794135070456,3.114999771118164,0.0,0.0,24.3625941327191,0.44510654331363775,162,40.5,0.303598984210112,16-64 px
MOZ,MZ1116,2026-08-20,2,0.12852111,0.0,0.0,1.215,142,18.25,0.2494316,0.11515253820246037,1.215000033378601,0.0,0.0,16.772193688679213,0.22815312449700487,146,35.5,0.10401849001724019,16-64 px
MOZ,MZ1117,2026-08-20,2,0.0,0.0,0.0,0.0,251,0.0,0.0,0.0,0.0,0.0,0.0,0.0,0.0,261,62.75,,16-64 px
MOZ,MZ1118,2026-08-20,2,0.0,0.0,0.0,0.0,273,0.0,0.0,0.0,0.0,0.0,0.0,0.0,0.0,273,68.25,,>64 px
MOZ,MZ1119,2026-08-20,2,0.69458824,0.55999994,0.0,4.185,85,59.04,0.7536137,0.7524382750767785,4.184999942779541,0.0,0.5799999833106995,68.76158700219919,0.8174950561246354,91,21.25,0.0832868046783783,16-64 px
MOZ,MZ1120,2026-08-20,2,0.0,0.0,0.0,0.0,68,0.0,0.0,0.0,0.0,0.0,0.0,0.0,0.0,69,17.0,,16-64 px
MOZ,MZ1121,2026-08-20,2,0.5877228,0.29999998,0.0,2.0249999,101,59.36,0.71730465,0.558122117105481,2.0249998569488525,0.0,0.29999998211860657,57.65205342102571,0.6974311035419392,103,25.25,0.0503650409589674,16-64 px
MOZ,MZ1122,2026-08-20,2,0.0,0.0,0.0,0.0,95,0.0,0.0,0.0,0.0,0.0,0.0,0.0,0.0,94,23.75,,16-64 px
MOZ,MZ1123,2026-08-20,2,0.789882,0.049999997,0.0,7.569999,339,267.77,1.3945103,0.7690239811452624,7.5699992179870605,0.0,0.019999999552965164,263.30425789882094,1.387173648106584,342,84.75,0.026406499774317672,>64 px
NGA,NG,2026-08-20,0,4.485997,1.2599999,0.0,51.14,29710,133278.97,6.6611233,4.505689355419964,51.13999938964844,0.0,1.2849998474121094,135147.50521379604,6.670484052841345,29995,7427.5,0.00438973887409281,>64 px
NGA,NG001,2026-08-20,1,0.4970679,0.46499997,0.0,1.8,162,80.525,0.4600569,0.49773708905406455,2.484999895095825,0.0,0.4649999737739563,78.94964316409732,0.47285856653609176,159,40.5,0.0013462729217970928,16-64 px
NGA,NG001001,2026-08-20,2,,,,,0,0.0,,0.08005132551267317,0.1849999874830246,0.0,0.09499998390674591,0.04879675685480726,0.0358487469096429,1,0.0,,
NGA,NG001002,2026-08-20,2,0.0,0.0,0.0,0.0,1,0.0,0.0,0.014460168959151271,0.09499998390674591,0.0,0.0,0.020424142574079547,0.03412651948384124,1,0.25,,<1 px
NGA,NG001003,2026-08-20,2,0.75138885,0.67249995,0.13499999,1.8,18,13.525,0.5356533,0.5999133690465067,1.7999999523162842,0.13499999046325684,0.4649999737739563,10.209724927828747,0.41798878759615876,17,4.5,0.20159399617587256,4-16 px
NGA,NG001004,2026-08-20,2,0.65694445,0.54249996,0.13499999,1.8,18,11.825,0.4919749,0.6898753773090345,1.7999999523162842,0.13499999046325684,0.5549999475479126,13.938960441999019,0.5211783254746183,20,4.5,0.05012741535305529,4-16 px
NGA,NG001005,2026-08-20,2,0.50799996,0.5199999,0.46499997,0.54499996,10,5.0799994,0.036276706,0.5477931455149702,1.7999999523162842,0.4649999737739563,0.5299999713897705,4.977066754109465,0.19754944356076146,9,2.5,0.07833304852025998,1-4 px
NGA,NG001006,2026-08-20,2,0.15249999,0.17,0.094999984,0.195,10,1.525,0.04075844,0.16364884884984085,0.4649999737739563,0.09499998390674591,0.1849999874830246,1.5142333803610017,0.04186413842626154,9,2.5,0.07310727594041709,1-4 px
NGA,NG001007,2026-08-20,2,0.4688889,0.195,0.18,0.84000003,9,4.2200003,0.3165419,0.4872938394758709,0.8400000333786011,0.1550000011920929,0.4649999737739563,4.40588542497794,0.2958814948248821,9,2.25,0.03925223965820242,1-4 px
NGA,NG001008,2026-08-20,2,0.56392854,0.59499997,0.32500002,0.7299999,14,7.895,0.14393918,0.5898196328535247,1.5899999141693115,0.32500001788139343,0.5949999690055847,7.3692760061076,0.2169408773003975,12,3.5,0.04591201015207466,1-4 px
NGA,NG001009,2026-08-20,2,0.1275,0.17,0.024999999,0.18499999,12,1.5299999,0.06722164,0.12916303300259843,0.4649999737739563,0.0,0.1849999874830246,1.7020569176154938,0.07106874966706588,13,3.0,0.013043396098811213,1-4 px
NGA,NG001010,2026-08-20,2,0.4846428,0.49749994,0.13499999,0.76999986,14,6.784999,0.19784969,0.5310220871822391,0.9399999380111694,0.13499999046325684,0.5299999117851257,7.6310290440757305,0.22477169043589487,14,3.5,0.09569787724534257,1-4 px
NGA,NG001011,2026-08-20,2,0.102499984,0.094999984,0.094999984,0.14,6,0.6149999,0.016770516,0.09492893548411875,0.14000000059604645,0.0,0.09499998390674591,0.5412392663228848,0.021093708359540997,6,1.5,0.07386389948979163,1-4 px
NGA,NG001012,2026-08-20,2,0.0019999999,0.0,0.0,0.01,5,0.01,0.0039999997,0.002154428680208003,0.02499999850988388,0.0,0.0,0.008854133037318428,0.006428183457631065,4,1.25,0.07721439396472124,1-4 px
NGA,NG001013,2026-08-20,2,0.0027777776,0.0,0.0,0.024999999,9,0.024999999,0.007856742,0.0026060909238298157,0.034999996423721313,0.0,0.0,0.024042025344500242,0.008120371901309808,9,2.25,0.06180720737692765,1-4 px
NGA,NG001014,2026-08-20,2,0.007999999,0.01,0.0,0.015,10,0.08,0.0055677644,0.00756472850825004,0.09499998390674591,0.0,0.009999999776482582,0.06842811679326995,0.0055489885907693375,9,2.5,0.05440881826984738,1-4 px
NGA,NG001015,2026-08-20,2,0.94625,0.8500001,0.56,1.6700001,8,7.57,0.43631807,1.0502029450458492,1.6700000762939453,0.32500001788139343,0.8500000834465027,7.799863253475837,0.49490801749417945,7,2.0,0.1098578018978591,1-4 px
NGA,NG001016,2026-08-20,2,0.82500005,0.82250005,0.80500007,0.8500001,4,3.3000002,0.020310095,0.7875613737436262,1.6700000762939453,0.5449999570846558,0.8050000667572021,3.4772937316229986,0.1359632529002004,4,1.0,0.045380210893773594,<1 px
NGA,NG001017,2026-08-20,2,1.1814286,1.13,0.81000006,1.5899999,14,16.539999,0.30389977,1.2651116262592315,2.484999895095825,0.8100000619888306,1.2999999523162842,15.212469076538557,0.42169407707258477,12,3.5,0.07083206404452322,1-4 px
NGA,NG002,2026-08-20,1,8.824778,5.6249995,0.105000004,36.409996,1236,10907.425,8.254793,8.850817051609903,36.409996032714844,0.10500000417232513,5.7049994468688965,11021.060252878033,8.270673621952007,1245,309.0,0.0029506749756087846,>64 px
NGA,NG002001,2026-08-20,2,1.0769811,1.065,0.34,3.0949998,53,57.079998,0.5587776,1.0247736218049528,3.25,0.3400000035762787,1.065000057220459,52.906223825434125,0.497214039026119,52,13.25,0.04847576080494563,4-16 px
NGA,NG002002,2026-08-20,2,15.653562,10.724999,1.81,36.409996,153,2394.9949,10.759441,16.00667466818367,36.409996032714844,1.809999942779541,11.164999961853027,2491.629830965671,10.731662643138122,156,38.25,0.022557975506384397,16-64 px
NGA,NG002003,2026-08-20,2,16.47824,16.275002,9.434998,23.305,71,1169.955,3.1117122,16.37800646101076,23.30500030517578,8.904997825622559,16.275001525878906,1126.7561737185783,3.002434006423899,69,17.75,0.006082781837698695,16-64 px
NGA,NG002004,2026-08-20,2,1.5111268,1.77,0.105000004,3.0500002,71,107.28999,0.8769518,1.5847019613351956,3.0799999237060547,0.10500000417232513,1.7699999809265137,113.1562488859405,0.8727354333920329,71,17.75,0.04868893949547821,16-64 px
NGA,NG002005,2026-08-20,2,2.2586842,1.6449999,1.1999999,7.949999,38,85.829994,1.4797503,2.5365594275573273,9.360000610351562,1.1200000047683716,1.6449998617172241,99.68446628352513,1.8068549462285368,39,9.5,0.12302526734694808,4-16 px
NGA,NG002006,2026-08-20,2,8.235001,7.925001,2.84,13.209999,23,189.405,3.284747,8.165218246093485,13.209999084472656,2.015000104904175,7.92500114440918,185.3019459355874,3.5209344277854666,23,5.75,0.008473921728305302,4-16 px
NGA,NG002007,2026-08-20,2,3.2338371,3.2599998,0.57,7.5200005,86,278.11,1.5843624,3.1822443116015986,7.520000457763672,0.13499999046325684,3.125,279.5113834527102,1.6504763561897084,88,21.5,0.015954046788071524,16-64 px
NGA,NG002008,2026-08-20,2,20.879412,21.005001,8.904998,35.344997,85,1774.75,7.081912,20.59659260549202,35.34499740600586,8.904997825622559,21.005001068115234,1762.0035405145168,7.3646060620162075,86,21.25,0.013545371608548087,16-64 px
NGA,NG002009,2026-08-20,2,1.7926389,1.2649999,0.55499995,4.2000003,36,64.535,1.1572955,1.700454326585328,11.300000190734863,0.5549999475479126,1.0099999904632568,61.944865065720215,1.2029656835392366,36,9.0,0.051423950141142205,4-16 px
NGA,NG002010,2026-08-20,2,5.1031995,5.785,1.425,6.3899994,25,127.579994,1.5159774,4.97569089525005,6.55000114440918,1.4249999523162842,5.784999847412109,136.6835064895133,1.7189910562973554,27,6.25,0.024986012157657056,4-16 px
NGA,NG002011,2026-08-20,2,9.88087,9.97,3.5550005,17.295,46,454.52,4.1549044,10.162838786645477,17.295000076293945,1.4700000286102295,9.970000267028809,454.52552399954016,3.9791091110142736,45,11.5,0.028536838015830263,4-16 px
NGA,NG002012,2026-08-20,2,6.5459557,6.715,0.34,15.6,68,445.125,4.78385,6.2665092258002595,19.304996490478516,0.3400000035762787,4.735000133514404,434.6743545746282,4.64246748934786,69,17.0,0.04268994276874512,16-64 px
NGA,NG002013,2026-08-20,2,3.2917242,3.9649997,0.55499995,6.550001,29,95.46,1.9383452,3.1732571532792884,6.55000114440918,0.5549999475479126,3.9649996757507324,85.00017297300656,1.8354074684784796,27,7.25,0.03598935983783563,4-16 px
NGA,NG002014,2026-08-20,2,4.283043,4.5099998,2.2,6.414999,23,98.509995,1.3619163,4.158431128349847,6.414999008178711,0.8799998760223389,4.119999885559082,103.45851968038431,1.308665464244136,25,5.75,0.02909423782347101,4-16 px
NGA,NG002015,2026-08-20,2,3.2700002,3.48,1.47,4.5099998,15,49.050003,0.65591407,3.3367580265380528,5.269999980926514,1.4700000286102295,3.4800000190734863,55.36037806032351,0.7060511295309024,17,3.75,0.020415236224772287,1-4 px
NGA,NG002016,2026-08-20,2,1.1646153,0.9549999,0.375,2.53,26,30.279999,0.59710985,1.1646324179853402,2.6700003147125244,0.3400000035762787,0.9299999475479126,32.00617403885267,0.6854586885973738,27,6.5,1.4698403275588322e-05,4-16 px
NGA,NG002017,2026-08-20,2,3.4110715,3.08,1.2499999,7.430001,42,143.265,1.9025787,3.6173402439349047,12.630000114440918,1.2499998807907104,3.130000114440918,143.80738589986117,1.9914814132521048,40,10.5,0.06047036655048272,4-16 px
NGA,NG002018,2026-08-20,2,3.1303358,2.2999997,0.735,10.070002,134,419.465,2.186621,3.1013211209232794,10.070001602172852,0.7350000143051147,2.3399999141693115,412.9199657797122,2.178212590225344,133,33.5,0.009268871114952181,16-64 px
NGA,NG002019,2026-08-20,2,14.983591,14.48,5.995,22.355001,181,2712.03,4.0319014,14.93276604631311,22.35500144958496,5.994999885559082,14.464998245239258,2732.3211536589506,4.000260297507093,183,45.25,0.00339204091241478,16-64 px
NGA,NG002020,2026-08-20,2,5.5666656,7.1499987,2.3999999,7.1499987,3,16.699997,2.239171,7.0351661901522755,7.149998664855957,2.3999998569488525,7.149998664855957,14.71161902234679,0.7295667349221328,2,0.75,0.26380255177395157,<1 px
NGA,NG002021,2026-08-20,2,6.910357,3.25,1.12,21.960003,28,193.49,6.413363,7.91971831600505,26.749998092651367,1.1200000047683716,6.674999713897705,242.69681714057194,6.793550680168249,31,7.0,0.14606500300998196,4-16 px
NGA,NG003,2026-08-20,1,0.111059904,0.015,0.0,1.2349999,217,24.099998,0.24377933,0.11668842240550316,1.7999999523162842,0.0,0.014999999664723873,25.647001807360414,0.2571373139188241,220,54.25,0.0506800222473014,16-64 px
NGA,NG003001,2026-08-20,2,0.015833333,0.02,0.0,0.034999996,6,0.09499999,0.01238839,0.01776044229335744,0.044999998062849045,0.0,0.019999999552965164,0.10321438871039786,0.011629896105773087,6,1.5,0.12171216845862072,1-4 px
NGA,NG003002,2026-08-20,2,0.25499997,0.285,0.13,0.36499995,5,1.2749999,0.10616024,0.24831079789537233,0.3649999499320984,0.06499999761581421,0.3400000035762787,0.9949917786777505,0.11858556891478372,4,1.25,0.026232050555251782,1-4 px
NGA,NG003003,2026-08-20,2,0.022499999,0.02,0.02,0.035,6,0.13499999,0.00559017,0.02182597412127043,0.06499999761581421,0.0,0.019999999552965164,0.11826079896819523,0.0107107487841814,5,1.5,0.029956662608277028,1-4 px
NGA,NG003004,2026-08-20,2,0.0,0.0,0.0,0.0,5,0.0,0.0,0.0012207265979267065,0.019999999552965164,0.0,0.0,0.006741866704694092,0.004070904970560972,6,1.25,,1-4 px
NGA,NG003005,2026-08-20,2,0.10555555,0.044999998,0.02,0.20499998,9,0.9499999,0.08049998,0.1089230065106203,0.20499998331069946,0.019999999552965164,0.044999998062849045,1.0275839016514063,0.08111680147005154,9,2.25,0.03190222125336186,1-4 px
NGA,NG003006,2026-08-20,2,0.007777777,0.0,0.0,0.034999996,9,0.06999999,0.014550888,0.0077732153079410485,0.034999996423721313,0.0,0.0,0.05586993523516078,0.014471806617461724,7,2.25,0.0005865033233726157,1-4 px
NGA,NG003007,2026-08-20,2,0.0,0.0,0.0,0.0,6,0.0,0.0,0.0,0.0,0.0,0.0,0.0,0.0,6,1.5,,1-4 px
NGA,NG003008,2026-08-20,2,0.024999999,0.015,0.01,0.065,6,0.14999999,0.01979057,0.02060580771500094,0.06499999761581421,0.0,0.014999999664723873,0.16347605104340324,0.019762790138967576,8,1.5,0.17576765843066866,1-4 px
NGA,NG003009,2026-08-20,2,0.0,0.0,0.0,0.0,7,0.0,0.0,6.953092857354155e-05,0.029999997466802597,0.0,0.0,0.00039710880520455073,0.000622484922105498,6,1.75,,1-4 px
NGA,NG003010,2026-08-20,2,0.1980769,0.075,0.029999997,1.0099999,13,2.5749998,0.25576082,0.254657942135973,1.0099998712539673,0.029999997466802597,0.23999997973442078,2.7931615771389158,0.296184216168688,11,3.25,0.28565189649057,1-4 px
NGA,NG003011,2026-08-20,2,0.017499998,0.017499998,0.0,0.034999996,4,0.06999999,0.017499998,0.020013964527279396,0.034999996423721313,0.0,0.034999996423721313,0.07485612227071411,0.017244882616044403,4,1.0,0.1436552465479937,<1 px
NGA,NG003012,2026-08-20,2,0.18214284,0.23499998,0.044999998,0.24499997,7,1.2749999,0.08680261,0.20855327319598307,1.2349998950958252,0.029999997466802597,0.23499998450279236,1.7869162485921932,0.2524442769313005,9,1.75,0.14499847040917488,1-4 px
NGA,NG003013,2026-08-20,2,0.21583332,0.2225,0.065,0.36499995,12,2.59,0.14278236,0.19416674406078674,0.3649999499320984,0.0,0.09000000357627869,2.124693833484483,0.14454925668396146,11,3.0,0.10038568622867525,1-4 px
NGA,NG003014,2026-08-20,2,0.16499999,0.20499998,0.044999998,0.24499997,3,0.49499995,0.08640987,0.16473487649509627,0.2449999749660492,0.044999998062849045,0.20499998331069946,0.6228943142335713,0.08843740112477141,4,0.75,0.001606748611946832,<1 px
NGA,NG003015,2026-08-20,2,0.95333326,1.13,0.5199999,1.2349999,12,11.44,0.3093227,0.9706968569923696,1.7999999523162842,0.23499998450279236,1.1299999952316284,12.130616327734817,0.2989510001935736,12,3.0,0.01821356467975288,1-4 px
NGA,NG003016,2026-08-20,2,0.075,0.075,0.075,0.075,4,0.3,0.0,0.11106812059516283,0.3100000023841858,0.029999997466802597,0.07500000298023224,0.6531808435955201,0.09055105078723674,6,1.0,0.4809082746021711,<1 px
NGA,NG003017,2026-08-20,2,0.0,0.0,0.0,0.0,7,0.0,0.0,0.0,0.0,0.0,0.0,0.0,0.0,8,1.75,,1-4 px
NGA,NG003018,2026-08-20,2,0.026666665,0.0075,0.0,0.13,12,0.32,0.046696417,0.032700189521966905,0.3649999499320984,0.0,0.014999999664723873,0.37340973727154825,0.06155779302727324,11,3.0,0.22625718371483294,1-4 px
NGA,NG003019,2026-08-20,2,0.0,0.0,0.0,0.0,4,0.0,0.0,5.195161781345502e-05,0.004999999888241291,0.0,0.0,0.0002214671174242874,0.0005070099729470753,4,1.0,,<1 px
NGA,NG003020,2026-08-20,2,0.0,0.0,0.0,0.0,3,0.0,0.0,0.0005510369939624707,0.029999997466802597,0.0,0.0,0.002347940450171365,0.004028332987015032,4,0.75,,<1 px
NGA,NG003021,2026-08-20,2,0.0,0.0,0.0,0.0,7,0.0,0.0,0.0011918989567668214,0.019999999552965164,0.0,0.0,0.007808901228191272,0.004734696978622205,7,1.75,,1-4 px
NGA,NG003022,2026-08-20,2,0.19125,0.18499999,0.155,0.24499997,8,1.5299999,0.035333224,0.24519137957355086,0.5199999213218689,0.1550000011920929,0.2449999749660492,1.87889707592609,0.11160600466652512,8,2.0,0.2820464291427496,1-4 px
NGA,NG003023,2026-08-20,2,0.0,0.0,0.0,0.0,9,0.0,0.0,0.0,0.0,0.0,0.0,0.0,0.0,10,2.25,,1-4 px
NGA,NG003024,2026-08-20,2,0.038,0.02,0.02,0.065,5,0.19,0.022045407,0.032023184657121014,0.06499999761581421,0.0,0.019999999552965164,0.17112121760916787,0.02195284785475232,5,1.25,0.1572846142862891,1-4 px
NGA,NG003025,2026-08-20,2,0.0,0.0,0.0,0.0,1,0.0,0.0,0.0,0.0,0.0,0.0,0.0,0.0,2,0.25,,<1 px
NGA,NG003026,2026-08-20,2,0.013235294,0.0,0.0,0.09,17,0.22500001,0.028591504,0.00954095967056679,0.09000000357627869,0.0,0.0,0.16938507756591284,0.02302767709012343,18,4.25,0.2791274851494202,4-16 px
NGA,NG003027,2026-08-20,2,0.0,0.0,0.0,0.0,1,0.0,0.0,0.0,0.0,0.0,0.0,0.0,0.0,2,0.25,,<1 px
NGA,NG003028,2026-08-20,2,0.0,0.0,0.0,0.0,7,0.0,0.0,0.0001304608147760544,0.014999999664723873,0.0,0.0,0.0009287251568281536,0.0013928001126178831,7,1.75,,1-4 px
NGA,NG003029,2026-08-20,2,0.019583333,0.005,0.0,0.075,12,0.235,0.02649358,0.01689751434051736,0.07500000298023224,0.0,0.004999999888241291,0.19108138734077076,0.026433534550553257,11,3.0,0.137148189201636,1-4 px
NGA,NG003030,2026-08-20,2,0.0,0.0,0.0,0.0,5,0.0,0.0,0.0,0.0,0.0,0.0,0.0,0.0,4,1.25,,1-4 px
NGA,NG003031,2026-08-20,2,0.036,0.029999997,0.0,0.06,5,0.17999999,0.022449944,0.03254665419718683,0.05999999865889549,0.0,0.029999997466802597,0.19494526827809366,0.025958198734331053,6,1.25,0.09592627230036575,1-4 px
NGA,NG004,2026-08-20,1,0.5729299,0.41500002,0.0,1.9899998,157,89.95,0.57367706,0.5475103323332866,1.989999771118164,0.0,0.4150000214576721,85.99432746603428,0.5617007579683605,157,39.25,0.04436767511472762,16-64 px
NGA,NG004001,2026-08-20,2,1.6814284,1.495,1.405,1.9899998,7,11.7699995,0.26938695,1.5845253152511192,1.989999771118164,0.9899999499320984,1.4950000047683716,8.981236866737277,0.28076737838570465,6,1.75,0.05763140717076075,1-4 px
NGA,NG004002,2026-08-20,2,0.40833333,0.044999998,0.04,1.435,9,3.675,0.46365097,0.3041594918423702,1.609999656677246,0.0,0.044999998062849045,2.5734673766374883,0.3700053883061122,8,2.25,0.2551196057339474,1-4 px
NGA,NG004003,2026-08-20,2,0.1625,0.0,0.0,1.435,28,4.5499997,0.44119662,0.13541359662741623,1.609999656677246,0.0,0.0,4.222896132118815,0.40456570681176557,31,7.0,0.16668555921590017,4-16 px
NGA,NG004004,2026-08-20,2,1.045,0.98999995,0.79499996,1.405,4,4.18,0.22257023,1.0428281697814814,1.4049999713897705,0.4150000214576721,0.9899999499320984,3.4333192131265986,0.2980309910338876,3,1.0,0.0020783064292043277,<1 px
NGA,NG004005,2026-08-20,2,0.050499998,0.022499999,0.0,0.17,10,0.505,0.06310507,0.06350161751257692,0.3799999952316284,0.0,0.004999999888241291,0.7170333290707451,0.08300607213353413,11,2.5,0.25745782232658554,1-4 px
NGA,NG004006,2026-08-20,2,0.54714286,0.79499996,0.17,0.85,7,3.83,0.30374867,0.5100242955784834,0.8500000238418579,0.17000000178813934,0.7949999570846558,2.8908242276932734,0.309028551705465,6,1.75,0.06784071790960887,1-4 px
NGA,NG004007,2026-08-20,2,0.0,0.0,0.0,0.0,21,0.0,0.0,0.004963710360866723,0.11999998986721039,0.0,0.0,0.09583139437169388,0.022782606800310898,19,5.25,,4-16 px
NGA,NG004008,2026-08-20,2,0.39166668,0.38,0.38,0.41500002,3,1.1750001,0.016499171,0.36654101210172857,0.4150000214576721,0.03999999910593033,0.3799999952316284,0.6393545027854367,0.08733167550294438,2,0.75,0.06415063925854357,<1 px
NGA,NG004009,2026-08-20,2,0.9249999,0.92999995,0.79499984,1.0449998,4,3.6999996,0.08852966,0.884163103170083,1.6449999809265137,0.7949998378753662,0.9299999475479126,3.5216684393756834,0.09274239339742431,4,1.0,0.044147893237520386,<1 px
NGA,NG004010,2026-08-20,2,0.6116667,0.71,0.41500002,0.71,3,1.835,0.13906431,0.6157788175253801,1.609999656677246,0.4150000214576721,0.7099999785423279,2.6643277624325603,0.2074975642066137,4,0.75,0.006722807577035171,<1 px
NGA,NG004011,2026-08-20,2,0.92299986,0.98999995,0.79499984,1.0449998,5,4.6149993,0.10642371,0.9013804463201357,1.609999656677246,0.4150000214576721,0.9899999499320984,3.86587431175296,0.12101276369841339,4,1.25,0.02342298695458557,1-4 px
NGA,NG004012,2026-08-20,2,0.5764286,0.53000003,0.22999999,1.105,7,4.0350003,0.24143492,0.6444390347638985,1.6449999809265137,0.17499999701976776,0.5300000309944153,5.06914526375308,0.31610669226669535,8,1.75,0.1179858785006479,1-4 px
NGA,NG004013,2026-08-20,2,0.41500002,0.41500002,0.41500002,0.41500002,2,0.83000004,0.0,0.46277827283565826,0.7949999570846558,0.17000000178813934,0.4150000214576721,1.473801632248462,0.20465160299708257,3,0.5,0.11512831453757093,<1 px
NGA,NG004014,2026-08-20,2,1.1233332,0.92999995,0.79499984,1.645,3,3.37,0.3729686,1.1387726510589902,1.6449999809265137,0.7949998378753662,0.9899999499320984,2.551749156108056,0.32923438735698585,2,0.75,0.013744320081512893,<1 px
NGA,NG004015,2026-08-20,2,1.571,1.645,0.92999995,1.9899998,5,7.8549995,0.34723765,1.6904867380060506,1.989999771118164,0.9299999475479126,1.6449999809265137,8.517079236654498,0.2640364442282623,5,1.25,0.07605775811970128,1-4 px
NGA,NG004016,2026-08-20,2,0.6534375,0.71500003,0.175,1.0449998,16,10.455,0.3544878,0.6997424139126627,1.609999656677246,0.10000000894069672,0.8500000238418579,11.834029518253725,0.37621068985554085,17,4.0,0.07086356983286492,1-4 px
NGA,NG004017,2026-08-20,2,1.6099997,1.6099997,1.6099997,1.6099997,2,3.2199993,0.0,1.14560286967548,1.609999656677246,0.7099999785423279,0.7099999785423279,1.4083989067555716,0.44976947767819453,1,0.5,0.2884452899739794,<1 px
NGA,NG004018,2026-08-20,2,,,,,0,0.0,,1.609999656677246,1.609999656677246,1.609999656677246,1.609999656677246,0.521893887869661,0.0,0,0.0,,
NGA,NG004019,2026-08-20,2,1.0174999,1.1674998,0.255,1.405,10,10.174999,0.31233191,1.0740817653265624,1.4950000047683716,0.2549999952316284,1.209999918937683,11.26601505352996,0.29975982474322893,10,2.5,0.055608718316888676,1-4 px
NGA,NG004020,2026-08-20,2,1.2199999,1.1249998,1.04,1.495,6,7.3199997,0.19752643,1.194512380393872,1.4950000047683716,0.8100000619888306,1.124999761581421,7.346156839726309,0.17155461221532842,6,1.5,0.02089141122563038,1-4 px
NGA,NG004021,2026-08-20,2,0.571,0.675,0.38,0.71,5,2.855,0.15647364,0.5436827379898843,0.7099999785423279,0.3799999952316284,0.675000011920929,2.4002244256555705,0.1530622938003445,4,1.25,0.0478410893347034,1-4 px
NGA,NG005,2026-08-20,1,12.412523,10.219999,1.01,49.455,1587,19698.674,8.6140175,12.291011466617054,49.45500183105469,0.9799999594688416,9.994999885559082,19719.784683986094,8.531852560987184,1604,396.75,0.009789430672792842,>64 px
NGA,NG005001,2026-08-20,2,16.984694,17.699999,5.7599998,29.500004,196,3329.0,6.561592,16.73401187496109,29.500003814697266,4.779999732971191,17.05999755859375,3318.990212428185,6.728604608579729,198,49.0,0.014759295930730937,16-64 px
NGA,NG005002,2026-08-20,2,13.54742,13.99,3.6349998,23.630001,124,1679.88,5.6602397,13.07728619244017,23.630001068115234,3.005000114440918,12.814998626708984,1577.2409436391795,5.46183049678523,121,31.0,0.03470282958377544,16-64 px
NGA,NG005003,2026-08-20,2,4.1976924,3.5750003,2.4850001,11.784999,26,109.14,2.039753,3.811743748524048,11.784998893737793,2.4850001335144043,3.4850001335144043,111.83629084486398,1.5725157226448665,29,6.5,0.09194305220552898,4-16 px
NGA,NG005004,2026-08-20,2,33.73662,39.105,9.509999,49.455,37,1248.255,14.21661,34.89154165712941,49.45500183105469,6.055000305175781,42.15999221801758,1270.5837145468417,14.044576028032631,36,9.25,0.03423347262201746,4-16 px
NGA,NG005005,2026-08-20,2,15.75933,15.35,5.44,42.505005,97,1528.655,7.8377333,15.291233692876077,42.5050048828125,5.440000057220459,14.694999694824219,1545.1865502361675,7.6641781135279174,101,24.25,0.0297028050763531,16-64 px
NGA,NG005006,2026-08-20,2,8.898409,8.794999,5.7749996,12.17,22,195.765,2.3676546,9.526869108676584,16.545000076293945,4.340000152587891,9.259998321533203,216.33200972915947,2.9555556587522283,23,5.5,0.0706261207679468,4-16 px
NGA,NG005007,2026-08-20,2,6.972959,6.6000004,3.5,11.919999,98,683.35,2.1075466,7.564935850159279,49.45500183105469,3.0850002765655518,6.805000305175781,737.7010200582959,3.7193917389761886,98,24.5,0.08489607498900807,16-64 px
NGA,NG005008,2026-08-20,2,7.282919,7.0999994,2.6999998,14.224998,161,1172.5499,2.9201195,7.248732237427437,23.389997482299805,1.8849999904632568,7.09999942779541,1171.8378784092681,3.1563595184357087,162,40.25,0.004694101715611897,16-64 px
NGA,NG005009,2026-08-20,2,17.515,16.475,13.860001,23.474998,26,455.38998,2.7612398,17.24217032445376,27.189998626708984,13.860000610351562,16.475000381469727,428.51420453304297,2.6817634024128,25,6.5,0.015576915532186179,4-16 px
NGA,NG005010,2026-08-20,2,23.63691,22.624998,11.059999,40.124996,55,1300.03,8.624903,22.906175917606426,40.124996185302734,11.059999465942383,20.979999542236328,1256.7439037747763,8.643444882200978,55,13.75,0.030914958105504257,4-16 px
NGA,NG005011,2026-08-20,2,16.073334,15.127501,13.525,21.18,12,192.87999,2.850919,15.436563639510396,21.18000030517578,12.375001907348633,13.654998779296875,195.80226294657473,2.6548936441337787,13,3.0,0.039616569934377205,1-4 px
NGA,NG005012,2026-08-20,2,26.01122,21.189999,11.059999,43.974995,45,1170.5049,10.064879,25.91426792634987,49.45500183105469,10.705000877380371,21.189998626708984,1140.2651439118856,9.577450601424877,44,11.25,0.0037273174287916146,4-16 px
NGA,NG005013,2026-08-20,2,16.365845,14.924997,8.225,24.525002,71,1161.975,4.7695255,16.662261612034925,24.525001525878906,8.225000381469727,15.950000762939453,1248.487433541278,4.829670895274568,75,17.75,0.018111903909326085,16-64 px
NGA,NG005014,2026-08-20,2,24.351212,20.405,15.974999,43.344997,33,803.58997,8.310651,22.565841730457695,43.34499740600586,15.97499942779541,20.204999923706055,745.8874695873246,7.024216125620455,33,8.25,0.07331751165167077,4-16 px
NGA,NG005015,2026-08-20,2,8.254551,7.4099994,1.01,19.845,156,1287.71,4.468612,8.07144098057188,19.844999313354492,0.9799999594688416,7.060000419616699,1241.648774470276,4.511756205100074,154,39.0,0.0221829169664248,16-64 px
NGA,NG005016,2026-08-20,2,13.531512,13.289999,10.400001,18.105001,43,581.855,2.0004628,13.254875456516665,20.1149959564209,10.050000190734863,13.289999008178711,602.0619333655984,1.904255076316154,45,10.75,0.02044387526562698,4-16 px
NGA,NG005017,2026-08-20,2,6.691709,5.98,2.4850001,15.370001,79,528.645,3.0671997,6.630090470022697,16.274999618530273,2.4850001335144043,5.980000019073486,536.5630812469021,3.1099827489184277,81,19.75,0.009208190310921037,16-64 px
NGA,NG005018,2026-08-20,2,5.831727,5.0950003,1.885,16.545,220,1282.98,3.1936643,5.966523822458394,16.545000076293945,1.8849999904632568,5.360000133514404,1355.2864191715864,3.2189459510311424,227,55.0,0.02311439175023015,16-64 px
NGA,NG005019,2026-08-20,2,8.877857,8.54,6.4299994,11.36,21,186.435,1.485235,8.505334751940746,11.359999656677246,6.429999351501465,8.520000457763672,185.50693653559637,1.362808532464471,22,5.25,0.04196082996822937,4-16 px
NGA,NG005020,2026-08-20,2,12.308999,10.830001,2.7150002,25.904995,65,800.08496,6.012367,13.176568534069563,33.840003967285156,2.7150001525878906,11.610001564025879,833.3084955227448,6.5452157258015875,63,16.25,0.07048254159981354,16-64 px
NGA,NG006,2026-08-20,1,0.27388886,0.17249998,0.0,2.2000003,306,83.80999,0.29274824,0.2647370799907814,2.2799997329711914,0.0,0.16999997198581696,82.2557056313022,0.28182765729167025,311,76.5,0.03341421045462975,>64 px
NGA,NG006001,2026-08-20,2,0.40833327,0.40999997,0.034999996,0.8499999,33,13.4749975,0.27340072,0.4139767403773274,1.0099999904632568,0.034999996423721313,0.4099999666213989,12.728781725305542,0.25585949891565113,31,8.25,0.013820745924835797,4-16 px
NGA,NG006002,2026-08-20,2,0.37672412,0.24,0.074999996,1.4549999,58,21.849998,0.39533544,0.365957441190617,2.2799997329711914,0.07499999552965164,0.23999999463558197,21.668898737032688,0.3899531389474073,59,14.5,0.028579743737626832,4-16 px
NGA,NG006003,2026-08-20,2,0.24791665,0.16499999,0.07,0.53499997,12,2.975,0.17769891,0.2534613686118985,0.5349999666213989,0.07000000029802322,0.1499999761581421,2.8981729823352076,0.18729906909436372,11,3.0,0.022365253047338725,1-4 px
NGA,NG006004,2026-08-20,2,0.2044318,0.18499999,0.0,0.73999995,44,8.994999,0.16673064,0.20074843166920137,0.7399999499320984,0.0,0.1849999874830246,9.181079676944229,0.16896281409068908,46,11.0,0.018017589879845655,4-16 px
NGA,NG006005,2026-08-20,2,0.13840908,0.055,0.02,0.475,22,3.0449998,0.13712458,0.14880002046442972,0.4749999940395355,0.019999999552965164,0.054999999701976776,3.290193621641847,0.14484147734624064,22,5.5,0.07507412421518685,4-16 px
NGA,NG006006,2026-08-20,2,0.18232141,0.13749999,0.01,0.39999992,28,5.1049995,0.10888624,0.17257006235582856,0.5349999666213989,0.009999999776482582,0.13499999046325684,5.34092299071616,0.11577909908567403,31,7.0,0.053484380381719474,4-16 px
NGA,NG006007,2026-08-20,2,0.2638202,0.145,0.024999999,2.2000003,89,23.479998,0.3275805,0.24555934378966257,2.200000286102295,0.02499999850988388,0.14499999582767487,21.673982121682897,0.30483061800121897,88,22.25,0.06921705089427357,16-64 px
NGA,NG006008,2026-08-20,2,0.25761902,0.14999998,0.035,0.53499997,21,5.41,0.19206037,0.24595382937267926,0.5349999666213989,0.019999999552965164,0.1499999761581421,5.473673752021709,0.18887961163491432,22,5.25,0.0452807817812548,4-16 px
NGA,NG007,2026-08-20,1,1.7189708,0.84000003,0.0,14.59,1025,1761.945,2.103337,1.7353293555790628,14.59000015258789,0.0,0.8650000095367432,1789.7237500878068,2.1250460252874084,1031,256.25,0.009516482524928784,>64 px
NGA,NG007001,2026-08-20,2,0.03368421,0.0,0.0,0.64,38,1.28,0.11150102,0.053076850152113136,1.4199999570846558,0.0,0.0,2.0615487201974756,0.1713111325228414,39,9.5,0.5757190135114684,4-16 px
NGA,NG007002,2026-08-20,2,2.7895832,2.33,1.6199999,8.714999,36,100.424995,1.6913304,2.425972775481917,8.714999198913574,1.619999885559082,2.234999895095825,83.35888567535378,1.0433736815768613,34,9.0,0.13034578947782696,4-16 px
NGA,NG007003,2026-08-20,2,8.177931,8.38,3.9350002,14.59,29,237.16,2.564875,7.9631453663698615,14.59000015258789,3.8249998092651367,8.380000114440918,242.05300568701492,2.5863797121344065,30,7.25,0.026264055496449862,4-16 px
NGA,NG007004,2026-08-20,2,0.6052564,0.35999998,0.08,2.835,39,23.605,0.77532536,0.6714437577646603,3.6600000858306885,0.07999999821186066,0.35999998450279236,25.79428324055372,0.8357660894204184,38,9.75,0.10935424683598591,4-16 px
NGA,NG007005,2026-08-20,2,0.9369841,0.66499996,0.105000004,4.25,63,59.03,0.938434,1.0848973221559508,4.25,0.07999999821186066,0.6749999523162842,67.51683566980311,1.0424930794786234,62,15.75,0.15786097347431063,4-16 px
NGA,NG007006,2026-08-20,2,4.445484,4.2900004,1.35,11.915,93,413.43,2.1895015,4.59661651269971,11.914999961853027,0.9549999237060547,4.325000286102295,431.6166121536587,2.460066919771599,94,23.25,0.03399686349106415,16-64 px
NGA,NG007007,2026-08-20,2,1.0889344,0.78499997,0.0,3.0149999,61,66.424995,0.8194451,1.2760697170226842,7.119999885559082,0.0,0.8899999856948853,83.37544988457779,0.9490562506939415,65,15.25,0.17185178190962114,4-16 px
NGA,NG007008,2026-08-20,2,2.8459575,3.0,0.13,6.84,47,133.76,1.5168065,2.827591664690941,6.840000152587891,0.12999999523162842,3.0,132.68077127831467,1.3010903921844754,47,11.75,0.006453306245458338,4-16 px
NGA,NG007009,2026-08-20,2,1.8863218,1.6500001,0.08499999,6.670001,87,164.11,1.3990661,1.608304368458823,8.880000114440918,0.07999999821186066,1.3149999380111694,141.76670484887174,1.2609377467832754,88,21.75,0.14738600356586928,16-64 px
NGA,NG007010,2026-08-20,2,0.6144737,0.52,0.13,1.6500001,57,35.025,0.38253734,0.5649752861780903,4.25,0.12999999523162842,0.5099999904632568,31.16077189906646,0.38137076017274885,55,14.25,0.08055416175160901,4-16 px
NGA,NG007011,2026-08-20,2,1.0962838,0.84000003,0.12,3.5449998,74,81.125,0.7750663,1.0213946524221382,3.544999837875366,0.08999999612569809,0.7549998760223389,78.59024899815952,0.7459204297252892,77,18.5,0.06831182543960031,16-64 px
NGA,NG007012,2026-08-20,2,2.2217925,1.9899999,0.13499999,7.0150003,53,117.755005,1.40328,2.3776614588953056,7.015000343322754,0.13499999046325684,2.2400002479553223,126.70586942021428,1.4020268011613772,53,13.25,0.0701545976482078,4-16 px
NGA,NG007013,2026-08-20,2,4.43,4.4049997,2.265,7.12,27,119.61,1.1729891,4.764851025794943,7.119999885559082,2.265000104904175,4.404999732971191,126.88293248049155,1.1305644541245339,27,6.75,0.07558713900563059,4-16 px
NGA,NG007014,2026-08-20,2,0.6640625,0.715,0.0,1.525,16,10.625,0.48713517,0.7600878764918717,1.524999976158142,0.0,0.7149999737739563,12.366598662044751,0.4909914526108921,16,4.0,0.1446029198936421,1-4 px
NGA,NG007015,2026-08-20,2,0.037105262,0.02,0.0,0.185,19,0.705,0.056969885,0.04430647880624484,0.5699999928474426,0.0,0.019999999552965164,0.8742539098409824,0.07664565724689537,20,4.75,0.19407535260753148,4-16 px
NGA,NG007016,2026-08-20,2,0.22238094,0.055,0.0,1.605,21,4.6699996,0.40990597,0.2247474068582088,1.6050000190734863,0.0,0.054999999701976776,4.407020644270628,0.36053090460511905,20,5.25,0.010641500383120934,4-16 px
NGA,NG007017,2026-08-20,2,0.9159722,0.66,0.0,1.9849999,36,32.975,0.5742396,0.928825594494567,1.9849998950958252,0.0,0.75,36.179193239314614,0.533319549088263,39,9.0,0.014032515937238069,4-16 px
NGA,NG007018,2026-08-20,2,0.01203125,0.0,0.0,0.185,32,0.385,0.035174996,0.00826636108892268,0.31999996304512024,0.0,0.0,0.250192730441678,0.03129393467761269,30,8.0,0.312925831570063,4-16 px
NGA,NG007019,2026-08-20,2,1.4005556,0.305,0.0,7.420001,45,63.025,2.0166228,1.5421003940503926,8.380000114440918,0.0,0.3050000071525574,68.85364875425559,2.161878676955966,45,11.25,0.10106331662262653,4-16 px
NGA,NG007020,2026-08-20,2,1.1759999,0.9949999,0.53,3.0300002,15,17.64,0.639443,1.2141100916692404,3.070000171661377,0.5299999713897705,0.994999885559082,19.001664536047425,0.6838551354538012,16,3.75,0.0324066283247476,1-4 px
NGA,NG007021,2026-08-20,2,0.8855084,0.635,0.24000001,3.62,59,52.245,0.6330593,0.8018174522964187,3.619999885559082,0.24000000953674316,0.5999999642372131,46.87969275624602,0.49642497391645124,58,14.75,0.09451174907384427,4-16 px
NGA,NG007022,2026-08-20,2,0.3959375,0.32999998,0.08,0.79499996,48,19.005,0.23190035,0.3959660462916957,0.7949999570846558,0.07999999821186066,0.32999998331069946,17.889230139775286,0.24041089243597186,45,12.0,7.20979742906034e-05,4-16 px
NGA,NG007023,2026-08-20,2,0.26433334,0.19999999,0.024999999,0.585,30,7.93,0.19065122,0.29558120841141794,0.7300000190734863,0.02499999850988388,0.2849999666213989,9.458335936865444,0.20358979453764614,32,7.5,0.11821387499366486,4-16 px
NGA,NG008,2026-08-20,1,5.938772,3.8249998,0.0,40.165,2378,14122.399,6.9241467,5.945418938655154,41.64500045776367,0.0,3.8449997901916504,14240.107421088635,6.921974213105058,2395,594.5,0.0011192446275347047,>64 px
NGA,NG008001,2026-08-20,2,2.41375,1.9399999,0.30499998,7.12,132,318.615,1.558906,2.4601012257986845,9.309999465942383,0.08499999344348907,1.9449999332427979,321.6511835746056,1.6303902097519212,131,33.0,0.019202993598626483,16-64 px
NGA,NG008002,2026-08-20,2,3.0458822,2.665,0.43,7.3900003,85,258.9,2.045478,2.9549019682183153,7.390000343322754,0.23999997973442078,2.6399998664855957,244.10800412577564,2.035077825795553,83,21.25,0.029869911509277862,16-64 px
NGA,NG008003,2026-08-20,2,2.5292814,2.39,0.07,8.3,167,422.38998,1.8816249,2.5787980316619046,10.505001068115234,0.07000000029802322,2.390000104904175,428.94024796859816,1.9349394465612682,166,41.75,0.01957735175765918,16-64 px
NGA,NG008004,2026-08-20,2,6.045323,6.575,2.985,10.005,31,187.405,1.910689,6.276057056673644,10.005000114440918,2.6449997425079346,6.574999809265137,196.25376152013501,1.9570767390041104,31,7.75,0.038167366189307744,4-16 px
NGA,NG008005,2026-08-20,2,8.9108095,8.115,1.7849998,17.939997,105,935.635,4.479385,8.438774484665974,17.93999671936035,0.6549999713897705,7.689999580383301,915.8956082087188,4.551830389093283,109,26.25,0.05297330341693711,16-64 px
NGA,NG008006,2026-08-20,2,5.1607447,4.8250003,2.665,8.285,47,242.555,1.3881459,5.185931143855289,8.529999732971191,1.3999998569488525,4.825000286102295,260.6043118319532,1.3769674233021643,50,11.75,0.004880389424279839,4-16 px
NGA,NG008007,2026-08-20,2,13.982202,11.820001,1.7849998,40.165,193,2698.565,8.570673,13.70887018374992,40.165000915527344,1.7849998474121094,11.820000648498535,2642.8560464084303,8.534531131372807,193,48.25,0.019548552956828957,16-64 px
NGA,NG008008,2026-08-20,2,7.5412292,6.7200003,1.4349998,20.475002,61,460.01498,4.8754,7.562315779525121,20.47500228881836,0.29999998211860657,6.720000267028809,474.65050054144695,5.026583127633501,63,15.25,0.002796172741324547,4-16 px
NGA,NG008009,2026-08-20,2,1.2444117,0.13999999,0.0,7.84,85,105.774994,1.9845761,1.3603722359708068,8.585000038146973,0.0,0.33500000834465027,118.77020890902016,2.1371093564982004,87,21.25,0.09318502547895276,16-64 px
NGA,NG008010,2026-08-20,2,0.0876875,0.065,0.0,1.2299999,80,7.015,0.14850913,0.08667643505665368,1.2299998998641968,0.0,0.06499999761581421,7.263069298106896,0.14454899087245596,84,20.0,0.011530320095182593,16-64 px
NGA,NG008011,2026-08-20,2,9.042737,7.964999,0.58,27.455,95,859.06,5.6592693,9.111892565062483,27.454999923706055,0.2150000035762787,7.964999198913574,884.6529289435508,5.728127878727,97,23.75,0.007647636447071548,16-64 px
NGA,NG008012,2026-08-20,2,1.8117692,1.7849998,0.105000004,6.7750006,65,117.765,1.356761,1.7908816639356826,7.159999847412109,0.10500000417232513,1.6399998664855957,119.07277626439553,1.2980001873762554,66,16.25,0.01152880624326624,16-64 px
NGA,NG008013,2026-08-20,2,3.3471427,3.7675,0.86,5.3650002,28,93.71999,1.6354015,3.480116327191712,6.4599995613098145,0.8600000143051147,4.364999771118164,97.41368045759906,1.594421247982525,28,7.0,0.039727504653958176,4-16 px
NGA,NG008014,2026-08-20,2,12.558563,12.615,2.085,22.97,87,1092.595,5.1592174,12.594358600904144,22.969999313354492,2.0850000381469727,12.614999771118164,1075.286117147704,4.986911637627675,85,21.75,0.002850294329386608,16-64 px
NGA,NG008015,2026-08-20,2,2.3286922,0.82000005,0.06,12.015,65,151.36499,3.0923467,2.2832117706423807,12.015000343322754,0.044999998062849045,0.8200000524520874,142.38490617532307,3.042257531479275,62,16.25,0.01953045978237021,16-64 px
NGA,NG008016,2026-08-20,2,7.5277834,3.5699997,0.07,31.999998,194,1460.3899,8.178986,7.808796610692943,36.65999984741211,0.07000000029802322,3.6550002098083496,1542.8910732912486,8.387534741755118,198,48.5,0.03733014032961465,16-64 px
NGA,NG008017,2026-08-20,2,0.36723924,0.13,0.01,2.03,163,59.859997,0.5053257,0.38332128597084997,3.1449999809265137,0.009999999776482582,0.12999999523162842,62.79927164001421,0.5261019618318836,164,40.75,0.04379174178350316,16-64 px
NGA,NG008018,2026-08-20,2,4.954259,4.82,2.905,6.6049995,27,133.765,1.1875554,5.031693878522357,7.550000190734863,2.305000066757202,4.820000171661377,124.20083041801108,1.2252478892847634,25,6.75,0.015629961720280756,4-16 px
NGA,NG008019,2026-08-20,2,9.722527,8.904999,2.665,20.475002,93,904.19495,4.5630093,9.419068606623572,20.47500228881836,1.3549997806549072,8.78499984741211,892.4376910699792,4.619183699662762,95,23.25,0.031211884870715963,16-64 px
NGA,NG008020,2026-08-20,2,15.433535,13.860001,0.885,36.3,157,2423.065,9.928118,15.626909188197134,41.64500045776367,0.8849999904632568,13.860000610351562,2455.1202266786463,9.959487801594484,157,39.25,0.01252948130140857,16-64 px
NGA,NG008021,2026-08-20,2,2.7829998,2.5149999,1.325,5.0449996,5,13.914999,1.2213008,2.450269854364618,5.044999599456787,0.8600000143051147,2.5149998664855957,11.37232468817149,0.9901059096666954,5,1.25,0.11955801995939117,1-4 px
NGA,NG008022,2026-08-20,2,4.322656,4.6575003,0.16,13.07,96,414.975,2.4097962,4.453258319634497,13.069999694824219,0.1599999964237213,4.825000286102295,438.06125372675984,2.4970631252412074,98,24.0,0.03021344276169473,16-64 px
NGA,NG008023,2026-08-20,2,0.16505495,0.0,0.0,1.905,91,15.0199995,0.398232,0.14956195810022524,3.669999599456787,0.0,0.0,13.485833379557489,0.3938101230904032,90,22.75,0.09386566049533665,16-64 px
NGA,NG008024,2026-08-20,2,1.6287705,1.185,0.16,5.1899996,61,99.355,1.5593933,1.7119978648870455,7.299999237060547,0.034999996423721313,1.184999942779541,107.77330109090803,1.6592611472287562,63,15.25,0.05109827620714252,4-16 px
NGA,NG008025,2026-08-20,2,6.16,5.965,2.5,12.015,49,301.84,1.9888446,6.139311868247204,12.015000343322754,2.304999828338623,5.800000190734863,294.49036733279894,1.9385348295387057,48,12.25,0.0033584629468824748,4-16 px
NGA,NG008026,2026-08-20,2,3.377987,4.0099998,0.02,10.25,77,260.10498,3.3794227,3.575079473137311,10.25,0.0,4.1650004386901855,275.0977267205357,3.3583498495636266,77,19.25,0.05834613133126643,16-64 px
NGA,NG008027,2026-08-20,2,2.1676922,1.8449998,0.905,6.2799997,39,84.54,1.2390924,2.2896836444222264,10.46500015258789,0.9049999713897705,1.8449997901916504,92.57417080589092,1.3768140027456086,40,9.75,0.05627710632636245,4-16 px
NGA,NG009,2026-08-20,1,0.6997643,0.44,0.0,4.565,679,475.13998,0.78891987,0.7074210964753411,4.565000057220459,0.0,0.4449999928474426,484.22074512666717,0.78746666332217,684,169.75,0.010941964994986342,>64 px
NGA,NG009001,2026-08-20,2,0.3155,0.26749998,0.11,0.66499996,10,3.1549997,0.1853436,0.26108605682393465,0.9049999713897705,0.09499998390674591,0.2549999952316284,2.284972002594083,0.19526227095200893,9,2.5,0.17246891656439095,1-4 px
NGA,NG009002,2026-08-20,2,0.3051515,0.18499999,0.0,1.7349998,165,50.35,0.37857082,0.32001153319498227,1.7349997758865356,0.0,0.1850000023841858,52.52017073716847,0.3761278456823752,164,41.25,0.04869723135879144,16-64 px
NGA,NG009003,2026-08-20,2,0.0148,0.0,0.0,0.145,25,0.37,0.038768027,0.016904810596434415,0.14499999582767487,0.0,0.0,0.43742986808060436,0.04072909836614248,26,6.25,0.1422169321915145,4-16 px
NGA,NG009005,2026-08-20,2,,,,,0,0.0,,0.004909417102023344,0.004999999888241291,0.0,0.004999999888241291,0.0006719751277937829,0.0006668648137421209,0,0.0,,
NGA,NG009006,2026-08-20,2,0.17444445,0.165,0.15,0.23,9,1.57,0.030408738,0.210028936951823,1.0699999332427979,0.02499999850988388,0.16500000655651093,2.162924366571908,0.12324639479316621,10,2.25,0.2039874983229504,1-4 px
NGA,NG009007,2026-08-20,2,0.26878047,0.18499999,0.024999999,0.9,41,11.0199995,0.26346835,0.26227970066539386,0.8999999761581421,0.02499999850988388,0.1849999874830246,11.068056365346797,0.24803232897351,42,10.25,0.02418616700315368,4-16 px
NGA,NG009008,2026-08-20,2,1.8860439,1.98,0.43,4.565,91,171.62999,1.0168588,1.9009103481574519,4.565000057220459,0.4300000071525574,1.9800000190734863,179.30076236076917,1.0007712858663458,94,22.75,0.007882344709713206,16-64 px
NGA,NG009009,2026-08-20,2,0.0,0.0,0.0,0.0,6,0.0,0.0,0.0,0.0,0.0,0.0,0.0,0.0,6,1.5,,1-4 px
NGA,NG009010,2026-08-20,2,0.0,0.0,0.0,0.0,5,0.0,0.0,0.0,0.0,0.0,0.0,0.0,0.0,4,1.25,,1-4 px
NGA,NG009011,2026-08-20,2,1.0541378,0.93,0.325,1.9499999,29,30.569998,0.4458604,1.1389417425870487,1.9499999284744263,0.32499998807907104,1.1549997329711914,30.227171350082173,0.43062671548977455,27,7.25,0.08044863070753068,4-16 px
NGA,NG009012,2026-08-20,2,0.9599999,0.83500004,0.35499996,1.9499999,63,60.479996,0.46099356,0.9935904802603408,2.0799999237060547,0.35499995946884155,0.8350000381469727,63.88574914303373,0.4664952431205652,64,15.75,0.034990191415999926,4-16 px
NGA,NG009013,2026-08-20,2,1.3220967,1.325,0.555,2.1749997,31,40.984997,0.49411005,1.2908095115605949,3.4050002098083496,0.39499998092651367,1.2549999952316284,39.61750381046888,0.5549828571511478,31,7.75,0.023664826059549983,4-16 px
NGA,NG009014,2026-08-20,2,0.41458333,0.40999997,0.094999984,1.7349998,36,14.924999,0.27698115,0.4612519872605607,1.7349997758865356,0.09499998390674591,0.4449999928474426,17.249232693927805,0.30275215241029463,37,9.0,0.1125676164079262,4-16 px
NGA,NG009015,2026-08-20,2,1.6225,1.5424999,0.28499997,3.4050002,16,25.96,0.9889246,1.335600373166497,3.4050002098083496,0.16500000655651093,1.2300000190734863,20.431872004577592,0.9337380030399448,15,4.0,0.1768256559836691,1-4 px
NGA,NG009016,2026-08-20,2,0.16535713,0.075,0.0,1.0099999,42,6.9449997,0.22635671,0.1284115244391825,1.0099998712539673,0.0,0.014999999664723873,5.675148921874739,0.19083414377998928,44,10.5,0.22342916547243835,4-16 px
NGA,NG009017,2026-08-20,2,0.9262069,1.01,0.23,1.685,29,26.859999,0.4075064,0.874833942960795,2.5349998474121094,0.11499999463558197,1.0099999904632568,26.11320324668125,0.44622466503158925,30,7.25,0.05546596234513593,4-16 px
NGA,NG009018,2026-08-20,2,0.5225,0.45999998,0.094999984,1.36,22,11.495,0.4479112,0.5670330825382266,1.7349997758865356,0.09499998390674591,0.4049999713897705,12.205057930286525,0.4884730650784858,22,5.5,0.08523077997746724,4-16 px
NGA,NG009019,2026-08-20,2,0.31906778,0.27499998,0.015,0.98499995,59,18.824999,0.24289823,0.36058597036558826,1.5149999856948853,0.014999999664723873,0.3099999725818634,21.040816909050452,0.2743467336246461,58,14.75,0.1301234188095966,4-16 px
NGA,NG010,2026-08-20,1,0.74658275,0.425,0.0,10.250001,556,415.1,1.1510482,0.7451460657299618,10.250000953674316,0.0,0.42500001192092896,415.5178821384006,1.1490172894482773,558,139.0,0.001924346993066984,>64 px
NGA,NG010001,2026-08-20,2,0.29500002,0.20500001,0.0,1.53,13,3.835,0.39614972,0.3313382362918144,3.009999990463257,0.0,0.20500001311302185,4.381285640335829,0.4924537568351715,13,3.25,0.12318038585832788,1-4 px
NGA,NG010002,2026-08-20,2,1.3439655,0.845,0.21000001,3.01,29,38.975,0.9817651,1.5194306067159202,3.009999990463257,0.004999999888241291,1.5299999713897705,43.2217587531667,1.020171022531872,28,7.25,0.13055774624863534,4-16 px
NGA,NG010003,2026-08-20,2,0.37625,0.36499998,0.36499998,0.41000003,4,1.505,0.019485591,0.38740564629000757,0.6249999403953552,0.31999996304512024,0.3649999797344208,1.6269233149040174,0.06393588762270609,4,1.0,0.029649558245867357,<1 px
NGA,NG010004,2026-08-20,2,0.8804098,0.475,0.105000004,2.3149998,61,53.704994,0.68416107,0.8369558835523376,2.31499981880188,0.10500000417232513,0.4749999940395355,52.80423142715185,0.6633607647251433,63,15.25,0.04935646609983486,4-16 px
NGA,NG010005,2026-08-20,2,0.13846153,0.094999984,0.005,0.35999995,13,1.7999998,0.12496744,0.12945194626446874,0.8650000095367432,0.004999999888241291,0.09499998390674591,1.6054133758560472,0.14337738291857619,12,3.25,0.06506921984417811,1-4 px
NGA,NG010006,2026-08-20,2,0.8110526,0.87,0.034999996,1.49,19,15.41,0.53567857,0.8550827454173161,1.4900000095367432,0.034999996423721313,0.8700000047683716,15.00264349549844,0.5183555557575495,18,4.75,0.05428765707343283,4-16 px
NGA,NG010007,2026-08-20,2,0.39357144,0.435,0.02,0.71500003,14,5.51,0.22561368,0.43635880669508254,0.7150000333786011,0.019999999552965164,0.4449999928474426,6.670373118211669,0.23539482881693258,15,3.5,0.10871562909921142,1-4 px
NGA,NG010008,2026-08-20,2,0.07642857,0.03,0.015,0.425,14,1.0699999,0.10280753,0.13217460158962346,0.6949999928474426,0.009999999776482582,0.029999999329447746,1.8816075603973472,0.16003195702694822,14,3.5,0.7293873428434349,1-4 px
NGA,NG010009,2026-08-20,2,3.727143,1.8599999,0.56499994,10.250001,14,52.180004,3.4189537,3.780533637575812,10.250000953674316,0.5649999380111694,1.8599998950958252,59.49431207135385,3.420956754598135,16,3.5,0.01432481597186155,1-4 px
NGA,NG010010,2026-08-20,2,1.2455,0.9949999,0.13499999,6.5200005,20,24.909998,1.3438452,1.3378564356774203,10.250000953674316,0.07000000029802322,0.7349998950958252,30.115891371782492,1.8433905157215444,23,5.0,0.07415209608785246,4-16 px
NGA,NG010011,2026-08-20,2,1.0651786,0.735,0.01,10.250001,56,59.65,1.8649982,0.8797421012514642,10.250000953674316,0.009999999776482582,0.6200000643730164,46.226473912939554,1.4830389759312426,53,14.0,0.1740895834262309,4-16 px
NGA,NG010012,2026-08-20,2,0.86480767,0.71000004,0.005,1.9699998,26,22.484999,0.753084,0.8745263204944074,1.9699997901916504,0.004999999888241291,0.6200000643730164,23.47569970516361,0.7274346416111831,27,6.5,0.011237932816214897,4-16 px
NGA,NG010013,2026-08-20,2,0.114374995,0.105000004,0.005,0.29999998,16,1.8299999,0.0958331,0.13367473614510297,1.0749999284744263,0.004999999888241291,0.10500000417232513,2.0964319269993203,0.16702048402685074,16,4.0,0.1687409135633447,1-4 px
NGA,NG010014,2026-08-20,2,1.1922222,0.22,0.0,3.01,18,21.460001,1.2653637,1.0736318139569099,3.009999990463257,0.0,0.08999999612569809,17.906487693959665,1.225519771969238,17,4.5,0.09947003674574265,4-16 px
NGA,NG010015,2026-08-20,2,1.5693748,1.3999999,0.845,2.89,8,12.554999,0.5462168,1.4108336194179778,2.890000104904175,0.8450000286102295,1.3999998569488525,12.282641832859763,0.37141054300057175,9,2.0,0.10102187226532645,1-4 px
NGA,NG010016,2026-08-20,2,0.30874997,0.34999996,0.22000001,0.355,8,2.4699998,0.056333255,0.2877432613536509,0.3999999165534973,0.13499999046325684,0.2549999952316284,2.122167707376454,0.06763535427185664,7,2.0,0.06803792935218446,1-4 px
NGA,NG010017,2026-08-20,2,0.64699996,0.6099999,0.08499999,1.0749999,15,9.705,0.27917022,0.6777056609255832,1.4900000095367432,0.08499999344348907,0.8500000238418579,9.497604569941137,0.31494424391115095,14,3.75,0.04745858241719692,1-4 px
NGA,NG010018,2026-08-20,2,0.24928571,0.19999999,0.049999997,0.365,7,1.745,0.11159329,0.22525538470081155,0.36500000953674316,0.04999999701976776,0.19999998807907104,1.2191931292723195,0.10343454943171258,5,1.75,0.09639672205514084,1-4 px
NGA,NG010019,2026-08-20,2,0.4717857,0.35999995,0.01,0.865,28,13.209999,0.2942764,0.5014153943646852,1.8599998950958252,0.004999999888241291,0.35999995470046997,13.601265014942205,0.3551975624380796,27,7.0,0.06280329048694187,4-16 px
NGA,NG010020,2026-08-20,2,0.37791666,0.375,0.049999997,0.62499994,24,9.07,0.12500763,0.36333930512617435,0.6799999475479126,0.04999999701976776,0.3649999797344208,9.129850671008109,0.12865219140313094,25,6.0,0.03857293529696644,4-16 px
NGA,NG010021,2026-08-20,2,0.21166664,0.015,0.005,1.2849998,15,3.1749997,0.42335427,0.18592987424346197,1.9550001621246338,0.004999999888241291,0.014999999664723873,2.4820922163342884,0.43188450597506134,13,3.75,0.12159103464078243,1-4 px
NGA,NG010022,2026-08-20,2,0.20499998,0.20499998,0.20499998,0.20499998,3,0.61499995,0.0,0.15229449553944874,0.29999998211860657,0.004999999888241291,0.20499998331069946,0.5590267855180684,0.06968658864796291,4,0.75,0.25709994928073293,<1 px
NGA,NG010023,2026-08-20,2,0.20833333,0.08499999,0.0,0.87,60,12.5,0.26578763,0.19620630239347198,0.8700000047683716,0.0,0.08499999344348907,11.765422557792405,0.2553018060818284,60,15.0,0.0582097334426903,4-16 px
NGA,NG010024,2026-08-20,2,0.4222222,0.43,0.105000004,0.87,18,7.6,0.17980099,0.4206595702159407,0.8700000047683716,0.10500000417232513,0.4300000071525574,8.044606029458713,0.19688091502008132,19,4.5,0.0037009654728228395,4-16 px
NGA,NG010025,2026-08-20,2,0.7194339,0.55,0.24000001,1.4999998,53,38.129997,0.38189152,0.6922180264088922,1.989999771118164,0.14499999582767487,0.550000011920929,38.30447697230455,0.3768023401139456,55,13.25,0.037829567929879,4-16 px
NGA,NG011,2026-08-20,1,0.3843596,0.22,0.0,2.17,203,78.024994,0.39515358,0.37191397285698863,2.1700000762939453,0.0,0.20500001311302185,77.06795203531424,0.3859544736947351,207,50.75,0.032380164676546114,16-64 px
NGA,NG011001,2026-08-20,2,0.35133332,0.37,0.065,0.55999994,15,5.27,0.10002443,0.3243201389096997,1.0399999618530273,0.04999999701976776,0.3700000047683716,4.912097344024752,0.12385160150204108,15,3.75,0.07688761512941704,1-4 px
NGA,NG011002,2026-08-20,2,0.66499996,0.66499996,0.27999997,0.9,7,4.6549997,0.20371549,0.5823474767754724,0.8999999761581421,0.10999999940395355,0.6649999618530273,4.5487009225324,0.22402368075843485,8,1.75,0.1242894559339937,1-4 px
NGA,NG011003,2026-08-20,2,0.79384613,0.855,0.55999994,0.93999994,13,10.32,0.14142345,0.7806280964588294,0.9399999380111694,0.5299999117851257,0.8550000190734863,9.613343099142348,0.15260987421820346,12,3.25,0.01665062414698763,1-4 px
NGA,NG011004,2026-08-20,2,0.04205882,0.02,0.0,0.17999999,17,0.715,0.055440977,0.036639485894123226,1.4199999570846558,0.0,0.019999999552965164,0.6064432638419868,0.04939006537827859,17,4.25,0.12885131123214513,4-16 px
NGA,NG011005,2026-08-20,2,0.23230769,0.085,0.0,0.83500004,13,3.02,0.2868772,0.2409683872583718,1.0399999618530273,0.0,0.08500000089406967,3.2566806828919677,0.3007034059782215,14,3.25,0.03728114750902904,1-4 px
NGA,NG011006,2026-08-20,2,1.0079999,1.04,0.70500004,1.3199997,10,10.079999,0.19001567,0.9800748497590268,1.3199996948242188,0.3999999761581421,1.0399999618530273,8.458523790501548,0.19698804979238527,9,2.5,0.027703425606463987,1-4 px
NGA,NG011007,2026-08-20,2,0.47289473,0.505,0.094999984,0.905,19,8.985,0.22903295,0.4605912097808684,1.0399999618530273,0.09499998390674591,0.39499998092651367,9.866237788983488,0.22922971199855138,21,4.75,0.02601746105128209,4-16 px
NGA,NG011008,2026-08-20,2,0.20375,0.14999999,0.0,0.635,20,4.075,0.22413096,0.1454008008603779,0.7050000429153442,0.0,0.12999999523162842,3.3046461789377926,0.19502320399339398,23,5.0,0.28637643749507774,4-16 px
NGA,NG011009,2026-08-20,2,0.7278572,0.66,0.48,1.3,7,5.0950003,0.26191404,0.7879467997793816,1.5899999141693115,0.47999998927116394,0.6600000262260437,6.864397855187472,0.2856323558521614,9,1.75,0.0825568528818313,1-4 px
NGA,NG011010,2026-08-20,2,0.059142854,0.02,0.0,0.39499998,35,2.07,0.08176172,0.0740495922020996,0.6499999761581421,0.0,0.019999999552965164,2.62462107477362,0.11016210542363714,35,8.75,0.2520463114968986,4-16 px
NGA,NG011011,2026-08-20,2,0.94062495,0.79249996,0.60999995,2.17,8,7.5249996,0.48586547,0.8906034984182475,2.1700000762939453,0.60999995470047,0.8349999189376831,9.69972866451421,0.37230438447333253,11,2.0,0.05317895467449862,1-4 px
NGA,NG011012,2026-08-20,2,0.04904762,0.0,0.0,0.20500001,21,1.03,0.07932182,0.06053180963890641,0.20500001311302185,0.0,0.0,1.1926279341470476,0.08455215105006947,20,5.25,0.23414366770306924,4-16 px
NGA,NG011013,2026-08-20,2,0.843611,0.79249996,0.13999999,1.3199997,18,15.1849985,0.32373592,0.8444236511951858,1.3199996948242188,0.13999998569488525,0.75,12.11990383727286,0.35647890073647054,14,4.5,0.0009633008521531956,4-16 px
NGA,NG012,2026-08-20,1,0.1955582,0.02,0.0,2.9299998,627,122.615,0.42821762,0.19041050227053605,2.929999828338623,0.0,0.019999999552965164,121.54348591379035,0.424346659995786,638,156.75,0.026323098338315348,>64 px
NGA,NG012001,2026-08-20,2,0.14945652,0.0,0.0,0.71,46,6.875,0.23682278,0.16650478657953605,0.7599999904632568,0.0,0.0,7.317738167283927,0.26195445193179223,44,11.5,0.11406840316860072,4-16 px
NGA,NG012002,2026-08-20,2,0.022499999,0.02,0.02,0.029999997,4,0.089999996,0.004330126,0.022105447169293264,0.029999997466802597,0.0,0.019999999552965164,0.05500646080975913,0.006691605097606979,2,1.0,0.01753563769966105,<1 px
NGA,NG012003,2026-08-20,2,0.155,0.0,0.0,1.24,10,1.5500001,0.36679694,0.1314318441750581,1.2400000095367432,0.0,0.0,1.1350120974021856,0.3522307926283757,9,2.5,0.15205261822543162,1-4 px
NGA,NG012004,2026-08-20,2,0.0,0.0,0.0,0.0,9,0.0,0.0,0.0,0.0,0.0,0.0,0.0,0.0,11,2.25,,1-4 px
NGA,NG012005,2026-08-20,2,0.01127907,0.0,0.0,0.16499999,43,0.48499998,0.036057014,0.006091443348525024,0.20500001311302185,0.0,0.0,0.2600921417016486,0.028548008191738188,43,10.75,0.4599338998228556,4-16 px
NGA,NG012006,2026-08-20,2,1.0858823,0.895,0.0,2.9299998,17,18.46,1.0419441,0.6863848116103091,2.929999828338623,0.0,0.29499998688697815,11.569788032410653,0.7786817138237475,17,4.25,0.3679012802673834,4-16 px
NGA,NG012007,2026-08-20,2,0.04571429,0.0,0.0,0.21000001,21,0.96000004,0.081566304,0.04975917973587852,0.73499995470047,0.0,0.0,1.0794166924337687,0.11312871395891623,22,5.25,0.0884819546771594,4-16 px
NGA,NG012008,2026-08-20,2,0.006111111,0.0,0.0,0.06,36,0.21999998,0.017365,0.0032664502353729253,0.05999999865889549,0.0,0.0,0.12105515674067813,0.01322753736298734,37,9.0,0.4654899517660659,4-16 px
NGA,NG012009,2026-08-20,2,0.14983332,0.012499999,0.0,0.73499995,30,4.495,0.25155345,0.14102593767018556,0.73499995470047,0.0,0.02499999850988388,4.333506392876625,0.24088292554617557,31,7.5,0.058781199868056244,4-16 px
NGA,NG012010,2026-08-20,2,0.1,0.11,0.0,0.17999999,11,1.1,0.06463182,0.09322548029291447,0.17999999225139618,0.0,0.10500000417232513,1.0654909716937804,0.06120151407205965,11,2.75,0.06774519707085536,1-4 px
NGA,NG012011,2026-08-20,2,0.41362068,0.20000002,0.0,1.02,29,11.995,0.3654329,0.4072005926226122,1.4900000095367432,0.0,0.20000001788139343,11.405631591522559,0.3820054011729912,28,7.25,0.015521678890397371,4-16 px
NGA,NG012012,2026-08-20,2,0.068571426,0.06999999,0.02,0.20000002,7,0.48,0.05792325,0.14092556361562972,0.5899999141693115,0.0,0.06999999284744263,1.1534381984196154,0.17049923829742214,8,1.75,1.0551645464632704,1-4 px
NGA,NG012013,2026-08-20,2,0.2830263,0.19,0.0,1.4549999,76,21.51,0.3542283,0.2622166184460545,1.4900000095367432,0.0,0.15000000596046448,20.654989821714526,0.33592639794905327,79,19.0,0.07352561070807033,16-64 px
NGA,NG012014,2026-08-20,2,0.051756755,0.0,0.0,0.33499998,74,3.83,0.09394303,0.04788753531250027,0.6599999666213989,0.0,0.0,3.6611965315282786,0.09765499471139111,76,18.5,0.07475777195652492,16-64 px
NGA,NG012015,2026-08-20,2,0.108055554,0.037499998,0.0,0.75,90,9.724999,0.16927081,0.09910305110045017,0.75,0.0,0.034999996423721313,8.982616633194324,0.15846621260085442,91,22.5,0.0828509277695233,16-64 px
NGA,NG012016,2026-08-20,2,0.020263158,0.0,0.0,0.37,38,0.77,0.06251261,0.046353334660809105,0.8949999809265137,0.0,0.0,1.8636335157838517,0.11415239430027338,40,9.5,1.2875671531954251,4-16 px
NGA,NG012017,2026-08-20,2,0.07934783,0.0,0.0,0.895,23,1.8249999,0.20434575,0.04610445994832028,0.8949999809265137,0.0,0.0,1.1164079066130301,0.1448817123916067,24,5.75,0.41895751971641465,4-16 px
NGA,NG012018,2026-08-20,2,0.6070635,0.505,0.0,2.9299998,63,38.245,0.7846542,0.7028710925008699,2.929999828338623,0.0,0.5049999952316284,45.76846602772506,0.8824701540268298,65,15.75,0.15782136877092742,4-16 px
NGA,NG013,2026-08-20,1,0.01875,0.0,0.0,0.22999999,188,3.525,0.048308145,0.019329725459222177,0.22999998927116394,0.0,0.0,3.6466200763603034,0.04871066175406229,189,47.0,0.030918691158516125,16-64 px
NGA,NG013001,2026-08-20,2,0.065500006,0.01,0.0,0.20500001,10,0.65500003,0.09152733,0.07519971966650953,0.22999998927116394,0.0,0.019999999552965164,0.8900775985113001,0.08962526564162528,12,2.5,0.14808721798452243,1-4 px
NGA,NG013002,2026-08-20,2,0.01076923,0.0,0.0,0.06,13,0.14,0.021648072,0.013472513445796702,0.05999999865889549,0.0,0.0,0.19187395744693084,0.024029344856828776,14,3.25,0.2510191950396363,1-4 px
NGA,NG013003,2026-08-20,2,0.0,0.0,0.0,0.0,6,0.0,0.0,0.0,0.0,0.0,0.0,0.0,0.0,8,1.5,,1-4 px
NGA,NG013004,2026-08-20,2,0.025,0.0,0.0,0.125,10,0.25,0.05,0.032021434545738525,0.125,0.0,0.0,0.3301444447524905,0.053226523184027465,10,2.5,0.28085738182954095,1-4 px
NGA,NG013005,2026-08-20,2,0.0,0.0,0.0,0.0,12,0.0,0.0,0.001264944412469719,0.05999999865889549,0.0,0.0,0.013929263165600359,0.008619546315504205,11,3.0,,1-4 px
NGA,NG013006,2026-08-20,2,0.0,0.0,0.0,0.0,12,0.0,0.0,0.0009927282502360996,0.08999999612569809,0.0,0.0,0.012177308503042975,0.007941503141729166,12,3.0,,1-4 px
NGA,NG013007,2026-08-20,2,0.0,0.0,0.0,0.0,8,0.0,0.0,0.0,0.0,0.0,0.0,0.0,0.0,8,2.0,,1-4 px
NGA,NG013008,2026-08-20,2,0.042499997,0.005,0.0,0.22999999,8,0.33999997,0.07644442,0.024511978144436845,0.22999998927116394,0.0,0.0,0.18564753988039223,0.058608499955708576,8,2.0,0.4232475323601353,1-4 px
NGA,NG013009,2026-08-20,2,0.0075,0.0,0.0,0.089999996,12,0.089999996,0.024874685,0.00903224801782236,0.08999999612569809,0.0,0.0,0.11162906815341574,0.02701135294411978,12,3.0,0.204299735709648,1-4 px
NGA,NG013010,2026-08-20,2,0.0019999999,0.0,0.0,0.01,10,0.02,0.0039999997,0.0023171074709446974,0.009999999776482582,0.0,0.0,0.018015211998986796,0.004219251966833145,8,2.5,0.15855379340003836,1-4 px
NGA,NG013011,2026-08-20,2,0.013783784,0.0,0.0,0.105000004,37,0.51,0.026873212,0.014004479956529134,0.10500000417232513,0.0,0.0,0.4915805972846959,0.02834696062867015,35,9.25,0.016011275026446555,4-16 px
NGA,NG013012,2026-08-20,2,0.0,0.0,0.0,0.0,3,0.0,0.0,0.0,0.0,0.0,0.0,0.0,0.0,3,0.75,,<1 px
NGA,NG013013,2026-08-20,2,0.10227273,0.06,0.02,0.22999999,11,1.125,0.07637716,0.11099538130726264,0.22999998927116394,0.0,0.08999999612569809,1.1896818895271657,0.08213703268319718,11,2.75,0.08528814384110632,1-4 px
NGA,NG013014,2026-08-20,2,0.00038461538,0.0,0.0,0.005,13,0.005,0.0013323467,8.121864522281743e-05,0.009999999776482582,0.0,0.0,0.0011012484724294955,0.0006633261083264728,14,3.25,0.7888315198866529,1-4 px
NGA,NG013015,2026-08-20,2,0.0,0.0,0.0,0.0,6,0.0,0.0,0.0,0.0,0.0,0.0,0.0,0.0,6,1.5,,1-4 px
NGA,NG013016,2026-08-20,2,0.022941176,0.005,0.0,0.22999999,17,0.39,0.053055428,0.012704437814190318,0.22999998927116394,0.0,0.004999999888241291,0.2107619624764562,0.035566212285887785,17,4.25,0.44621680186794616,4-16 px
NGA,NG014,2026-08-20,1,0.4954115,0.16499999,0.0,2.5450003,243,120.384995,0.6832699,0.4785270233843244,2.5450003147125244,0.0,0.16499999165534973,119.50215853931556,0.6701385104096654,250,60.75,0.03408172118668138,16-64 px
NGA,NG014001,2026-08-20,2,1.8795832,2.1874998,0.855,2.485,12,22.554998,0.6665722,1.9419515781043184,2.5450003147125244,0.60999995470047,2.2049996852874756,23.44843205990741,0.6443363034991989,12,3.0,0.03318202573012916,1-4 px
NGA,NG014002,2026-08-20,2,1.4693749,1.5674998,0.49499997,2.31,16,23.509998,0.64425313,1.5721750134460157,2.484999895095825,0.4949999749660492,1.7349997758865356,22.68782486405718,0.7232650635366223,14,4.0,0.06996180038601156,1-4 px
NGA,NG014003,2026-08-20,2,0.53999996,0.47999996,0.16499999,1.145,13,7.0199995,0.2884241,0.5553561232098696,1.1449999809265137,0.16499999165534973,0.48499995470046997,7.119663003171999,0.2883972192201203,13,3.25,0.028437341384006134,1-4 px
NGA,NG014004,2026-08-20,2,0.30499998,0.315,0.28499997,0.315,3,0.91499996,0.01414215,0.2884983088819837,0.4100000262260437,0.16499999165534973,0.3149999976158142,0.8802893812593635,0.04591959134139891,3,0.75,0.054103843278994035,<1 px
NGA,NG014005,2026-08-20,2,0.74999994,0.74999994,0.41000003,1.0899999,2,1.4999999,0.33999994,0.4745344902492557,1.0899999141693115,0.2849999666213989,0.4100000262260437,1.168141853728449,0.2808120576913583,2,0.5,0.3672872957173094,<1 px
NGA,NG014006,2026-08-20,2,0.24142857,0.065,0.0,0.9999999,21,5.07,0.28606167,0.226928193915136,0.9999998807907104,0.0,0.06499999761581421,4.735247839640258,0.2745773718934554,21,5.25,0.060060729700979525,4-16 px
NGA,NG014007,2026-08-20,2,0.12227273,0.03,0.0,0.31,11,1.345,0.14229234,0.14096433704285813,0.3700000047683716,0.0,0.029999999329447746,1.5401286304542399,0.15139036407026749,11,2.75,0.15286815827910388,1-4 px
NGA,NG014008,2026-08-20,2,0.06863636,0.065,0.0,0.16499999,11,0.75499994,0.07084204,0.11272823932264409,0.699999988079071,0.0,0.07499999552965164,1.1218297259385428,0.1461669476127532,10,2.75,0.6423982758212133,1-4 px
NGA,NG014009,2026-08-20,2,0.0975,0.13,0.0,0.13,4,0.39,0.05629165,0.07926120802810936,0.12999999523162842,0.0,0.12999999523162842,0.4413989491577817,0.058510311525785716,6,1.0,0.1870645330450322,<1 px
NGA,NG014010,2026-08-20,2,0.1448148,0.07,0.0,0.48499995,27,3.9099998,0.1794667,0.10738891844624938,0.6349999904632568,0.0,0.02499999850988388,2.9712988798581397,0.16859824846102875,28,6.75,0.2584396177307196,4-16 px
NGA,NG014011,2026-08-20,2,1.0618,0.7399999,0.049999997,2.5450003,25,26.545,0.88086087,0.8827708014215431,2.5450003147125244,0.04999999701976776,0.7399998903274536,21.936582364955285,0.7992545606208614,25,6.25,0.1686091529275353,4-16 px
NGA,NG014012,2026-08-20,2,0.66571426,0.49499997,0.41000003,1.0899999,7,4.66,0.291136,0.6387323737366624,1.0899999141693115,0.16499999165534973,0.4949999749660492,5.322442528282985,0.2873530678526433,8,1.75,0.04053073200405477,1-4 px
NGA,NG014013,2026-08-20,2,0.045294117,0.03,0.0,0.13,17,0.77,0.03983313,0.04261624692913332,0.3700000047683716,0.0,0.029999999329447746,0.7758198018757472,0.04445340461211429,18,4.25,0.05912180760399147,4-16 px
NGA,NG014014,2026-08-20,2,1.1845453,1.3999997,0.255,1.4299997,11,13.029998,0.34012324,1.1517431080586578,1.4299997091293335,0.06499999761581421,1.1299999952316284,15.483988639394937,0.3358030300021711,13,2.75,0.02769180034004791,1-4 px
NGA,NG014015,2026-08-20,2,0.017777776,0.024999999,0.0,0.03,9,0.16,0.012717247,0.01585911339448378,0.029999999329447746,0.0,0.02499999850988388,0.1333465319193324,0.013461268761077193,8,2.25,0.10792478235276554,1-4 px
NGA,NG014016,2026-08-20,2,0.2660714,0.15749998,0.0,0.9999999,28,7.4499993,0.30725846,0.3058744478362218,1.399999737739563,0.0,0.19499999284744263,8.910458564448206,0.340857368256023,29,7.0,0.14959536363630888,4-16 px
NGA,NG014017,2026-08-20,2,0.030769229,0.015,0.0,0.11999999,26,0.79999995,0.03965457,0.029967529932005472,0.1849999874830246,0.0,0.029999999329447746,0.8252652285485804,0.03857652270547295,28,6.5,0.02605522120799732,4-16 px
NGA,NG015,2026-08-20,1,2.9236708,1.595,0.0,12.635,237,692.91,3.0479355,3.25573534689714,12.635000228881836,0.0,2.234999895095825,790.7813869592928,3.240850820870469,243,59.25,0.11357795374812374,16-64 px
NGA,NG015001,2026-08-20,2,0.20711538,0.1275,0.0,0.995,26,5.3849998,0.2369525,0.2755215989826183,1.7599999904632568,0.0,0.23999999463558197,7.5359020629677325,0.2838075104426116,27,6.5,0.33028073039587075,4-16 px
NGA,NG015002,2026-08-20,2,5.942157,5.975,1.7249999,12.635,51,303.05,2.5151823,6.525613847778939,12.635000228881836,1.7249999046325684,7.175000190734863,369.6989116675373,2.5980053297838,57,12.75,0.09818940290183169,4-16 px
NGA,NG015003,2026-08-20,2,6.526143,6.415,2.4799998,11.19,35,228.415,2.390072,6.7445969603607585,11.1899995803833,2.4799997806549072,6.414999961853027,232.18948843236217,2.3493019105027786,34,8.75,0.03347367049124701,4-16 px
NGA,NG015004,2026-08-20,2,0.8757353,0.61499995,0.04,2.34,34,29.775,0.5856622,1.0299895238876682,4.065000057220459,0.03999999910593033,0.934999942779541,33.91957209587807,0.7951347526094121,33,8.5,0.1761425214761449,4-16 px
NGA,NG015005,2026-08-20,2,2.2874508,2.235,0.465,5.0099998,51,116.659996,1.4122323,2.680656134226254,8.679999351501465,0.4650000035762787,2.6049997806549072,134.9906119894376,1.6946413206547146,50,12.75,0.1718967394735897,4-16 px
NGA,NG015006,2026-08-20,2,0.240625,0.23499998,0.0,1.25,40,9.625,0.242111,0.30234004835734735,1.7249999046325684,0.0,0.23499998450279236,12.44690129740172,0.3288031708886024,41,10.0,0.2564781230435214,4-16 px
NGA,NG016,2026-08-20,1,10.385757,10.215001,0.81500006,20.844997,574,5961.425,4.581723,10.474046817591432,25.014999389648438,0.815000057220459,10.345001220703125,6027.799752981229,4.59131288112097,575,143.5,0.008501047886199571,>64 px
NGA,NG016001,2026-08-20,2,14.215774,14.004999,7.12,20.844997,84,1194.125,3.8080852,14.543621386453387,22.34000015258789,7.119999885559082,14.505000114440918,1176.9182082287564,3.862494506711036,81,21.0,0.02306222555686288,16-64 px
NGA,NG016002,2026-08-20,2,10.2613,11.3,0.81500006,16.48,50,513.065,5.2344975,9.74939546496174,16.479999542236328,0.815000057220459,11.300000190734863,515.5865143033664,5.461075209309906,53,12.5,0.04988690858256364,4-16 px
NGA,NG016003,2026-08-20,2,9.223077,7.9550004,4.18,18.169998,26,239.8,4.4679666,8.936479064948298,19.30000114440918,4.179999828338623,7.784999847412109,224.37182664775742,4.364541102629727,25,6.5,0.031074004375297126,4-16 px
NGA,NG016004,2026-08-20,2,9.267107,8.75,4.555,16.145,121,1121.32,3.186015,9.213589968770732,16.145000457763672,4.554999828338623,8.75,1124.9924592384066,3.0654685933820995,122,30.25,0.005774944783659823,16-64 px
NGA,NG016005,2026-08-20,2,6.3433022,5.7349997,1.385,14.975,53,336.195,3.3949018,6.706253018505648,17.959999084472656,1.3849999904632568,6.5,353.11375162780735,3.4372978308379363,53,13.25,0.05721796109692642,4-16 px
NGA,NG016006,2026-08-20,2,12.355,12.355,12.355,12.355,1,12.355,0.0,10.90156374209126,12.354999542236328,8.664999961853027,10.345001220703125,16.265319471907212,1.0132868590042547,1,0.25,0.11763951905372234,<1 px
NGA,NG016007,2026-08-20,2,10.633846,8.05,2.405,18.190002,39,414.72,5.685035,10.204081660905713,19.30000114440918,0.815000057220459,8.050000190734863,387.9483624648053,5.8209988367474,38,9.75,0.04041476048217055,4-16 px
NGA,NG016008,2026-08-20,2,12.068135,12.17,3.3399997,18.194998,59,712.02,3.3176475,12.49116484571405,18.194997787475586,3.3399996757507324,12.170000076293945,709.1131070384203,2.963216108633304,57,14.75,0.035053456537737566,4-16 px
NGA,NG016009,2026-08-20,2,13.764314,14.975,6.8050003,19.7,51,701.98,3.700038,13.744479567488717,25.014999389648438,3.374999523162842,14.975000381469727,717.7876046232187,3.7200622524322715,52,12.75,0.00144100407120058,4-16 px
NGA,NG016010,2026-08-20,2,6.742,7.145,2.405,18.169998,30,202.26,3.241886,6.963309295125007,18.169998168945312,2.4049999713897705,7.295000076293945,199.121944039227,2.932699933479432,29,7.5,0.03282546649733119,4-16 px
NGA,NG016011,2026-08-20,2,8.55975,7.705,3.25,16.394999,60,513.585,3.0013871,9.309366726195758,19.30000114440918,2.984999895095825,8.415000915527344,602.5806550326379,3.3829720013888163,65,15.0,0.08757460512231773,4-16 px
NGA,NG017,2026-08-20,1,0.4027044,0.32500002,0.01,1.4649999,159,64.03,0.35855916,0.428560586521452,1.989999771118164,0.009999999776482582,0.3399999737739563,70.98632877738514,0.37997248959071106,166,39.75,0.06420636705596461,16-64 px
NGA,NG017001,2026-08-20,2,0.35,0.44000003,0.16000001,0.49499997,5,1.75,0.15642889,0.3962518781974512,1.3099998235702515,0.1600000113248825,0.4949999749660492,2.278875102250246,0.18905430561537792,6,1.25,0.1321482234212893,1-4 px
NGA,NG017002,2026-08-20,2,0.62,0.62,0.62,0.62,4,2.48,0.0,0.6776797601759035,1.3099998235702515,0.5299999117851257,0.6200000047683716,2.5198396915945738,0.20976727210410848,4,1.0,0.09303187125145723,<1 px
NGA,NG017003,2026-08-20,2,0.54999995,0.5299999,0.33999997,0.685,6,3.2999997,0.11672619,0.5034526178240488,0.6850000023841858,0.32500001788139343,0.5299999117851257,2.8652028778115457,0.13382281915572755,6,1.5,0.0846315207409586,1-4 px
NGA,NG017004,2026-08-20,2,0.78499997,0.6675,0.49499997,1.3099998,4,3.1399999,0.33423415,0.8669094417091865,1.3099998235702515,0.4949999749660492,0.8400000333786011,3.407625433206632,0.2799277826363139,4,1.0,0.10434328005029923,<1 px
NGA,NG017005,2026-08-20,2,1.1587499,1.1449999,0.88000005,1.4649999,4,4.6349998,0.20728524,1.3300152794233946,1.989999771118164,0.8800000548362732,1.1449998617172241,7.914762789717748,0.33952526254049525,6,1.0,0.14780185044537605,<1 px
NGA,NG017006,2026-08-20,2,1.0049999,1.1449999,0.40499997,1.4649999,3,3.0149996,0.4439219,0.9803983342141124,1.4649999141693115,0.4049999713897705,1.1449998617172241,3.3350558501208525,0.38649422298326747,3,0.75,0.02447917237194519,<1 px
NGA,NG017007,2026-08-20,2,0.89333326,0.685,0.685,1.3099998,3,2.6799998,0.29462776,0.6972638974878446,1.3099998235702515,0.32500001788139343,0.6850000023841858,2.468501658205584,0.19290745785904362,4,0.75,0.21948064769485404,<1 px
NGA,NG017008,2026-08-20,2,0.5999999,0.6999999,0.36499995,0.6999999,6,3.5999997,0.14285773,0.609858704296803,0.6999999284744263,0.1599999964237213,0.6999999284744263,3.6065630976399876,0.1354844244522903,6,1.5,0.016431343233228823,1-4 px
NGA,NG017009,2026-08-20,2,0.40099996,0.36499995,0.33999997,0.5299999,5,2.0049996,0.067779034,0.3982689579283076,0.5299999117851257,0.1599999964237213,0.3649999499320984,1.996048523530784,0.07476144440934315,5,1.25,0.006810479661126181,1-4 px
NGA,NG017010,2026-08-20,2,0.16,0.16,0.16,0.16,1,0.16,0.0,0.2782853032292796,0.47999998927116394,0.1599999964237213,0.1599999964237213,0.47792497806646594,0.15446644789614072,2,0.25,0.7392831451829973,<1 px
NGA,NG017011,2026-08-20,2,0.31416664,0.32249996,0.16,0.48499995,6,1.8849999,0.13950555,0.3138869222504528,0.48499995470046997,0.1599999964237213,0.3649999499320984,2.0494809199552675,0.13604800255565466,7,1.5,0.0008903483499941774,1-4 px
NGA,NG017012,2026-08-20,2,0.09352941,0.049999997,0.01,0.44000003,17,1.59,0.09958392,0.12031066349323258,0.4949999749660492,0.009999999776482582,0.10999999940395355,2.1286199677272744,0.11592218772504928,18,4.25,0.2863404515567091,4-16 px
NGA,NG017013,2026-08-20,2,0.4983333,0.48499995,0.48,0.53,3,1.4949999,0.022484561,0.4200813707898838,0.5299999713897705,0.1599999964237213,0.47999998927116394,1.076239837336036,0.14430615313958559,3,0.75,0.15702729319938324,<1 px
NGA,NG017014,2026-08-20,2,0.48,0.48,0.48,0.48,1,0.48,0.0,0.4413308150532231,0.47999998927116394,0.4049999713897705,0.4049999713897705,0.5050668331732341,0.03748177854780667,1,0.25,0.08056080197245188,<1 px
NGA,NG017015,2026-08-20,2,0.30999997,0.36499995,0.16,0.40499997,3,0.9299999,0.10731572,0.3751035283613488,0.47999998927116394,0.1599999964237213,0.4049999713897705,0.8530605968742565,0.08194813898879222,2,0.75,0.21001149890868953,<1 px
NGA,NG017016,2026-08-20,2,1.3099998,1.3099998,1.3099998,1.3099998,2,2.6199996,0.0,1.224308348783003,1.3099998235702515,0.6850000023841858,1.3099998235702515,3.454282853072505,0.19379317124705475,3,0.5,0.06541333152646042,<1 px
NGA,NG017017,2026-08-20,2,0.30375,0.275,0.10000001,0.56,16,4.86,0.15015097,0.3259196653542327,0.5600000023841858,0.10000000894069672,0.2849999964237213,4.493491752223872,0.1569840671306969,14,4.0,0.07298655260652742,1-4 px
NGA,NG017018,2026-08-20,2,0.08480769,0.0775,0.015,0.265,26,2.205,0.056847986,0.10118671361052713,0.5600000023841858,0.014999999664723873,0.08500000089406967,2.9586460312364453,0.07642524304640613,29,6.5,0.1931313494156853,4-16 px
NGA,NG017019,2026-08-20,2,0.6016667,0.7299999,0.32500002,0.88000005,9,5.415,0.25021103,0.6625748582948551,1.0399999618530273,0.32500001788139343,0.7299998998641968,6.641044559566666,0.24214013143882487,10,2.25,0.10123239044948819,1-4 px
NGA,NG017020,2026-08-20,2,0.88399994,0.53,0.48,1.4649999,5,4.4199996,0.47473568,0.9540043646097882,1.4649999141693115,0.4049999713897705,0.5299999713897705,3.8234078069596302,0.4830006787612669,4,1.25,0.07919053095160637,1-4 px
NGA,NG017021,2026-08-20,2,1.105,1.105,1.105,1.105,3,3.315,0.0,1.144971404431316,1.989999771118164,0.5299999713897705,1.1050000190734863,2.8067908464982985,0.15090287706867433,2,0.75,0.03617321667992396,<1 px
NGA,NG017022,2026-08-20,2,0.52625,0.53,0.48499995,0.56,4,2.105,0.026780372,0.546480386512055,1.1050000190734863,0.22999998927116394,0.5299999713897705,2.345017106373159,0.14371409644141694,4,1.0,0.03844253969036579,<1 px
NGA,NG017023,2026-08-20,2,0.22999999,0.22999999,0.22999999,0.22999999,3,0.68999994,0.0,0.42142730310505605,1.1050000190734863,0.22999998927116394,0.5299999713897705,1.331327781438496,0.22820997264487983,3,0.75,0.8322927018607961,<1 px
NGA,NG017024,2026-08-20,2,0.29083332,0.31749997,0.03,0.44000003,6,1.745,0.15801942,0.3188522612806869,0.6999999284744263,0.029999999329447746,0.434999942779541,2.018472175328532,0.1732230733936307,6,1.5,0.09634020366265764,1-4 px
NGA,NG017025,2026-08-20,2,0.1355,0.15499999,0.015,0.21000001,10,1.355,0.071219735,0.1379325345951706,0.434999942779541,0.009999999776482582,0.1549999862909317,1.2889399119394565,0.08346129331038919,9,2.5,0.01795228483520733,1-4 px
NGA,NG017026,2026-08-20,2,0.17750001,0.17750001,0.15499999,0.20000002,2,0.355,0.022500016,0.21126400245796342,0.434999942779541,0.1549999862909317,0.20000001788139343,0.38821117102157826,0.07553194459702753,2,0.5,0.1902196651029113,<1 px
NGA,NG017027,2026-08-20,2,0.62999994,0.40499997,0.33999997,1.1449999,3,1.8899999,0.3651255,0.5556986939898912,1.1449998617172241,0.3399999737739563,0.4049999713897705,1.9538280474059375,0.28161710856903316,4,0.75,0.11793849696256921,<1 px
NGA,NG018,2026-08-20,1,14.017048,12.04,0.049999997,40.09499,764,10709.024,8.22839,14.096870166676597,40.124996185302734,0.04999999701976776,12.039999961853027,10876.428124382091,8.165672546731678,772,191.0,0.0056946488787508,>64 px
NGA,NG018001,2026-08-20,2,28.074999,30.577497,15.734999,33.045,14,393.05,4.91056,27.254183275276155,33.04499816894531,15.73499870300293,27.96999740600586,384.2380673583149,4.886132022911159,14,3.5,0.029236536205178253,1-4 px
NGA,NG018002,2026-08-20,2,16.358906,16.019999,8.169999,26.935001,32,523.485,5.69858,15.633603389159047,26.935001373291016,8.169999122619629,14.330001831054688,521.2848462651228,5.474736327395624,33,8.0,0.044336865242758525,4-16 px
NGA,NG018003,2026-08-20,2,5.465865,4.745,0.049999997,18.635,52,284.225,4.6985054,5.906434759904376,18.635000228881836,0.04999999701976776,5.2900004386901855,313.325143361797,4.877019745562445,53,13.0,0.08060384951043903,4-16 px
NGA,NG018004,2026-08-20,2,10.481511,9.879999,7.5849996,19.845,43,450.705,2.9950519,10.723842877261594,19.844999313354492,7.5849995613098145,9.930000305175781,498.8385209077351,3.2799134898508497,47,10.75,0.023119937312625537,4-16 px
NGA,NG018005,2026-08-20,2,11.8061905,11.545,9.299999,15.095001,21,247.93001,1.4244491,11.375708627911619,15.095001220703125,7.5849995613098145,11.545000076293945,214.50889127019374,1.290541635947844,19,5.25,0.036462385736396555,4-16 px
NGA,NG018006,2026-08-20,2,10.617353,10.35,8.41,15.35,34,360.99002,1.1546508,10.811054096415438,15.464999198913574,8.40999984741211,10.494998931884766,369.17513807981607,1.282707227064691,34,8.5,0.018243821827854664,4-16 px
NGA,NG018007,2026-08-20,2,19.2795,19.062498,13.895001,25.61,20,385.58997,3.6132588,18.431094839051294,25.610000610351562,8.235000610351562,17.260000228881836,357.31690938439414,3.7210545925301592,19,5.0,0.04400555828463937,4-16 px
NGA,NG018008,2026-08-20,2,12.85177,11.98,5.854999,20.854996,48,616.88495,3.8551002,12.521626446235318,21.724998474121094,5.85499906539917,11.894999504089355,586.8280880491143,3.546235192786265,47,12.0,0.02568856692616517,4-16 px
NGA,NG018009,2026-08-20,2,10.285001,8.235001,8.235001,13.895001,7,71.995,2.4016705,11.137477944970659,14.085000991821289,8.235000610351562,12.579999923706055,84.29698202990713,2.445126759036943,8,1.75,0.08288545085903826,1-4 px
NGA,NG018010,2026-08-20,2,3.1445587,2.7725,0.15,8.81,34,106.915,2.4320946,3.7882630514072906,11.610001564025879,0.15000000596046448,3.0399999618530273,134.17095692926307,2.748237150681713,35,8.5,0.20470419312169,4-16 px
NGA,NG018011,2026-08-20,2,10.89082,11.115001,6.8449993,15.36,61,664.34,2.0450816,10.49753747679192,15.97499942779541,4.464999675750732,11.11500072479248,646.0000565953935,2.1287052691413058,62,15.25,0.036111378501167087,4-16 px
NGA,NG018012,2026-08-20,2,3.765,3.5950003,3.3150005,5.005,16,60.24,0.36860374,3.69494269588612,5.005000114440918,3.315000534057617,3.5950002670288086,55.553038335000956,0.3004133112173929,15,4.0,0.018607517692929645,1-4 px
NGA,NG018013,2026-08-20,2,33.045,33.045,33.045,33.045,1,33.045,0.0,32.96770463257903,33.04499816894531,28.084999084472656,33.04499816894531,35.344460641911034,0.6143301871537897,1,0.25,0.002339094187349768,<1 px
NGA,NG018014,2026-08-20,2,17.626411,14.745001,10.159999,33.325005,39,687.43005,6.3660736,16.937438771742833,33.64500427246094,10.159998893737793,14.205001831054688,700.8553256456066,5.870099052331916,41,9.75,0.03908749366261614,4-16 px
NGA,NG018015,2026-08-20,2,27.247839,27.055,19.669998,40.09499,44,1198.9049,4.8159456,28.055779681755094,40.124996185302734,15.73499870300293,27.05500030517578,1278.0227904731748,4.8802634102591185,46,11.0,0.029651550780048847,4-16 px
NGA,NG018016,2026-08-20,2,25.636297,26.5,4.5700006,33.690002,27,692.18,7.6787324,24.945559752606457,33.69000244140625,2.864999771118164,26.5,678.1908641894531,8.028455845380043,27,6.75,0.026943721528641305,4-16 px
NGA,NG018017,2026-08-20,2,6.5950003,3.4275005,2.7250004,17.605,12,79.14,5.294254,8.005916545304597,21.025001525878906,2.31000018119812,7.619999885559082,101.82672365553688,5.842906108881975,13,3.0,0.21393725263433233,1-4 px
NGA,NG018018,2026-08-20,2,12.062241,8.085,3.1899998,23.744999,29,349.805,7.191182,14.293946063150697,33.04499816894531,3.18999981880188,13.209999084472656,394.68131822024117,8.059118650784946,28,7.25,0.1850157912738352,4-16 px
NGA,NG018019,2026-08-20,2,15.682571,12.009999,10.35,33.645004,35,548.89,7.312788,14.898714807942635,33.64500427246094,10.219999313354492,12.00999927520752,509.95455739156563,6.748335277894783,34,8.75,0.04998263308084905,4-16 px
NGA,NG018020,2026-08-20,2,8.505167,9.030001,4.14,13.335001,30,255.15501,2.8143024,9.142330279603458,26.5,2.864999771118164,9.155000686645508,293.567250744454,3.8113108570000147,32,7.5,0.07491484642258733,4-16 px
NGA,NG018021,2026-08-20,2,25.7375,28.0975,14.705,33.690002,26,669.175,6.6136913,26.3311178371752,33.69000244140625,8.545000076293945,28.110000610351562,706.6302095145201,6.499457366997567,27,6.5,0.02306431616027969,4-16 px
NGA,NG018022,2026-08-20,2,23.447104,22.779999,17.92,30.195,19,445.495,2.8948777,22.500439596572217,30.19499969482422,14.745000839233398,22.779998779296875,425.5058845760316,2.921159604286812,19,4.75,0.0403744702726521,4-16 px
NGA,NG018023,2026-08-20,2,12.763787,12.065,8.91,17.984999,33,421.205,2.7174368,13.060916657122641,17.98499870300293,8.90999984741211,13.11500072479248,443.0337003368633,2.7555850930577126,34,8.25,0.02327911435083026,4-16 px
NGA,NG018024,2026-08-20,2,3.1210003,2.9950004,2.3100002,4.2400002,10,31.210003,0.7850504,2.9048079066948067,4.240000247955322,1.9399999380111694,2.6750001907348633,29.402522239805126,0.7219864503540881,10,2.5,0.06927022509584291,1-4 px
NGA,NG018025,2026-08-20,2,16.150118,14.805001,8.094999,22.96,42,678.305,4.3558354,17.139205843992542,26.935001373291016,8.094999313354492,15.3100004196167,703.122959655457,4.424318674649694,41,10.5,0.061243381874519,4-16 px
NGA,NG018026,2026-08-20,2,14.625453,14.385,8.984999,20.854996,22,321.75998,4.1652594,13.944967734773195,25.110000610351562,8.90999984741211,11.879999160766602,303.92909968830793,4.094965651877572,22,5.5,0.04652746586562515,4-16 px
NGA,NG018027,2026-08-20,2,8.660001,5.77,3.5400002,21.025002,12,103.920006,5.697369,9.489854581082536,21.025001525878906,3.315000534057617,7.619999885559082,106.82383237956225,5.701368291618549,11,3.0,0.0958260375584872,1-4 px
NGA,NG019,2026-08-20,1,5.4912734,4.845001,0.26500002,31.664997,1441,7912.925,4.371534,5.6250640271511605,31.664997100830078,0.26500001549720764,4.849999904632568,8202.780283982807,4.581255760713695,1458,360.25,0.02436422618315829,>64 px
NGA,NG019001,2026-08-20,2,5.141682,5.0299997,0.40999997,10.945,214,1100.32,3.0769067,5.211167000092436,10.944999694824219,0.4099999666213989,5.029999732971191,1125.3383572406342,3.029762799457592,216,53.5,0.013514060202952191,16-64 px
NGA,NG019002,2026-08-20,2,6.1642857,6.239999,1.9749999,8.094999,147,906.14996,1.1185906,6.060009842744958,8.094999313354492,1.9749999046325684,6.229999542236328,896.9151966786382,1.2706487291802941,148,36.75,0.016916129837239946,16-64 px
NGA,NG019003,2026-08-20,2,7.0943074,7.4300003,1.9849999,10.945,65,461.12997,2.441079,6.853739246087217,10.944999694824219,1.3299999237060547,6.319999694824219,450.46174311046815,2.503823463360315,66,16.25,0.03391002677904578,16-64 px
NGA,NG019004,2026-08-20,2,4.2331533,4.0750003,1.235,8.71,111,469.88,1.8906337,4.114398843302844,8.710000038146973,1.2350000143051147,4.075000286102295,461.387531815628,1.719205420722892,112,27.75,0.028053426909239426,16-64 px
NGA,NG019005,2026-08-20,2,2.753871,2.245,0.67499995,7.08,31,85.369995,1.8152893,2.4200815294395657,7.369999885559082,0.6749999523162842,1.1999999284744263,75.40290538834732,1.7669049476090062,31,7.75,0.12120737338838111,4-16 px
NGA,NG019006,2026-08-20,2,5.631666,5.615,4.43,8.73,15,84.475,1.1593528,6.081808637010322,8.729999542236328,4.340000629425049,6.284999847412109,91.04751914528029,1.3832752796211933,15,3.75,0.07993063456006132,1-4 px
NGA,NG019007,2026-08-20,2,11.763723,10.555,6.3899994,20.140001,47,552.89496,3.7186215,13.163020563651612,27.144996643066406,4.340000629425049,12.939998626708984,613.8245573969477,4.395968668027042,47,11.75,0.11895023060740306,4-16 px
NGA,NG019008,2026-08-20,2,5.431367,4.935,0.44,11.835001,150,814.705,2.8821297,5.765712739521778,15.334999084472656,0.4399999976158142,5.315000534057617,872.6143187863173,3.096388553238396,151,37.5,0.06155830374227666,16-64 px
NGA,NG019009,2026-08-20,2,5.105,5.105,5.105,5.105,2,10.21,0.0,5.162500396119871,6.535000801086426,5.105000019073486,5.105000019073486,10.126425329042876,0.2809257745061705,2,0.5,0.011263544783520145,<1 px
NGA,NG019010,2026-08-20,2,5.445,5.445,5.445,5.445,1,5.445,0.0,5.784961641235792,7.310000896453857,5.105000019073486,5.445000171661377,10.071397781127011,0.713116901191155,2,0.25,0.06243556312870364,<1 px
NGA,NG019011,2026-08-20,2,8.275781,7.325,4.29,15.334999,64,529.64996,3.047188,7.779438946656917,15.334999084472656,4.289999961853027,7.285000801086426,489.61113399669716,2.90458567917614,63,16.0,0.059975252286531396,4-16 px
NGA,NG019012,2026-08-20,2,4.9613366,4.665,1.5749998,12.084999,101,501.095,2.008726,5.322133295605499,13.389999389648438,1.5749998092651367,4.815000534057617,528.7118967125552,2.325398980236276,99,25.25,0.07272167254394694,16-64 px
NGA,NG019013,2026-08-20,2,11.348234,9.7,7.12,18.654999,17,192.91998,3.271283,12.579007183599506,20.14000129699707,5.674999713897705,13.254997253417969,215.0793882690695,3.2194646911310376,17,4.25,0.10845504098695061,4-16 px
NGA,NG019014,2026-08-20,2,2.2435365,2.1249998,0.26500002,5.52,82,183.97,1.3908311,2.0996978149719245,5.519999980926514,0.26500001549720764,2.0,174.12874964506136,1.3010678222833525,83,20.5,0.0641124782360685,16-64 px
NGA,NG019015,2026-08-20,2,1.5322297,1.2349998,0.505,5.0550003,74,113.384995,1.0989338,1.6200108863288607,5.055000305175781,0.5049999952316284,1.2649999856948853,126.55880849729094,1.0436199476628754,78,18.5,0.05728983476097655,16-64 px
NGA,NG019016,2026-08-20,2,4.0765,4.2225003,3.07,4.345,10,40.765,0.36844978,3.8392290139620693,4.494999885559082,1.9849998950958252,3.9749999046325684,42.48506546660439,0.6468184226291877,11,2.5,0.05820458384347625,1-4 px
NGA,NG019017,2026-08-20,2,4.409,4.565,1.6099997,11.13,75,330.675,2.4893057,4.6814246477401,13.389999389648438,1.609999656677246,4.565000057220459,355.7315372630578,2.6880002810686405,76,18.75,0.06178830749378539,16-64 px
NGA,NG019018,2026-08-20,2,3.6135294,3.835,2.5549998,5.23,17,61.43,0.8341424,3.4444882923560347,5.484999656677246,1.9849998950958252,3.8350000381469727,65.28949617423704,0.8121972713965802,19,4.25,0.046780055987358314,4-16 px
NGA,NG019019,2026-08-20,2,3.5931816,3.1599998,2.57,5.5699997,11,39.524998,0.90998566,3.3069556933713513,5.569999694824219,1.2100000381469727,3.1599998474121094,28.750575270394457,0.8008382123668575,9,2.75,0.07965806866779251,1-4 px
NGA,NG019020,2026-08-20,2,21.878408,20.994999,12.195,31.664997,44,962.64996,4.956868,21.63932901495371,31.664997100830078,8.40999984741211,20.994998931884766,1064.0481264866178,5.3911584801848935,49,11.0,0.010927622569534808,4-16 px
NGA,NG019021,2026-08-20,2,1.967078,1.4399999,0.505,5.9649997,77,151.465,1.5655688,1.8992584150169325,5.964999675750732,0.5049999952316284,1.2949998378753662,141.2497965349855,1.5672330785610482,74,19.25,0.03447732371724335,16-64 px
NGA,NG019022,2026-08-20,2,3.9340131,4.0950003,0.72,8.73,76,298.98502,2.196426,4.469654435302031,12.084999084472656,0.7200000286102295,4.625,343.8057396750781,2.5349081107852753,77,19.0,0.1361564696625009,16-64 px
NGA,NG019023,2026-08-20,2,1.583,1.3299999,1.21,3.1599998,10,15.829999,0.5783649,1.5451323542282918,3.1599998474121094,0.9599999189376831,1.3299999237060547,20.140025562120567,0.4396205278072719,13,2.5,0.023921443949278715,1-4 px
NGA,NG020,2026-08-20,1,7.419104,5.68,0.655,27.544998,670,4970.8,6.1295166,7.36376235552684,27.544998168945312,0.6549999713897705,5.615000247955322,4964.963379832566,6.164333060337101,674,167.5,0.007459343402270623,>64 px
NGA,NG020001,2026-08-20,2,13.921956,13.614999,8.91,15.889999,23,320.205,1.6531912,13.97129748098652,18.104999542236328,8.90999984741211,13.614998817443848,331.35633717240324,1.5397226155153694,24,5.75,0.0035441486086093092,4-16 px
NGA,NG020002,2026-08-20,2,18.224375,21.32,9.93,27.544998,16,291.59,5.926693,20.2382681984426,27.544998168945312,9.930000305175781,22.450000762939453,298.05199427752143,5.163259837038125,15,4.0,0.1105054740391702,1-4 px
NGA,NG020003,2026-08-20,2,3.7549999,3.44,1.3649999,8.054999,16,60.079998,2.0242753,3.156476277603196,8.054999351501465,1.1100000143051147,2.830000162124634,44.31878092456755,1.7876670912034496,14,4.0,0.15939377851829079,1-4 px
NGA,NG020004,2026-08-20,2,3.3137999,3.2749996,1.345,4.6699996,25,82.845,1.0093733,3.0211360899198936,4.669999599456787,1.0199999809265137,2.9700000286102295,72.56354195259316,1.0666411550139818,24,6.25,0.08831668142669273,4-16 px
NGA,NG020005,2026-08-20,2,3.2263043,3.12,1.145,6.74,23,74.204994,1.67912,3.052851629840897,6.739999771118164,1.1449999809265137,2.7200000286102295,69.78790934929081,1.6507559686970417,23,5.75,0.0537620304938696,4-16 px
NGA,NG020006,2026-08-20,2,6.556923,6.88,2.1999998,16.97,13,85.24,4.1949787,6.596134254393549,16.969999313354492,1.4049999713897705,6.880000114440918,96.58790822164664,4.389155511621546,15,3.25,0.005980130374193623,1-4 px
NGA,NG020007,2026-08-20,2,6.4749994,6.4749994,6.4749994,6.4749994,1,6.4749994,0.0,8.023607387174783,13.389999389648438,6.47499942779541,6.47499942779541,3.572715273510717,1.9651584425690838,0,0.25,0.23916727886874914,<1 px
NGA,NG020008,2026-08-20,2,8.278,9.075,3.355,11.085,25,206.95,2.200512,8.923587243192337,12.770000457763672,2.6750001907348633,9.154999732971191,234.4404503537039,1.9309982571000972,26,6.25,0.07798831157191789,4-16 px
NGA,NG020009,2026-08-20,2,14.447143,15.525,10.240001,17.215,14,202.26,2.6240368,14.575610063357306,18.909997940063477,6.880000114440918,15.524999618530273,185.93590496953667,3.0213375980680097,13,3.5,0.008892212346573003,1-4 px
NGA,NG020010,2026-08-20,2,3.5606248,2.985,1.145,6.4399996,16,56.969997,1.8812003,4.079971958011824,9.510000228881836,1.1449999809265137,3.249999761581421,59.28140085017426,1.9764483367401209,15,4.0,0.14585843417476177,1-4 px
NGA,NG020011,2026-08-20,2,2.3983655,2.365,0.755,4.405,52,124.715004,1.120009,2.3945269172698764,4.40500020980835,0.7549999952316284,2.365000009536743,117.93905125781993,0.978234226409356,49,13.0,0.0016004994777166859,4-16 px
NGA,NG020012,2026-08-20,2,6.4749994,6.4749994,6.4749994,6.4749994,1,6.4749994,0.0,9.690310638850699,13.389999389648438,6.47499942779541,9.935001373291016,12.405896006842516,1.761885737003881,1,0.25,0.49657321031577223,<1 px
NGA,NG020013,2026-08-20,2,12.8914995,13.282499,9.174999,15.66,20,257.83,2.2238846,12.61737215710145,15.65999984741211,5.85499906539917,12.864998817443848,256.0896003917167,2.2356602383426623,20,5.0,0.02126419373468156,4-16 px
NGA,NG020014,2026-08-20,2,12.211538,8.809999,5.255,27.544998,13,158.75,6.2013316,10.961524280116125,27.544998168945312,1.0199999809265137,8.809999465942383,160.59445597142292,6.091885220152716,15,3.25,0.10236333211130935,1-4 px
NGA,NG020015,2026-08-20,2,3.1175,3.35,2.1999998,3.73,8,24.939999,0.5429953,2.887381369710402,3.7300000190734863,1.744999885559082,3.3499999046325684,21.815788659640866,0.6969930136053335,8,2.0,0.07381511797581342,1-4 px
NGA,NG020016,2026-08-20,2,16.209116,15.35,10.83,22.46,17,275.555,4.196839,17.360977393809925,23.459999084472656,9.674999237060547,18.104999542236328,327.0723277177619,4.340758041105924,19,4.25,0.07106256712641969,4-16 px
NGA,NG020017,2026-08-20,2,13.292,13.325001,11.57,14.259999,10,132.92,0.7453798,13.403657059936924,15.345001220703125,9.935001373291016,13.700000762939453,150.86589083578494,1.0000351521851054,11,2.5,0.008400320488784531,1-4 px
NGA,NG020018,2026-08-20,2,6.6449995,6.6449995,6.6449995,6.6449995,1,6.6449995,0.0,7.340909751891277,13.389999389648438,6.47499942779541,6.6449995040893555,5.760935589928759,2.1078344395768385,1,0.25,0.10472690808950057,<1 px
NGA,NG020019,2026-08-20,2,5.9856668,4.6700006,1.1249999,10.135,15,89.785,3.065582,5.061563746172115,10.135000228881836,1.1100000143051147,4.6700005531311035,73.29892738581822,2.8688696999118353,14,3.75,0.15438598316696897,1-4 px
NGA,NG020020,2026-08-20,2,1.6175,1.4549999,1.11,2.58,14,22.644999,0.5467885,1.8006236309239718,4.525000095367432,1.1100000143051147,1.4549999237060547,22.244728598233355,0.805147982298856,12,3.5,0.11321399129766423,1-4 px
NGA,NG020021,2026-08-20,2,,,,,0,0.0,,12.21506157495584,13.389999389648438,6.6449995040893555,13.389999389648438,6.967296007008073,2.3251812941691012,1,0.0,,
NGA,NG020022,2026-08-20,2,5.554,5.68,1.81,8.959999,15,83.31,2.0154626,5.223179047566332,8.959999084472656,1.4549999237060547,5.25,77.95059740899187,2.0597169463546026,15,3.75,0.05956444948391574,1-4 px
NGA,NG020023,2026-08-20,2,4.417857,3.9724998,0.91999996,10.97,14,61.85,3.5386357,3.076762507142338,10.970000267028809,0.7299999594688416,1.8449997901916504,44.518389265334484,2.9592003152681823,14,3.5,0.3035622232357593,1-4 px
NGA,NG020024,2026-08-20,2,6.4898214,7.175,3.58,8.45,28,181.715,1.5942662,5.92404612742767,8.449999809265137,1.3450000286102295,7.079999923706055,177.6482218819478,1.9256235367134111,30,7.0,0.08717886636638882,4-16 px
NGA,NG020025,2026-08-20,2,10.017499,10.017499,6.6449995,13.389999,6,60.104996,3.3725,10.268614634285827,17.21500015258789,6.189999580383301,10.24000072479248,65.32263921460786,3.5561115042973297,6,1.5,0.02506769746478897,1-4 px
NGA,NG020026,2026-08-20,2,2.4444444,2.6850002,1.4649999,3.62,18,44.0,0.63158727,2.441827400634338,5.374999523162842,1.4649999141693115,1.9399999380111694,42.29547930148209,0.8286554439647784,17,4.5,0.001070590669054266,4-16 px
NGA,NG020027,2026-08-20,2,6.2208333,6.1899996,3.73,10.240001,6,37.325,2.2215996,6.448568366194156,12.844999313354492,3.380000114440918,6.189999580383301,41.93652484799877,2.848290234100498,7,1.5,0.03660845022067316,1-4 px
NGA,NG020028,2026-08-20,2,4.2875,3.73,3.38,6.1899996,8,34.3,1.1135162,4.749438024248022,10.24000072479248,2.5799999237060547,3.7300000190734863,40.64594415658633,1.8944437198144752,9,2.0,0.1077406470549323,1-4 px
NGA,NG020029,2026-08-20,2,4.9085717,5.3749995,1.9399999,9.075,14,68.72,2.2938175,5.540036227636161,11.434999465942383,1.9399999380111694,5.374999523162842,74.03319776261529,2.3527512144984524,13,3.5,0.12864526918006733,1-4 px
NGA,NG020030,2026-08-20,2,10.91875,11.434999,7.7800007,13.945,12,131.025,1.9571097,10.978096791583114,14.25999927520752,7.780000686645508,11.434999465942383,157.37883083161023,1.8558289752156198,14,3.0,0.005435310047680841,1-4 px
NGA,NG020031,2026-08-20,2,9.935001,9.935001,9.935001,9.935001,2,19.870003,0.0,11.72425497042596,15.345001220703125,9.935001373291016,9.935001373291016,16.22706360641646,1.9771240620681396,1,0.5,0.1800960030528392,<1 px
NGA,NG020032,2026-08-20,2,1.3923683,1.2599999,0.91999996,3.1949997,19,26.454998,0.5166653,1.4207912954774151,6.880000114440918,0.7299999594688416,1.2599998712539673,24.362407700316183,1.0414679961162585,17,4.75,0.020413417540039596,4-16 px
NGA,NG020033,2026-08-20,2,2.438125,2.1375,1.11,3.73,8,19.505,1.0440005,2.5415873520329195,6.6449995040893555,1.1100000143051147,1.6949999332427979,22.511321328948057,1.0990913672143316,9,2.0,0.04243521231803933,1-4 px
NGA,NG020034,2026-08-20,2,6.805192,7.2700005,5.23,8.15,26,176.935,1.0784001,6.616771582278903,8.149999618530273,4.15500020980835,7.270000457763672,175.12657593255545,1.1832062941225192,26,6.5,0.02768774455167417,4-16 px
NGA,NG020035,2026-08-20,2,7.098,8.054999,2.8300002,10.325001,15,106.47,2.6465466,6.297623791452459,10.375,1.1100000143051147,5.295000076293945,106.27090081046899,2.9311305216759,17,3.75,0.11276080706502409,1-4 px
NGA,NG020036,2026-08-20,2,8.07369,6.6549997,0.655,27.544998,42,339.095,7.61589,6.270206027398236,27.544998168945312,0.6549999713897705,1.25,259.52542376819997,6.416720104132109,41,10.5,0.22337790683092412,4-16 px
NGA,NG020037,2026-08-20,2,21.090261,21.32,9.93,27.544998,19,400.71497,4.701511,21.282550183190082,27.544998168945312,9.930000305175781,21.31999969482422,421.96233412411135,4.514278818758722,20,4.75,0.009117439712580161,4-16 px
NGA,NG020038,2026-08-20,2,13.389999,13.389999,13.389999,13.389999,1,13.389999,0.0,13.389999389648438,13.389999389648438,13.389999389648438,13.389999389648438,11.865915516810375,0.0,1,0.25,2.909996019861706e-08,<1 px
NGA,NG020039,2026-08-20,2,2.5008333,2.4724998,1.3649999,3.665,6,15.004999,1.0409467,3.0560556425064833,6.6449995040893555,1.1449999809265137,3.249999761581421,19.348072965710045,1.2448987702742051,6,1.5,0.22201493498446428,1-4 px
NGA,NG020040,2026-08-20,2,8.685937,8.5824995,6.74,10.375,16,138.97499,1.2968246,8.118970913349115,10.375,2.7950000762939453,8.079999923706055,144.57479825431923,1.7808808083326961,18,4.0,0.06527402704519784,1-4 px
NGA,NG020041,2026-08-20,2,0.96736836,0.92999995,0.655,2.16,38,36.76,0.28469685,0.9678729854951804,5.255000114440918,0.6549999713897705,0.9199999570846558,39.324105484753844,0.3783087849393298,41,9.5,0.000521647715644098,4-16 px
NGA,NG020042,2026-08-20,2,8.125625,7.9925,3.2499998,14.259999,8,65.005,3.24193,8.90821269347207,14.25999927520752,3.249999761581421,9.510000228881836,65.92856754566617,2.849301528926169,7,2.0,0.09631107680603897,1-4 px
NGA,NG020043,2026-08-20,2,12.867917,11.57,11.405001,15.525,12,154.41501,1.7132711,13.691448426853356,18.909997940063477,11.405000686645508,13.934999465942383,165.33678323957113,1.8645367809229474,12,3.0,0.06399881401576925,1-4 px
NGA,NG020044,2026-08-20,2,19.198214,18.909998,12.615002,22.46,14,268.775,3.0232265,18.31276439263001,22.459999084472656,8.809999465942383,18.909997940063477,219.91746543634022,2.9722605530038986,12,3.5,0.04612145730691347,1-4 px
NGA,NG021,2026-08-20,1,7.245745,7.5550003,0.49999997,25.43,785,5687.9097,3.8676221,7.2881428707392395,25.43000030517578,0.4399999976158142,7.555000305175781,5807.038791812763,3.982397534530291,797,196.25,0.005851416347006301,>64 px
NGA,NG021001,2026-08-20,2,7.56875,7.71,6.02,8.900001,24,181.65,0.7996644,7.328037544168036,8.90000057220459,5.174999237060547,7.6399993896484375,183.1781204921692,0.9457338608990231,25,6.0,0.03180346237251377,4-16 px
NGA,NG021002,2026-08-20,2,3.5208333,3.175,1.905,6.4800005,18,63.375,1.460317,3.6017088446052226,6.4800004959106445,1.9049999713897705,3.680000066757202,62.862724766325115,1.457316215023328,17,4.5,0.02297056909942953,4-16 px
NGA,NG021003,2026-08-20,2,5.2398715,4.96,3.23,7.7449994,39,204.355,1.2903699,5.2930620028295845,10.069998741149902,1.8799998760223389,4.960000038146973,207.751851609,1.4251527450283321,39,9.75,0.010151108253243411,4-16 px
NGA,NG021004,2026-08-20,2,18.83327,19.855,12.825001,25.43,26,489.66498,2.940288,19.812347653246043,25.43000030517578,12.825000762939453,20.409996032714844,520.9374109811247,2.910015382604098,26,6.5,0.05198659888835259,4-16 px
NGA,NG021005,2026-08-20,2,4.1880555,4.185,3.2399998,5.47,18,75.385,0.8207927,4.3554264821005075,6.559999465942383,2.6550002098083496,4.565000057220459,72.12069631539634,0.9044015160018738,17,4.5,0.03996388827715096,4-16 px
NGA,NG021006,2026-08-20,2,6.530588,6.4800005,4.01,7.705,17,111.02,1.1816535,6.486064154248752,8.99000072479248,3.239999771118164,6.284999847412109,105.49121290540037,1.1675926642931926,16,4.25,0.006817739191516533,4-16 px
NGA,NG021007,2026-08-20,2,10.016923,10.13,9.485,10.554999,26,260.44,0.3500002,9.988498831241325,10.554999351501465,8.479999542236328,10.130000114440918,268.0212609256514,0.40176030858081446,27,6.5,0.0028376147803747423,4-16 px
NGA,NG021008,2026-08-20,2,9.183077,8.664999,7.569999,10.38,13,119.38,1.1454973,8.924426725121062,10.380000114440918,6.655000686645508,8.645000457763672,141.68420215382483,1.1803419000423816,16,3.25,0.02816597039085467,1-4 px
NGA,NG021009,2026-08-20,2,5.48825,5.415,4.345,6.7,20,109.765,0.7896381,5.224258902113266,6.699999809265137,4.289999961853027,5.414999961853027,83.53328256988796,0.7091206816087416,16,5.0,0.048101142966653146,4-16 px
NGA,NG021010,2026-08-20,2,3.398333,3.4599996,3.1499996,3.4599996,6,20.389997,0.11319843,3.563904350324588,4.15500020980835,3.1499996185302734,3.4599995613098145,22.748837925480302,0.28172472423705325,6,1.5,0.04872134376607234,1-4 px
NGA,NG021011,2026-08-20,2,4.8516665,5.005,3.6649997,6.214999,12,58.22,0.78776383,4.529982747929015,6.214999198913574,3.4599995613098145,4.15500020980835,49.11835056048099,0.6537040736825002,11,3.0,0.06630376429851169,1-4 px
NGA,NG021012,2026-08-20,2,8.581904,8.52,8.0,10.205,21,180.22,0.45453906,8.563184499205716,10.204999923706055,7.384999752044678,8.520000457763672,184.35622921790656,0.5867462941051726,22,5.25,0.0021812759492862315,4-16 px
NGA,NG021013,2026-08-20,2,8.789339,9.084999,7.3599997,10.475,53,465.835,1.0063577,8.766891567188873,10.475000381469727,6.699999809265137,8.449999809265137,489.19336933113004,0.9983411152443012,56,13.25,0.002553938676290338,4-16 px
NGA,NG021014,2026-08-20,2,7.971923,8.375,6.6550007,10.275,13,103.635,1.2495314,7.440161380619242,10.380000114440918,6.045000076293945,6.699999809265137,104.13562286497552,0.9968842954542776,14,3.25,0.06670430953494641,1-4 px
NGA,NG021015,2026-08-20,2,4.219348,4.235,2.795,5.135,23,97.045006,0.587188,4.008661752945953,6.559999465942383,2.68500018119812,4.220000267028809,105.32391116325728,0.6783359601555954,26,5.75,0.049933365784013875,4-16 px
NGA,NG021016,2026-08-20,2,2.6777027,2.53,1.23,4.3,37,99.075005,0.81400967,2.6628205951004658,5.96999979019165,0.9249999523162842,2.4049999713897705,94.69429581664194,0.8288470379989461,36,9.25,0.005557788360722216,4-16 px
NGA,NG021017,2026-08-20,2,7.660161,7.8099995,5.174999,10.509999,31,237.465,1.315819,7.591502284722625,10.50999927520752,5.174999237060547,7.809999465942383,255.16862172343622,1.3100113209220088,34,7.75,0.008963090368123492,4-16 px
NGA,NG021018,2026-08-20,2,1.8767391,1.99,0.575,3.185,23,43.165,0.7511826,2.0392813862337493,3.6750001907348633,0.4999999701976776,1.9900000095367432,48.5795717439207,0.7964650639416366,24,5.75,0.0866088878490086,4-16 px
NGA,NG021019,2026-08-20,2,9.032045,8.84,7.495,10.235,44,397.40997,0.7348763,9.032257477017735,12.764999389648438,7.329999923706055,8.755000114440918,418.34488922871736,0.7977773796403693,46,11.0,2.352479618236721e-05,4-16 px
NGA,NG021020,2026-08-20,2,7.3732,7.4399996,5.47,9.875,25,184.32999,0.97485197,7.303357087280969,11.149998664855957,4.970000267028809,6.8349995613098145,183.2674087639597,1.0482055693141987,25,6.25,0.009472537394758116,4-16 px
NGA,NG021021,2026-08-20,2,2.072,1.9399999,1.905,2.6699998,5,10.36,0.29940936,2.061196933840007,2.669999837875366,1.9049999713897705,1.9399999380111694,10.168195384293664,0.28193195296932083,5,1.25,0.0052138350193017165,1-4 px
NGA,NG021022,2026-08-20,2,8.548158,8.964999,5.2299995,10.069999,19,162.415,1.3753477,8.422714214778187,10.069998741149902,3.9049997329711914,8.964999198913574,161.64920953136004,1.4102397516664877,19,4.75,0.014674949295721199,4-16 px
NGA,NG021023,2026-08-20,2,6.522,6.7249994,4.61,9.084999,15,97.829994,1.1103042,6.519099918303465,9.084999084472656,4.610000133514404,6.72499942779541,98.81429108202988,1.3716588664364353,15,3.75,0.00044466140701245277,1-4 px
NGA,NG021024,2026-08-20,2,2.4859998,2.2999997,0.935,3.6649997,20,49.719997,0.9056828,2.478107087868498,4.489999771118164,0.60999995470047,2.299999713897705,51.1875557517601,0.8687044916984741,21,5.0,0.0031748643469328604,4-16 px
NGA,NG021025,2026-08-20,2,10.004444,9.02,7.4399996,13.779999,27,270.12,2.268363,10.12093538593155,15.974998474121094,6.8550004959106445,9.020000457763672,270.702579191704,2.3817831909064484,27,6.75,0.011643964015546465,4-16 px
NGA,NG021026,2026-08-20,2,3.914348,3.6750002,2.285,6.214999,23,90.03,1.0914651,4.247072999528176,6.214999198913574,2.2850000858306885,3.804999828338623,94.88819019960549,1.0907013150342724,22,5.75,0.08500138452896268,4-16 px
NGA,NG021027,2026-08-20,2,3.1201613,3.52,0.49999997,5.2450004,31,96.725,1.6152612,3.156803469679602,5.24500036239624,0.4399999976158142,3.5199999809265137,98.77593176551358,1.6238805479900393,31,7.75,0.011743678020620917,4-16 px
NGA,NG021028,2026-08-20,2,10.255,9.940001,8.990001,13.605,18,184.59,1.1555661,10.524304232909243,13.799999237060547,8.074999809265137,10.145000457763672,188.7849430991313,1.3469197510627418,18,4.5,0.026260773565016292,4-16 px
NGA,NG021029,2026-08-20,2,12.621851,13.605,9.339999,15.974998,27,340.78998,2.250741,12.408153293370868,15.974998474121094,8.845000267028809,13.604999542236328,324.6827840644092,2.3389079934732093,26,6.75,0.016930773991004323,4-16 px
NGA,NG021030,2026-08-20,2,3.116154,2.6550002,1.9849999,6.4800005,13,40.510002,1.1421492,3.0188297035278078,6.4800004959106445,1.9849998950958252,2.6550002098083496,48.763403480330766,0.8074535740731971,16,3.25,0.03123218444024015,1-4 px
NGA,NG021031,2026-08-20,2,8.192963,8.425,7.55,9.69,27,221.20999,0.5842424,8.10516439824017,10.380000114440918,7.550000190734863,7.704999923706055,186.65946572846823,0.5489413103432732,23,6.75,0.01071634300799731,4-16 px
NGA,NG021032,2026-08-20,2,8.917777,8.969999,7.5550003,10.294999,45,401.3,0.82943094,8.914648989951138,10.294999122619629,5.8199992179870605,8.63499927520752,412.0477700909559,0.8081681405889881,46,11.25,0.0003507611873297057,4-16 px
NGA,NG021033,2026-08-20,2,3.9604545,3.92,3.4,4.6949997,11,43.565,0.31838682,4.04174310582546,4.694999694824219,3.4000000953674316,3.9200000762939453,44.039865792347626,0.3391881059238065,11,2.75,0.020525069995239138,1-4 px
NGA,NG021034,2026-08-20,2,11.794666,14.620001,3.92,25.43,15,176.92,6.798313,12.442397219851749,25.43000030517578,3.9200000762939453,14.620000839233398,215.3627482519783,6.612370465410907,17,3.75,0.05491730074016081,1-4 px
NGA,NG022,2026-08-20,1,0.07042289,0.0,0.0,3.78,1206,84.93,0.32171187,0.07486178462050078,3.7799999713897705,0.0,0.0,90.88900345005467,0.34539342852716937,1214,301.5,0.06303198605596524,>64 px
NGA,NG022001,2026-08-20,2,0.0,0.0,0.0,0.0,10,0.0,0.0,0.0,0.0,0.0,0.0,0.0,0.0,11,2.5,,1-4 px
NGA,NG022002,2026-08-20,2,0.0,0.0,0.0,0.0,131,0.0,0.0,0.0,0.0,0.0,0.0,0.0,0.0,134,32.75,,16-64 px
NGA,NG022003,2026-08-20,2,0.0,0.0,0.0,0.0,39,0.0,0.0,0.0,0.0,0.0,0.0,0.0,0.0,37,9.75,,4-16 px
NGA,NG022004,2026-08-20,2,0.0,0.0,0.0,0.0,38,0.0,0.0,0.0,0.0,0.0,0.0,0.0,0.0,38,9.5,,4-16 px
NGA,NG022005,2026-08-20,2,0.0,0.0,0.0,0.0,163,0.0,0.0,0.00013233931934508364,0.03500000014901161,0.0,0.0,0.02228851431064756,0.002148106724851748,168,40.75,,16-64 px
NGA,NG022006,2026-08-20,2,0.0,0.0,0.0,0.0,34,0.0,0.0,0.0,0.0,0.0,0.0,0.0,0.0,36,8.5,,4-16 px
NGA,NG022007,2026-08-20,2,0.0,0.0,0.0,0.0,34,0.0,0.0,0.0,0.0,0.0,0.0,0.0,0.0,37,8.5,,4-16 px
NGA,NG022008,2026-08-20,2,0.0,0.0,0.0,0.0,65,0.0,0.0,0.0,0.0,0.0,0.0,0.0,0.0,64,16.25,,16-64 px
NGA,NG022009,2026-08-20,2,0.0,0.0,0.0,0.0,74,0.0,0.0,0.0,0.0,0.0,0.0,0.0,0.0,74,18.5,,16-64 px
NGA,NG022010,2026-08-20,2,0.0,0.0,0.0,0.0,34,0.0,0.0,0.0,0.0,0.0,0.0,0.0,0.0,35,8.5,,4-16 px
NGA,NG022011,2026-08-20,2,0.0,0.0,0.0,0.0,33,0.0,0.0,0.0,0.0,0.0,0.0,0.0,0.0,32,8.25,,4-16 px
NGA,NG022012,2026-08-20,2,0.0,0.0,0.0,0.0,20,0.0,0.0,0.0,0.0,0.0,0.0,0.0,0.0,20,5.0,,4-16 px
NGA,NG022013,2026-08-20,2,0.0,0.0,0.0,0.0,44,0.0,0.0,0.0,0.0,0.0,0.0,0.0,0.0,45,11.0,,4-16 px
NGA,NG022014,2026-08-20,2,0.0,0.0,0.0,0.0,46,0.0,0.0,0.0,0.0,0.0,0.0,0.0,0.0,44,11.5,,4-16 px
NGA,NG022015,2026-08-20,2,0.007678571,0.0,0.0,0.06,84,0.645,0.015008855,0.007387471040290823,0.05999999865889549,0.0,0.0,0.6361013473688261,0.014855235039195289,86,21.0,0.037910694543187407,16-64 px
NGA,NG022016,2026-08-20,2,0.009042553,0.0,0.0,0.044999998,47,0.42499998,0.016778858,0.010204541081453673,0.2150000035762787,0.0,0.0,0.49060477270260194,0.022042401596116073,48,11.75,0.12850221408198248,4-16 px
NGA,NG022017,2026-08-20,2,0.0017222222,0.0,0.0,0.03,90,0.155,0.005172637,0.0017517268491922767,0.05999999865889549,0.0,0.0,0.15726121954473962,0.004876026505032651,90,22.5,0.017131732010118448,16-64 px
NGA,NG022018,2026-08-20,2,0.0,0.0,0.0,0.0,55,0.0,0.0,0.0,0.0,0.0,0.0,0.0,0.0,52,13.75,,4-16 px
NGA,NG022019,2026-08-20,2,0.62208956,0.295,0.0,3.78,134,83.36,0.767257,0.6582636072774888,3.7799999713897705,0.0,0.29499998688697815,89.32231857470923,0.8268725332165093,136,33.5,0.058149259533448426,16-64 px
NGA,NG022020,2026-08-20,2,0.015999999,0.015,0.0,0.024999999,5,0.08,0.009165151,0.015829376005044207,0.05999999865889549,0.0,0.014999999664723873,0.06427549094087358,0.008474939919780385,4,1.25,0.010663937851233214,1-4 px
NGA,NG022021,2026-08-20,2,0.010192308,0.0,0.0,0.06,26,0.265,0.02082347,0.008487654544280823,0.05999999865889549,0.0,0.0,0.1961535338424538,0.01954841924668075,23,6.5,0.16724901324794914,4-16 px
NGA,NG023,2026-08-20,1,1.1331136,0.29,0.0,14.59,941,1066.26,1.8865951,1.1679377027890117,14.59000015258789,0.0,0.31999996304512024,1106.6827627796988,1.9156761166167804,948,235.25,0.030733108127033084,>64 px
NGA,NG023001,2026-08-20,2,0.11238095,0.049999997,0.0,0.41000003,21,2.36,0.1121608,0.14049866030855004,0.699999988079071,0.0,0.06499999761581421,3.2856747479700537,0.1540161713053156,23,5.25,0.2501999699108261,4-16 px
NGA,NG023002,2026-08-20,2,0.021399999,0.0,0.0,0.16,50,1.0699999,0.034482457,0.029768329572218696,0.5649999380111694,0.0,0.0,1.3471141047495003,0.056315470285835015,45,12.5,0.39104350295617757,4-16 px
NGA,NG023003,2026-08-20,2,3.6655262,2.955,0.39999998,14.59,38,139.29,3.2152724,4.152322714326078,14.59000015258789,0.29999998211860657,3.9650001525878906,174.3499635615232,3.536780995516496,42,9.5,0.13280399259622758,4-16 px
NGA,NG023004,2026-08-20,2,0.66322577,0.6325,0.015,1.5249999,62,41.12,0.41904855,0.6820503494401046,3.809999942779541,0.014999999664723873,0.6899999976158142,43.277583223076064,0.44550797183588603,63,15.5,0.02838336550177252,4-16 px
NGA,NG023005,2026-08-20,2,1.4987341,1.41,0.015,3.81,79,118.4,1.0150739,1.580430461577982,3.809999942779541,0.014999999664723873,1.4249999523162842,124.68108072274472,0.998819776434272,79,19.75,0.0545102440639617,16-64 px
NGA,NG023006,2026-08-20,2,0.0,0.0,0.0,0.0,46,0.0,0.0,1.9655336127321015e-05,0.029999999329447746,0.0,0.0,0.0008585966267850659,0.0007676416731792397,44,11.5,,4-16 px
NGA,NG023007,2026-08-20,2,0.0,0.0,0.0,0.0,4,0.0,0.0,0.0,0.0,0.0,0.0,0.0,0.0,4,1.0,,<1 px
NGA,NG023008,2026-08-20,2,0.05811594,0.03,0.0,0.18499999,69,4.0099998,0.065591514,0.06194291102512652,0.19999998807907104,0.0,0.029999999329447746,4.287073383021287,0.06527071174388982,69,17.25,0.06585062592339597,16-64 px
NGA,NG023009,2026-08-20,2,1.4877381,0.71,0.035,3.975,42,62.485,1.2939494,1.5684105797929726,3.9749999046325684,0.03500000014901161,0.9499999284744263,65.96370122437816,1.2657945943741125,42,10.5,0.05422492022821257,4-16 px
NGA,NG023010,2026-08-20,2,3.3044827,3.13,0.06,9.359999,87,287.49,2.6040626,3.161609871454925,9.35999870300293,0.0,3.065000057220459,279.4119306652186,2.7218879933621425,88,21.75,0.04323606492025965,16-64 px
NGA,NG023011,2026-08-20,2,1.0154082,1.3499999,0.13,1.7749999,49,49.754997,0.6216418,1.076945218465827,1.7749998569488525,0.12999999523162842,1.4549999237060547,52.80616784195994,0.5994237308303969,49,12.25,0.060603231750370974,4-16 px
NGA,NG023012,2026-08-20,2,1.299466,0.285,0.0,9.359999,103,133.845,2.2687283,1.2592605114935915,9.35999870300293,0.0,0.26999998092651367,132.3301852768648,2.190441590401282,105,25.75,0.030940008054391944,16-64 px
NGA,NG023013,2026-08-20,2,1.0923214,0.35,0.19,4.115,28,30.585,1.1534617,1.2236824652122358,4.114999771118164,0.06499999761581421,0.9499999284744263,33.46315125056316,1.220249673801773,27,7.0,0.1202586209628738,4-16 px
NGA,NG023014,2026-08-20,2,0.064444445,0.0,0.0,0.435,54,3.48,0.11889018,0.08793078050651194,0.934999942779541,0.0,0.0,4.940977238628591,0.16031517366446665,56,13.5,0.3644431340282617,4-16 px
NGA,NG023015,2026-08-20,2,0.0,0.0,0.0,0.0,3,0.0,0.0,0.11122861325126354,0.699999988079071,0.0,0.0,0.28906217532878203,0.2559066695968218,3,0.75,,<1 px
NGA,NG023016,2026-08-20,2,0.49543473,0.19999999,0.065,1.3549998,23,11.394999,0.47409153,0.49526441357496337,3.065000057220459,0.029999999329447746,0.19999998807907104,10.734778018032012,0.5313569881953373,22,5.75,0.0003437716710667835,4-16 px
NGA,NG023017,2026-08-20,2,0.08111111,0.0,0.0,0.7,9,0.72999996,0.21901011,0.043947615726937624,0.699999988079071,0.0,0.0,0.42958820508161194,0.15785512115132683,10,2.25,0.45818007265666044,1-4 px
NGA,NG023018,2026-08-20,2,0.3685294,0.31999996,0.074999996,0.7,34,12.53,0.18622617,0.39284942248488675,1.6249998807907104,0.04999999701976776,0.31999996304512024,12.74235051798433,0.23141346723996686,32,8.5,0.06599208227318293,4-16 px
NGA,NG023019,2026-08-20,2,3.1861763,2.38,1.185,14.59,51,162.495,2.3040323,2.974842011120817,14.59000015258789,1.184999942779541,2.190000057220459,155.26405336374518,1.8509315262379178,52,12.75,0.0663284981685361,4-16 px
NGA,NG023020,2026-08-20,2,0.116,0.065,0.0,1.045,45,5.22,0.16715461,0.14550051644214948,1.25,0.0,0.06499999761581421,7.032941267746816,0.24237240714553618,48,11.25,0.2543147969150817,4-16 px
NGA,NG023021,2026-08-20,2,0.0,0.0,0.0,0.0,44,0.0,0.0,0.0010552666141560288,0.10500000417232513,0.0,0.0,0.04452590054386728,0.01045921406866686,42,11.0,,4-16 px
NGA,NG024,2026-08-20,1,0.010215596,0.0,0.0,1.25,1090,11.134999,0.0486414,0.009138564100963673,1.25,0.0,0.0,10.111800700082552,0.03486815734172302,1106,272.5,0.10543015787197606,>64 px
NGA,NG024001,2026-08-20,2,0.0,0.0,0.0,0.0,42,0.0,0.0,0.0,0.0,0.0,0.0,0.0,0.0,44,10.5,,4-16 px
NGA,NG024002,2026-08-20,2,0.022909967,0.0,0.0,0.24499999,311,7.125,0.049130425,0.022969878769538217,0.4650000035762787,0.0,0.0,7.317473647600538,0.05225074376254849,319,77.75,0.002615096282688542,>64 px
NGA,NG024003,2026-08-20,2,0.0026543208,0.0,0.0,0.055,81,0.21499999,0.011141248,0.0022639344927325293,0.054999999701976776,0.0,0.0,0.18868771639983342,0.010455423835202132,83,20.25,0.14707578197310248,16-64 px
NGA,NG024004,2026-08-20,2,0.0,0.0,0.0,0.0,15,0.0,0.0,0.0,0.0,0.0,0.0,0.0,0.0,16,3.75,,1-4 px
NGA,NG024005,2026-08-20,2,0.0,0.0,0.0,0.0,112,0.0,0.0,0.0,0.0,0.0,0.0,0.0,0.0,113,28.0,,16-64 px
NGA,NG024006,2026-08-20,2,0.0,0.0,0.0,0.0,13,0.0,0.0,0.0,0.0,0.0,0.0,0.0,0.0,15,3.25,,1-4 px
NGA,NG024007,2026-08-20,2,0.0,0.0,0.0,0.0,9,0.0,0.0,0.0,0.0,0.0,0.0,0.0,0.0,8,2.25,,1-4 px
NGA,NG024008,2026-08-20,2,0.0,0.0,0.0,0.0,6,0.0,0.0,0.0,0.0,0.0,0.0,0.0,0.0,5,1.5,,1-4 px
NGA,NG024009,2026-08-20,2,0.0,0.0,0.0,0.0,22,0.0,0.0,0.0,0.0,0.0,0.0,0.0,0.0,23,5.5,,4-16 px
NGA,NG024010,2026-08-20,2,0.0,0.0,0.0,0.0,23,0.0,0.0,0.0,0.0,0.0,0.0,0.0,0.0,21,5.75,,4-16 px
NGA,NG024011,2026-08-20,2,0.009350649,0.0,0.0,0.13499999,231,2.1599998,0.026693918,0.008784902755970781,0.13499999046325684,0.0,0.0,2.0063486281516703,0.025967331113240618,228,57.75,0.06050342003311421,16-64 px
NGA,NG024012,2026-08-20,2,0.0,0.0,0.0,0.0,101,0.0,0.0,0.0,0.0,0.0,0.0,0.0,0.0,103,25.25,,16-64 px
NGA,NG024013,2026-08-20,2,0.0,0.0,0.0,0.0,4,0.0,0.0,0.0,0.0,0.0,0.0,0.0,0.0,3,1.0,,<1 px
NGA,NG024014,2026-08-20,2,0.0,0.0,0.0,0.0,14,0.0,0.0,0.0,0.0,0.0,0.0,0.0,0.0,14,3.5,,1-4 px
NGA,NG024015,2026-08-20,2,0.0,0.0,0.0,0.0,14,0.0,0.0,0.0,0.0,0.0,0.0,0.0,0.0,17,3.5,,1-4 px
NGA,NG024016,2026-08-20,2,0.01777174,0.0,0.0,1.25,92,1.635,0.12997776,0.006270612579141345,1.25,0.0,0.0,0.5992907121028408,0.047423000152585465,96,23.0,0.6471582085298714,16-64 px
NGA,NG025,2026-08-20,1,0.16454129,0.114999995,0.0,0.89,109,17.935,0.19951265,0.1772540552360261,0.8899999856948853,0.0,0.11499999463558197,20.22004223819929,0.22357490601986685,114,27.25,0.07726185467505513,16-64 px
NGA,NG025001,2026-08-20,2,,,,,0,0.0,,0.03999999910593033,0.03999999910593033,0.03999999910593033,0.03999999910593033,0.015016906231356254,0.0,0,0.0,,
NGA,NG025002,2026-08-20,2,,,,,0,0.0,,0.13499999046325684,0.13499999046325684,0.13499999046325684,0.13499999046325684,0.056309308482431965,0.0,0,0.0,,
NGA,NG025003,2026-08-20,2,0.028333332,0.0,0.0,0.13,6,0.17,0.04775516,0.02122732464341188,0.12999999523162842,0.0,0.0,0.12743727872553426,0.034830140257445144,6,1.5,0.25080027144665223,1-4 px
NGA,NG025004,2026-08-20,2,0.13166666,0.13,0.13,0.13499999,3,0.39499998,0.0023570203,0.12913316812148512,0.13499999046325684,0.0,0.12999999523162842,0.5858634186268129,0.014520085564523527,5,0.75,0.019241711443997066,<1 px
NGA,NG025005,2026-08-20,2,0.13499999,0.13499999,0.13499999,0.13499999,1,0.13499999,0.0,0.13499999046325684,0.13499999046325684,0.13499999046325684,0.13499999046325684,0.08857751069155165,0.0,1,0.25,3.431532473059687e-09,<1 px
NGA,NG025006,2026-08-20,2,0.026428571,0.03,0.0,0.065,14,0.37,0.020478958,0.02530319501431283,0.11499999463558197,0.0,0.029999999329447746,0.37433924958344594,0.025492846551740878,15,3.5,0.042581794743543726,1-4 px
NGA,NG025007,2026-08-20,2,0.24013889,0.145,0.0,0.89,36,8.645,0.26416662,0.29049383106854126,0.8899999856948853,0.0,0.15000000596046448,11.218506801031806,0.3044617531575367,39,9.0,0.2096909045783516,4-16 px
NGA,NG025008,2026-08-20,2,0.115833335,0.10000001,0.035,0.325,6,0.695,0.09795477,0.14903449058020635,0.39499998092651367,0.03500000014901161,0.10000000894069672,0.9309206105454919,0.12060308958457175,6,1.5,0.2866286771438149,1-4 px
NGA,NG025009,2026-08-20,2,0.30433333,0.20000002,0.12499999,0.53499997,15,4.565,0.1567893,0.2682112815726778,0.5349999666213989,0.0,0.20000001788139343,3.9645384623510127,0.1493979165916823,15,3.75,0.11869238386515928,1-4 px
NGA,NG025010,2026-08-20,2,0.04,0.04,0.04,0.04,2,0.08,0.0,0.03999999910593033,0.03999999910593033,0.03999999910593033,0.03999999910593033,0.043247600744499716,0.0,1,0.5,2.2351741811588166e-08,<1 px
NGA,NG025011,2026-08-20,2,0.0,0.0,0.0,0.0,2,0.0,0.0,0.018321964372808457,0.03999999910593033,0.0,0.0,0.02791243872936643,0.01992948017517675,2,0.5,,<1 px
NGA,NG025012,2026-08-20,2,0.16499999,0.145,0.0,0.39499998,12,1.9799999,0.14814125,0.15656498181233744,0.8899999856948853,0.0,0.14499999582767487,2.042606703824239,0.14851784497810355,13,3.0,0.051121264841668006,1-4 px
NGA,NG025013,2026-08-20,2,0.013333333,0.0,0.0,0.04,3,0.04,0.01885618,0.007413197569461322,0.03999999910593033,0.0,0.0,0.019776434977657558,0.015542599459121067,3,0.75,0.44401016839065505,<1 px
NGA,NG025014,2026-08-20,2,,,,,0,0.0,,0.10661089600636764,0.13499999046325684,0.03500000014901161,0.13499999046325684,0.029971150923298023,0.04508845181015795,0,0.0,,
NGA,NG025015,2026-08-20,2,0.13499999,0.13499999,0.13499999,0.13499999,1,0.13499999,0.0,0.07115903394629725,0.13499999046325684,0.0,0.13499999046325684,0.05469068419578326,0.06719811040229812,1,0.25,0.47289600579750224,<1 px
NGA,NG025016,2026-08-20,2,,,,,0,0.0,,5.860457657422999e-05,0.13499999046325684,0.0,0.0,3.17303106131596e-05,0.0028121491394001155,1,0.0,,
NGA,NG025017,2026-08-20,2,0.11799999,0.114999995,0.114999995,0.13,5,0.59,0.006,0.10594751594400657,0.12999999523162842,0.0,0.11499999463558197,0.5600819331327301,0.034355333068267734,5,1.25,0.10213961929991203,1-4 px
NGA,NG025018,2026-08-20,2,0.0,0.0,0.0,0.0,1,0.0,0.0,0.014768305368203664,0.13499999046325684,0.0,0.0,0.021311272512523145,0.04180759290809237,1,0.25,,<1 px
NGA,NG025019,2026-08-20,2,0.0,0.0,0.0,0.0,1,0.0,0.0,0.0,0.0,0.0,0.0,0.0,0.0,0,0.25,,<1 px
NGA,NG025020,2026-08-20,2,0.13499999,0.13499999,0.13499999,0.13499999,1,0.13499999,0.0,0.09216419008214739,0.13499999046325684,0.0,0.13499999046325684,0.058902961413295485,0.06283253017860646,1,0.25,0.317302245117593,<1 px
NGA,NG026,2026-08-20,1,6.150702,4.95,0.30499998,26.579998,876,5388.0146,4.8097095,6.363163857834139,26.579998016357422,0.22999998927116394,5.215000152587891,5594.30815731588,4.968308684016048,879,219.0,0.034542700627365634,>64 px
NGA,NG026001,2026-08-20,2,14.722343,14.615,7.9849997,22.789999,32,471.115,3.8023944,15.572865453456133,23.454998016357422,7.984999656677246,15.305000305175781,479.34374544306513,3.3405388155680993,31,8.0,0.05777086252209535,4-16 px
NGA,NG026002,2026-08-20,2,5.8154116,5.385,0.39,9.57,85,494.31,2.442266,6.033088381657484,9.569999694824219,0.38999998569488525,6.205000877380371,523.0698916972557,2.382296189946897,87,21.25,0.03743101892520963,16-64 px
NGA,NG026003,2026-08-20,2,5.3005,4.4799995,1.8399999,11.304999,80,424.04,2.4863565,5.198649362196236,12.78499984741211,1.184999942779541,4.479999542236328,424.4923954928774,2.417079749843219,82,20.0,0.01921528870932256,16-64 px
NGA,NG026004,2026-08-20,2,8.672628,8.55,4.29,13.879999,97,841.245,2.244894,8.864366050157253,16.779998779296875,4.289999961853027,8.550000190734863,841.3028943486211,2.2687230660812276,95,24.25,0.022108413984463927,16-64 px
NGA,NG026005,2026-08-20,2,4.672206,4.625,1.5549998,9.004999,34,158.855,2.0279036,5.07188266469578,9.004999160766602,1.554999828338623,4.625,194.00856556937205,2.142889207931623,38,8.5,0.08554345949125096,4-16 px
NGA,NG026006,2026-08-20,2,9.91,9.91,9.91,9.91,3,29.73,0.0,9.826385394281163,9.90999984741211,8.550000190734863,9.90999984741211,36.43943295511408,0.24760699878547546,4,0.75,0.008437397146199557,<1 px
NGA,NG026007,2026-08-20,2,7.2056394,7.9849997,1.17,12.800001,86,619.685,3.8559525,7.266675984041785,12.80000114440918,1.1699999570846558,7.984999656677246,610.341699386676,3.788593729142776,84,21.5,0.008470668687887052,16-64 px
NGA,NG026008,2026-08-20,2,4.4098215,2.57,1.185,16.415,84,370.425,4.3664064,5.035302395775461,19.21000099182129,1.184999942779541,2.569999933242798,439.7060529533973,5.125447152671139,87,21.0,0.14183814373789538,16-64 px
NGA,NG026009,2026-08-20,2,4.213478,3.775,0.69499993,12.785,161,678.37,2.7865906,4.4703241990139935,12.78499984741211,0.6200000047683716,3.8399999141693115,712.4423482236116,2.826549887653176,159,40.25,0.060958239016316966,16-64 px
NGA,NG026010,2026-08-20,2,5.839146,5.605,1.185,10.42,41,239.405,3.023166,6.384373206676049,17.699996948242188,1.184999942779541,6.494998931884766,264.0727931072795,3.4650654964379006,41,10.25,0.09337447747942051,4-16 px
NGA,NG026011,2026-08-20,2,5.916111,6.0049996,2.57,9.57,36,212.98,1.7944591,5.296333614379019,9.569999694824219,2.569999933242798,5.400000095367432,176.76206602603042,1.6398187233616348,33,9.0,0.10476094610479426,4-16 px
NGA,NG026012,2026-08-20,2,1.1484183,0.86,0.30499998,7.2699995,98,112.545,0.98000664,1.175602359859409,8.729999542236328,0.22999998927116394,0.8600000143051147,115.12829042197292,1.04409688495517,98,24.5,0.023670869629480028,16-64 px
NGA,NG026013,2026-08-20,2,18.854101,18.409998,12.859999,26.579998,39,735.30994,3.9165635,19.522230336062567,26.579998016357422,7.940000534057617,19.005001068115234,777.1979754976271,3.417386500059349,40,9.75,0.03543681748933914,4-16 px
NGA,NG027,2026-08-20,1,0.89960915,0.044999998,0.0,12.15,2354,2117.68,1.8102359,0.9066383500088884,12.149999618530273,0.0,0.04999999701976776,2150.8929616056853,1.8141151779634188,2372,588.5,0.007813615511679048,>64 px
NGA,NG027001,2026-08-20,2,0.14276923,0.0,0.0,0.79499996,65,9.28,0.2631759,0.15349500702215868,0.7949999570846558,0.0,0.0,9.691573305589351,0.26803812603899246,63,16.25,0.07512667135739741,16-64 px
NGA,NG027002,2026-08-20,2,0.003125,0.0,0.0,0.015,48,0.14999999,0.0060917465,0.003195948442690217,0.02499999850988388,0.0,0.0,0.15549461659034064,0.006278029554442489,49,12.0,0.022703501660869402,4-16 px
NGA,NG027003,2026-08-20,2,1.33,1.33,1.165,1.495,2,2.66,0.16500002,0.8501791575093143,1.4950000047683716,0.2149999737739563,0.5550000071525574,1.4574229524401408,0.514268864960638,2,0.5,0.36076755074487654,<1 px
NGA,NG027004,2026-08-20,2,0.0011994609,0.0,0.0,0.04,371,0.445,0.00546768,0.0013885609283896853,0.1249999925494194,0.0,0.0,0.5160276094455193,0.007284414839989205,372,92.75,0.15765418313317703,>64 px
NGA,NG027005,2026-08-20,2,0.3607843,0.195,0.024999999,1.8049998,51,18.4,0.4595227,0.3529487552858311,1.804999828338623,0.019999999552965164,0.19499999284744263,17.67161620876738,0.4344189261057915,50,12.75,0.021718086718764976,4-16 px
NGA,NG027006,2026-08-20,2,0.475,0.475,0.475,0.475,2,0.95,0.0,0.44089305718924715,0.4749999940395355,0.19499999284744263,0.4749999940395355,0.9177755392168218,0.05993138336895187,2,0.5,0.07180409012790069,<1 px
NGA,NG027007,2026-08-20,2,0.16155173,0.04,0.0,0.62,29,4.685,0.20915307,0.1609905956559257,1.2549998760223389,0.0,0.03999999910593033,4.826468564384539,0.21432113324637486,30,7.25,0.0034734034979032134,4-16 px
NGA,NG027008,2026-08-20,2,0.32663792,0.085,0.024999999,1.495,58,18.945,0.47776544,0.37246536433430205,1.4950000047683716,0.02499999850988388,0.08000000566244125,21.459935037795535,0.512646949562894,58,14.5,0.14030044133976247,4-16 px
NGA,NG027009,2026-08-20,2,2.822361,2.565,0.37,4.85,36,101.604996,1.5307676,2.7977586927123994,4.849999904632568,0.3700000047683716,2.565000057220459,104.15492216349865,1.5768597394339785,37,9.0,0.008716924336610551,4-16 px
NGA,NG027010,2026-08-20,2,0.16407408,0.075,0.0,1.325,54,8.86,0.27930316,0.14086121296291468,1.3250000476837158,0.0,0.07500000298023224,7.650779894982621,0.22082599015113047,54,13.5,0.14147796554510822,4-16 px
NGA,NG027011,2026-08-20,2,0.01413793,0.005,0.0,0.11999999,58,0.82,0.027071709,0.01308226163129168,0.14000000059604645,0.0,0.004999999888241291,0.7657231051506475,0.026515519403984274,59,14.5,0.07466923154297128,4-16 px
NGA,NG027012,2026-08-20,2,0.30392855,0.19500002,0.0,1.675,98,29.785,0.32383484,0.28158090907562977,1.7049999237060547,0.0,0.13499999046325684,28.04633787874303,0.33573664346914567,100,24.5,0.07352925851937979,16-64 px
NGA,NG027013,2026-08-20,2,2.7943902,1.3050001,0.049999997,12.15,82,229.14,3.2664313,2.6808210522516283,12.149999618530273,0.04999999701976776,1.0450000762939453,228.58655316379654,3.19291870763604,85,20.5,0.04064183582821461,16-64 px
NGA,NG027014,2026-08-20,2,0.013969466,0.0,0.0,0.105000004,131,1.83,0.027251428,0.015190657743882107,0.10500000417232513,0.0,0.0,2.0347392742293398,0.027925316913317892,134,32.75,0.08741864176355109,16-64 px
NGA,NG027015,2026-08-20,2,0.63130206,0.21000001,0.0,3.2600002,192,121.21,0.84743434,0.6789427597346516,3.2699999809265137,0.0,0.25999999046325684,129.51246484859593,0.8829280155751111,191,48.0,0.07546419179220099,16-64 px
NGA,NG027016,2026-08-20,2,0.08778317,0.015,0.0,2.275,309,27.125,0.26354662,0.10289593671792555,2.3949999809265137,0.0,0.019999999552965164,31.553412326972083,0.29864813336865775,307,77.25,0.17216018421213944,>64 px
NGA,NG027017,2026-08-20,2,0.44665712,0.0,0.0,8.795,175,78.165,1.41659,0.44804583709733886,12.149999618530273,0.0,0.0,78.15289994702533,1.4742110966232174,174,43.75,0.003109134580321574,16-64 px
NGA,NG027018,2026-08-20,2,4.143261,3.7799997,1.38,7.1500006,69,285.885,1.6825114,4.1017347406591425,7.15000057220459,1.3799999952316284,3.7799997329711914,282.1849338610525,1.5864983724272235,69,17.25,0.010022602809926145,16-64 px
NGA,NG027019,2026-08-20,2,1.9325372,1.385,0.12,4.825,67,129.48,1.5762681,2.021353688463647,7.324999809265137,0.11999999731779099,1.6749999523162842,139.05387089161655,1.704413036669495,69,16.75,0.04595848838700071,16-64 px
NGA,NG027020,2026-08-20,2,2.7561343,3.225,0.10499999,8.16,119,327.97998,2.4501567,2.7460995734017373,8.15999984741211,0.10499998927116394,2.4699997901916504,333.6743564540114,2.518400919669075,122,29.75,0.003640869967135689,16-64 px
NGA,NG027021,2026-08-20,2,0.0016161615,0.0,0.0,0.03,99,0.16,0.005852923,0.0020341118532775323,0.029999999329447746,0.0,0.0,0.20999610464111934,0.006569789580155697,103,24.75,0.25860679967783684,16-64 px
NGA,NG027022,2026-08-20,2,3.937574,3.98,0.089999996,8.255,169,665.44995,2.2179363,3.924293414258611,8.255000114440918,0.08999999612569809,3.9800000190734863,677.1778023231332,2.20390632874829,173,42.25,0.0033727837854956194,16-64 px
NGA,NG027023,2026-08-20,2,2.0549998,2.2849998,1.595,2.2849998,3,6.1649995,0.32526904,2.1325639947711226,3.119999885559082,1.5950000286102295,2.2849998474121094,9.064309452411239,0.4253098243126969,4,0.75,0.037744137381970806,<1 px
NGA,NG027024,2026-08-20,2,3.9927776,4.785,2.4799998,4.87,9,35.934998,0.94255006,3.786207225081182,4.869999885559082,2.4799997806549072,3.119999885559082,30.100239854471766,0.907308908367379,8,2.25,0.051736008266230094,1-4 px
NGA,NG027025,2026-08-20,2,0.21672413,0.24499999,0.02,0.45999998,58,12.57,0.11589439,0.2056691506646962,0.5799999237060547,0.019999999552965164,0.23999997973442078,12.273306759416602,0.11959776440892043,60,14.5,0.05100945305584467,4-16 px
NGA,NG028,2026-08-20,1,0.050120816,0.0,0.0,0.89,538,26.965,0.11381291,0.043224573251407605,0.8899999856948853,0.0,0.0,23.58369152572951,0.09471228186270807,546,134.5,0.13759238773351962,>64 px
NGA,NG028001,2026-08-20,2,0.00537037,0.0,0.0,0.044999998,27,0.145,0.011779292,0.005955548552598765,0.044999998062849045,0.0,0.0,0.1498796188175413,0.01239626342248816,25,6.75,0.10896428972282449,4-16 px
NGA,NG028002,2026-08-20,2,0.044999998,0.044999998,0.044999998,0.044999998,3,0.13499999,0.0,0.04513555465372004,0.14499999582767487,0.0,0.044999998062849045,0.08321281974932765,0.0038359253580463135,2,0.75,0.0030123702165506406,<1 px
NGA,NG028003,2026-08-20,2,0.015357142,0.0,0.0,0.08499999,28,0.42999998,0.02503314,0.015484289084540782,0.11499999463558197,0.0,0.0,0.43257165537716236,0.024547901874467697,28,7.0,0.008279345501967858,4-16 px
NGA,NG028004,2026-08-20,2,0.011610169,0.0,0.0,0.06,59,0.685,0.02196763,0.010521611055281965,0.05999999865889549,0.0,0.0,0.6396614861114716,0.021127666137989234,61,14.75,0.09375900942682532,4-16 px
NGA,NG028005,2026-08-20,2,0.0036,0.0,0.0,0.044999998,25,0.089999996,0.012208194,0.0036001871032529512,0.044999998062849045,0.0,0.0,0.08584300393781474,0.012208483341261027,24,6.25,5.1973125819818016e-05,4-16 px
NGA,NG028006,2026-08-20,2,0.022894735,0.0,0.0,0.089999996,19,0.43499997,0.038330823,0.018030049817332142,0.17499999701976776,0.0,0.0,0.36912290247061996,0.03660745541954982,20,4.75,0.21248051932760337,4-16 px
NGA,NG028007,2026-08-20,2,0.057058822,0.04,0.0,0.175,17,0.96999997,0.040258676,0.06647701466201261,0.17499999701976776,0.0,0.03999999910593033,1.1712508161461797,0.046015345758504654,18,4.25,0.16506111293381784,4-16 px
NGA,NG028008,2026-08-20,2,0.06646667,0.0,0.0,0.505,75,4.985,0.13365072,0.0589464253070485,0.5049999952316284,0.0,0.0,4.184403362564026,0.1230058307462107,71,18.75,0.11314309401917538,16-64 px
NGA,NG028009,2026-08-20,2,0.05892857,0.02,0.0,0.285,28,1.65,0.07945526,0.047348826814841816,0.2849999964237213,0.0,0.019999999552965164,1.4782606348438954,0.0679842283992768,31,7.0,0.19650473760279918,4-16 px
NGA,NG028010,2026-08-20,2,0.1675,0.20500001,0.03,0.225,6,1.005,0.0719809,0.15439626841157075,0.4749999940395355,0.0,0.20500001311302185,1.0721892048583288,0.0918822105782909,7,1.5,0.07823123336375676,1-4 px
NGA,NG028011,2026-08-20,2,0.37199998,0.475,0.099999994,0.53,5,1.8599999,0.17670879,0.3989547681492919,0.5299999713897705,0.09999999403953552,0.4749999940395355,1.8614442500342299,0.15076100410009824,5,1.25,0.07245911182385525,1-4 px
NGA,NG028012,2026-08-20,2,0.067,0.06,0.035,0.089999996,5,0.33499998,0.020880612,0.09166463399641787,0.2849999964237213,0.03500000014901161,0.08999999612569809,0.43713272863989533,0.06360067677851576,5,1.25,0.36812886561817715,1-4 px
NGA,NG028013,2026-08-20,2,0.013818181,0.0,0.0,0.16499999,55,0.75999993,0.03417819,0.015339905639554305,0.16499999165534973,0.0,0.0,0.9090439943293379,0.036741537670530885,59,13.75,0.1101248159619782,4-16 px
NGA,NG028014,2026-08-20,2,0.002368421,0.0,0.0,0.044999998,19,0.044999998,0.010048359,0.003830468976823225,0.044999998062849045,0.0,0.0,0.07172019421398154,0.01255781047613171,19,4.75,0.6173091594877874,4-16 px
NGA,NG028015,2026-08-20,2,0.043125,0.005,0.0,0.20500001,48,2.07,0.065372534,0.040027772253689704,0.20500001311302185,0.0,0.009999999776482582,1.9320987617389218,0.06242926745141992,48,12.0,0.07181977382748504,4-16 px
NGA,NG028016,2026-08-20,2,0.015238095,0.0,0.0,0.145,42,0.64,0.033557914,0.014381742245984432,0.14499999582767487,0.0,0.0,0.6762493272337086,0.033421881648316124,47,10.5,0.05619815036036776,4-16 px
NGA,NG028017,2026-08-20,2,0.33833334,0.225,0.06,0.89,21,7.105,0.2768244,0.2627549141604477,0.8899999856948853,0.05999999865889549,0.19499999284744263,4.7079409757230675,0.21165417523824792,18,5.25,0.2233845054689327,4-16 px
NGA,NG028018,2026-08-20,2,0.053166665,0.0,0.0,0.155,30,1.5949999,0.06518542,0.050588617943625826,0.1850000023841858,0.0,0.0,1.6037030065780626,0.06709267993770462,32,7.5,0.048489914806094686,4-16 px
NGA,NG028019,2026-08-20,2,0.15583333,0.14750001,0.035,0.285,6,0.935,0.10748708,0.1433208289796106,0.2849999964237213,0.004999999888241291,0.08999999612569809,0.9804426553040263,0.11311982023093466,7,1.5,0.08029412591253357,1-4 px
NGA,NG028020,2026-08-20,2,0.05736842,0.035,0.0,0.325,19,1.09,0.09627767,0.03760542280223859,0.32499998807907104,0.0,0.0,0.7375200540759822,0.06515419635829817,20,4.75,0.34449261802506354,4-16 px
NGA,NG029,2026-08-20,1,0.102817625,0.0,0.0,3.975,488,50.175,0.37737012,0.10266772398683156,3.9749999046325684,0.0,0.0,50.658157090301465,0.38906542586004994,493,122.0,0.0014579311005134823,>64 px
NGA,NG029001,2026-08-20,2,0.58458334,0.0,0.0,3.975,12,7.015,1.0805157,0.5285204713502996,3.9749999046325684,0.0,0.0,5.957759950111969,1.0135776255212647,11,3.0,0.09590226887016734,1-4 px
NGA,NG029002,2026-08-20,2,0.026176468,0.0,0.0,0.34499997,17,0.44499996,0.08039478,0.33389254469249036,3.9749999046325684,0.0,0.0,6.229633754955494,1.0002341974443443,19,4.25,11.755446788790998,4-16 px
NGA,NG029003,2026-08-20,2,0.0,0.0,0.0,0.0,8,0.0,0.0,0.00022136993032820753,0.7599999904632568,0.0,0.0,0.0016104438711429215,0.012968891251461556,7,2.0,,1-4 px
NGA,NG029004,2026-08-20,2,0.0,0.0,0.0,0.0,15,0.0,0.0,0.0,0.0,0.0,0.0,0.0,0.0,16,3.75,,1-4 px
NGA,NG029005,2026-08-20,2,0.017142856,0.005,0.0,0.14,21,0.35999998,0.029462302,0.013055218524345756,0.14000000059604645,0.0,0.004999999888241291,0.2889664280211443,0.02770848985495539,22,5.25,0.2384455353095333,4-16 px
NGA,NG029006,2026-08-20,2,0.055625,0.012499999,0.0,0.14,8,0.445,0.065833,0.04035809564890109,0.14000000059604645,0.0,0.019999999552965164,0.4071634209752521,0.05767426414965123,10,2.0,0.2744612018175085,1-4 px
NGA,NG029007,2026-08-20,2,0.50279415,0.41500002,0.03,1.6500001,34,17.095001,0.43440834,0.4348210408627151,1.6500000953674316,0.029999999329447746,0.2749999761581421,15.307675937207259,0.36364923078341266,35,8.5,0.13519073190745146,4-16 px
NGA,NG029008,2026-08-20,2,0.01109375,0.0,0.0,0.12,64,0.71,0.02917443,0.013120979877449939,0.14000000059604645,0.0,0.0,0.823077698812415,0.032101524219943035,63,16.0,0.18273621430534664,4-16 px
NGA,NG029009,2026-08-20,2,0.0,0.0,0.0,0.0,11,0.0,0.0,0.0,0.0,0.0,0.0,0.0,0.0,10,2.75,,1-4 px
NGA,NG029010,2026-08-20,2,0.63878787,0.13999999,0.0,3.4499998,33,21.08,0.89987546,0.5809191415205516,3.4499998092651367,0.0,0.11499999463558197,18.300726975586183,0.8146846364874485,32,8.25,0.09059146423592618,4-16 px
NGA,NG029011,2026-08-20,2,0.0,0.0,0.0,0.0,21,0.0,0.0,0.0,0.0,0.0,0.0,0.0,0.0,19,5.25,,4-16 px
NGA,NG029012,2026-08-20,2,0.08896552,0.0,0.0,0.75,29,2.58,0.16610332,0.10286085232708857,0.75,0.0,0.0,2.9983413468656,0.1924829186580881,29,7.25,0.15618783914362058,4-16 px
NGA,NG029013,2026-08-20,2,0.003032787,0.0,0.0,0.185,61,0.185,0.023491867,0.001493764146158899,0.1850000023841858,0.0,0.0,0.09180476997749588,0.016274909740052745,61,15.25,0.5074615704436549,4-16 px
NGA,NG029014,2026-08-20,2,0.006296296,0.0,0.0,0.03,27,0.17,0.009868824,0.006291069030348804,0.08999998867511749,0.0,0.0,0.17603536704582834,0.010246539081937591,28,6.75,0.0008301658071977255,4-16 px
NGA,NG029015,2026-08-20,2,0.0,0.0,0.0,0.0,13,0.0,0.0,0.0,0.0,0.0,0.0,0.0,0.0,15,3.25,,1-4 px
NGA,NG029016,2026-08-20,2,0.0,0.0,0.0,0.0,29,0.0,0.0,0.0,0.0,0.0,0.0,0.0,0.0,31,7.25,,4-16 px
NGA,NG029017,2026-08-20,2,0.0018367346,0.0,0.0,0.089999996,49,0.089999996,0.01272527,0.0016100581668726539,0.08999999612569809,0.0,0.0,0.0751277245873141,0.011929498794164576,47,12.25,0.12341273101042805,4-16 px
NGA,NG029018,2026-08-20,2,0.0,0.0,0.0,0.0,36,0.0,0.0,6.250738254806945e-06,0.004999999888241291,0.0,0.0,0.00023299014747419069,0.0001766765939413882,37,9.0,,4-16 px
NGA,NG030,2026-08-20,1,0.008309352,0.0,0.0,0.17,278,2.31,0.030455498,0.008444942739079265,0.17000000178813934,0.0,0.0,2.379951549405803,0.031062194385658593,282,69.5,0.016317847538443966,>64 px
NGA,NG030001,2026-08-20,2,0.031041667,0.0,0.0,0.155,24,0.745,0.06075873,0.02570718101983013,0.1550000011920929,0.0,0.0,0.6420222362808412,0.05538001804015899,25,6.0,0.17184921093863512,4-16 px
NGA,NG030002,2026-08-20,2,0.0125,0.0,0.0,0.125,10,0.125,0.0375,0.005871255460402704,0.125,0.0,0.0,0.05828624869587949,0.026366336207239428,10,2.5,0.5302995631677837,1-4 px
NGA,NG030003,2026-08-20,2,0.0,0.0,0.0,0.0,13,0.0,0.0,0.0,0.0,0.0,0.0,0.0,0.0,15,3.25,,1-4 px
NGA,NG030004,2026-08-20,2,0.0,0.0,0.0,0.0,13,0.0,0.0,0.0,0.0,0.0,0.0,0.0,0.0,12,3.25,,1-4 px
NGA,NG030005,2026-08-20,2,0.0,0.0,0.0,0.0,5,0.0,0.0,0.0,0.0,0.0,0.0,0.0,0.0,5,1.25,,1-4 px
NGA,NG030006,2026-08-20,2,0.0,0.0,0.0,0.0,5,0.0,0.0,0.0,0.0,0.0,0.0,0.0,0.0,5,1.25,,1-4 px
NGA,NG030007,2026-08-20,2,0.0,0.0,0.0,0.0,4,0.0,0.0,0.0,0.0,0.0,0.0,0.0,0.0,3,1.0,,<1 px
NGA,NG030008,2026-08-20,2,0.0,0.0,0.0,0.0,7,0.0,0.0,0.0,0.0,0.0,0.0,0.0,0.0,7,1.75,,1-4 px
NGA,NG030009,2026-08-20,2,0.0,0.0,0.0,0.0,8,0.0,0.0,0.0,0.0,0.0,0.0,0.0,0.0,9,2.0,,1-4 px
NGA,NG030010,2026-08-20,2,0.0,0.0,0.0,0.0,12,0.0,0.0,0.0,0.0,0.0,0.0,0.0,0.0,12,3.0,,1-4 px
NGA,NG030011,2026-08-20,2,0.0175,0.0,0.0,0.07,4,0.07,0.03031089,0.008556052408992567,0.07000000029802322,0.0,0.0,0.031046039349157544,0.02290666928656248,4,1.0,0.511082719486139,<1 px
NGA,NG030012,2026-08-20,2,0.0,0.0,0.0,0.0,6,0.0,0.0,0.0,0.0,0.0,0.0,0.0,0.0,6,1.5,,1-4 px
NGA,NG030013,2026-08-20,2,0.014827586,0.0,0.0,0.07,29,0.43,0.026538286,0.01767164678143301,0.1550000011920929,0.0,0.0,0.5211521628974147,0.0332190900945312,29,7.25,0.1918087530521159,4-16 px
NGA,NG030014,2026-08-20,2,0.0,0.0,0.0,0.0,23,0.0,0.0,0.0,0.0,0.0,0.0,0.0,0.0,24,5.75,,4-16 px
NGA,NG030015,2026-08-20,2,0.0,0.0,0.0,0.0,4,0.0,0.0,0.0,0.0,0.0,0.0,0.0,0.0,5,1.0,,<1 px
NGA,NG030016,2026-08-20,2,0.0,0.0,0.0,0.0,4,0.0,0.0,0.0,0.0,0.0,0.0,0.0,0.0,4,1.0,,<1 px
NGA,NG030017,2026-08-20,2,0.0,0.0,0.0,0.0,9,0.0,0.0,0.0,0.0,0.0,0.0,0.0,0.0,9,2.25,,1-4 px
NGA,NG030018,2026-08-20,2,0.0,0.0,0.0,0.0,3,0.0,0.0,0.0,0.0,0.0,0.0,0.0,0.0,2,0.75,,<1 px
NGA,NG030019,2026-08-20,2,0.0,0.0,0.0,0.0,1,0.0,0.0,0.0,0.0,0.0,0.0,0.0,0.0,1,0.25,,<1 px
NGA,NG030020,2026-08-20,2,0.0,0.0,0.0,0.0,1,0.0,0.0,0.0,0.0,0.0,0.0,0.0,0.0,1,0.25,,<1 px
NGA,NG030021,2026-08-20,2,0.05375,0.005,0.0,0.17,8,0.43,0.06808772,0.063784231744763,0.17000000178813934,0.0,0.004999999888241291,0.5479022028124662,0.06825919185427945,9,2.0,0.18668338129791626,1-4 px
NGA,NG030022,2026-08-20,2,0.034,0.0,0.0,0.17,15,0.51,0.05193586,0.040520755967881836,0.17000000178813934,0.0,0.0,0.5795426638357354,0.058707953032673184,14,3.75,0.1917869402318186,1-4 px
NGA,NG030023,2026-08-20,2,0.0,0.0,0.0,0.0,11,0.0,0.0,0.0,0.0,0.0,0.0,0.0,0.0,9,2.75,,1-4 px
NGA,NG030024,2026-08-20,2,0.0,0.0,0.0,0.0,17,0.0,0.0,0.0,0.0,0.0,0.0,0.0,0.0,17,4.25,,4-16 px
NGA,NG030025,2026-08-20,2,0.0,0.0,0.0,0.0,10,0.0,0.0,0.0,0.0,0.0,0.0,0.0,0.0,10,2.5,,1-4 px
NGA,NG030026,2026-08-20,2,0.0,0.0,0.0,0.0,9,0.0,0.0,0.0,0.0,0.0,0.0,0.0,0.0,11,2.25,,1-4 px
NGA,NG030027,2026-08-20,2,0.0,0.0,0.0,0.0,4,0.0,0.0,0.0,0.0,0.0,0.0,0.0,0.0,4,1.0,,<1 px
NGA,NG030028,2026-08-20,2,0.0,0.0,0.0,0.0,15,0.0,0.0,0.0,0.0,0.0,0.0,0.0,0.0,15,3.75,,1-4 px
NGA,NG030029,2026-08-20,2,0.0,0.0,0.0,0.0,2,0.0,0.0,0.0,0.0,0.0,0.0,0.0,0.0,4,0.5,,<1 px
NGA,NG030030,2026-08-20,2,0.0,0.0,0.0,0.0,2,0.0,0.0,0.0,0.0,0.0,0.0,0.0,0.0,2,0.5,,<1 px
NGA,NG031,2026-08-20,1,0.0077544246,0.0,0.0,0.17999999,904,7.0099998,0.029868655,0.007621138394701846,0.17999999225139618,0.0,0.0,6.9045003182695055,0.02960203762610777,906,226.0,0.017188406899740074,>64 px
NGA,NG031001,2026-08-20,2,0.0,0.0,0.0,0.0,11,0.0,0.0,0.0,0.0,0.0,0.0,0.0,0.0,11,2.75,,1-4 px
NGA,NG031002,2026-08-20,2,0.0,0.0,0.0,0.0,19,0.0,0.0,0.0,0.0,0.0,0.0,0.0,0.0,20,4.75,,4-16 px
NGA,NG031003,2026-08-20,2,0.0,0.0,0.0,0.0,58,0.0,0.0,0.0,0.0,0.0,0.0,0.0,0.0,59,14.5,,4-16 px
NGA,NG031004,2026-08-20,2,0.004347826,0.0,0.0,0.175,92,0.4,0.02596211,0.005041493467019306,0.17499999701976776,0.0,0.0,0.47759410885356457,0.0270682919879607,95,23.0,0.15954352060531085,16-64 px
NGA,NG031005,2026-08-20,2,0.08611111,0.12,0.0,0.17,9,0.775,0.07712824,0.07038758308303253,0.17000000178813934,0.0,0.004999999888241291,0.5960152247089964,0.0767131531444842,8,2.25,0.182595798811181,1-4 px
NGA,NG031006,2026-08-20,2,0.0,0.0,0.0,0.0,1,0.0,0.0,0.01030470837751472,0.11999999731779099,0.0,0.0,0.013148143451522543,0.03121480374350187,1,0.25,,<1 px
NGA,NG031007,2026-08-20,2,0.12,0.12,0.12,0.12,1,0.12,0.0,0.08883861355863468,0.11999999731779099,0.0,0.11999999731779099,0.038505320900510835,0.05252368294395541,0,0.25,0.259678220344711,<1 px
NGA,NG031008,2026-08-20,2,0.049999997,0.049999997,0.049999997,0.049999997,1,0.049999997,0.0,0.017543913730484688,0.04999999701976776,0.0,0.0,0.006576711069394993,0.02386224476566712,0,0.25,0.6491217043376085,<1 px
NGA,NG031009,2026-08-20,2,0.049999997,0.049999997,0.049999997,0.049999997,1,0.049999997,0.0,0.08870890088327352,0.11999999731779099,0.04999999701976776,0.11999999731779099,0.040786842112093304,0.034802931538412456,0,0.25,0.7741781241161578,<1 px
NGA,NG031010,2026-08-20,2,0.049999997,0.049999997,0.049999997,0.049999997,1,0.049999997,0.0,0.04687661041531756,0.04999999701976776,0.0,0.04999999701976776,0.07396615051887205,0.01210015607474688,2,0.25,0.062467735441712934,<1 px
NGA,NG031011,2026-08-20,2,0.0019047619,0.0,0.0,0.04,21,0.04,0.008518354,0.0031718807637375625,0.03999999910593033,0.0,0.0,0.07104814129633998,0.01080807106445233,22,5.25,0.6652374051253139,4-16 px
NGA,NG031012,2026-08-20,2,0.046875,0.0,0.0,0.17999999,24,1.125,0.071104564,0.052950591258002395,0.17999999225139618,0.0,0.0,1.3060594019831815,0.07375735271884071,25,6.0,0.1296126135040511,4-16 px
NGA,NG031013,2026-08-20,2,0.0024242424,0.0,0.0,0.04,33,0.08,0.0095442515,0.0022987057079967965,0.03999999910593033,0.0,0.0,0.07254885980549258,0.009309359716580498,32,8.25,0.0517838859691604,4-16 px
NGA,NG031014,2026-08-20,2,0.0073214285,0.0,0.0,0.155,28,0.205,0.02989512,0.004682314205072059,0.1550000011920929,0.0,0.0,0.13285540367644985,0.02411628656275343,28,7.0,0.36046439501907873,4-16 px
NGA,NG031015,2026-08-20,2,0.0,0.0,0.0,0.0,32,0.0,0.0,0.0,0.0,0.0,0.0,0.0,0.0,32,8.0,,4-16 px
NGA,NG031016,2026-08-20,2,0.01827586,0.0,0.0,0.17999999,58,1.06,0.040732004,0.015118292526147839,0.17999999225139618,0.0,0.0,0.8990832225858155,0.03649474621681217,59,14.5,0.1727725794491839,4-16 px
NGA,NG031017,2026-08-20,2,0.0,0.0,0.0,0.0,53,0.0,0.0,0.0,0.0,0.0,0.0,0.0,0.0,51,13.25,,4-16 px
NGA,NG031018,2026-08-20,2,0.0019230768,0.0,0.0,0.024999999,78,0.14999999,0.0056744344,0.0015621770501875979,0.044999998062849045,0.0,0.0,0.12235881381165335,0.0054599295934223795,78,19.5,0.18766788191319353,16-64 px
NGA,NG031019,2026-08-20,2,0.0,0.0,0.0,0.0,18,0.0,0.0,0.0005768838788048266,0.09999999403953552,0.0,0.0,0.011437203410535427,0.007573347306994569,20,4.5,,4-16 px
NGA,NG031020,2026-08-20,2,0.000625,0.0,0.0,0.005,8,0.005,0.0016535945,0.00043767395990692795,0.004999999888241291,0.0,0.0,0.003912676054611798,0.0014130857211932162,9,2.0,0.2997216641489153,1-4 px
NGA,NG031021,2026-08-20,2,0.0,0.0,0.0,0.0,4,0.0,0.0,0.0,0.0,0.0,0.0,0.0,0.0,3,1.0,,<1 px
NGA,NG031022,2026-08-20,2,,,,,0,0.0,,0.0,0.0,0.0,0.0,0.0,0.0,1,0.0,,
NGA,NG031023,2026-08-20,2,0.0,0.0,0.0,0.0,11,0.0,0.0,0.0,0.0,0.0,0.0,0.0,0.0,12,2.75,,1-4 px
NGA,NG031024,2026-08-20,2,0.0,0.0,0.0,0.0,34,0.0,0.0,0.0,0.0,0.0,0.0,0.0,0.0,35,8.5,,4-16 px
NGA,NG031025,2026-08-20,2,0.0352,0.005,0.0,0.12,25,0.88,0.043277707,0.03997821051031035,0.11999999731779099,0.0,0.019999999552965164,0.8745023498886695,0.04476605953265206,22,6.25,0.13574461677018032,4-16 px
NGA,NG031026,2026-08-20,2,0.085,0.105000004,0.0,0.155,10,0.85,0.0585662,0.09276724002229436,0.17000000178813934,0.0,0.10500000417232513,1.0098630230032277,0.05413373279264139,11,2.5,0.09137929437993358,1-4 px
NGA,NG031027,2026-08-20,2,0.0,0.0,0.0,0.0,30,0.0,0.0,0.0,0.0,0.0,0.0,0.0,0.0,30,7.5,,4-16 px
NGA,NG031028,2026-08-20,2,0.0,0.0,0.0,0.0,67,0.0,0.0,0.0,0.0,0.0,0.0,0.0,0.0,67,16.75,,16-64 px
NGA,NG031029,2026-08-20,2,0.0,0.0,0.0,0.0,13,0.0,0.0,0.0,0.0,0.0,0.0,0.0,0.0,12,3.25,,1-4 px
NGA,NG031030,2026-08-20,2,0.0,0.0,0.0,0.0,20,0.0,0.0,0.0,0.0,0.0,0.0,0.0,0.0,20,5.0,,4-16 px
NGA,NG031031,2026-08-20,2,0.0030232558,0.0,0.0,0.02,43,0.13,0.005720174,0.0025785020720246635,0.019999999552965164,0.0,0.0,0.11589611772230973,0.005315059322457057,45,10.75,0.14711084916312298,4-16 px
NGA,NG031032,2026-08-20,2,0.016507937,0.0,0.0,0.175,63,1.04,0.045036446,0.016813058647052858,0.17499999701976776,0.0,0.0,1.0383425697268347,0.04455500510302039,62,15.75,0.01848332999167962,4-16 px
NGA,NG031033,2026-08-20,2,0.0,0.0,0.0,0.0,37,0.0,0.0,0.0,0.0,0.0,0.0,0.0,0.0,34,9.25,,4-16 px
NGA,NG032,2026-08-20,1,10.317695,8.08,0.445,31.685001,870,8976.395,7.1426053,10.609779376556485,31.685001373291016,0.4449999928474426,8.34999942779541,9255.952841953214,7.168357052707333,872,217.5,0.028309072574493107,>64 px
NGA,NG032001,2026-08-20,2,16.102726,16.325,8.309999,25.835,33,531.38995,4.438633,17.368561530540223,28.279998779296875,8.309999465942383,17.03999900817871,570.2907097536427,4.4380425815315965,33,8.25,0.07861001488445014,4-16 px
NGA,NG032002,2026-08-20,2,10.623303,11.325001,6.16,14.339999,56,594.90497,2.582899,10.799573170702102,14.339999198913574,5.420000076293945,11.325000762939453,587.0365202718899,2.3973859358208567,54,14.0,0.016592783873537444,4-16 px
NGA,NG032003,2026-08-20,2,26.372631,27.695,16.460001,31.685001,57,1503.24,4.219122,26.116714178576792,31.685001373291016,15.354999542236328,27.69499969482422,1479.6320988567095,4.461673219782073,57,14.25,0.009703879048821711,4-16 px
NGA,NG032004,2026-08-20,2,13.859697,14.579999,7.5550003,16.275,33,457.37,2.302191,13.696796869593479,16.274999618530273,6.2699995040893555,14.579998970031738,464.1514496262063,2.436518359199467,34,8.25,0.011753513111182851,4-16 px
NGA,NG032005,2026-08-20,2,14.0211115,14.45,11.699999,14.915001,9,126.19,1.2630917,14.278120788916686,14.915000915527344,11.69999885559082,14.339999198913574,123.46227635572954,0.8865658271831081,9,2.25,0.018330165116844422,1-4 px
NGA,NG032006,2026-08-20,2,14.09853,14.15,11.79,19.014997,17,239.675,1.9926553,14.292954990182695,19.014997482299805,11.294999122619629,14.149999618530273,266.7255310299481,2.3815795336557772,19,4.25,0.01379044412308905,4-16 px
NGA,NG032007,2026-08-20,2,8.141868,5.8899994,3.6399999,20.41,91,740.91,4.7498436,7.608888080550694,20.40999984741211,3.4850001335144043,5.764999866485596,688.1378405547703,4.5911136572933335,90,22.75,0.06546162618324272,16-64 px
NGA,NG032008,2026-08-20,2,7.523281,4.9449997,2.6350002,21.595,32,240.745,5.6789007,9.129841055413568,23.43499755859375,2.635000228881836,5.710000514984131,282.67442041804935,6.327507882824883,31,8.0,0.21354513481731813,4-16 px
NGA,NG032009,2026-08-20,2,6.115,4.6,3.44,12.1449995,26,158.98999,2.7193563,6.515221447815302,21.170000076293945,3.440000057220459,4.599999904632568,167.70742001198042,3.3217685724060937,26,6.5,0.06544913292155378,4-16 px
NGA,NG032010,2026-08-20,2,5.4273076,5.185,1.52,8.425,39,211.665,1.6207545,5.764941880436806,9.140000343322754,1.5199999809265137,5.184999942779541,227.08290841863595,1.560832333895312,39,9.75,0.06221027170761552,4-16 px
NGA,NG032011,2026-08-20,2,13.948019,14.199999,3.1100001,27.480003,53,739.245,7.04679,15.234599821189112,27.480003356933594,3.1100001335144043,14.329998016357422,807.4682720972173,6.990094332843321,53,13.25,0.09224111475537222,4-16 px
NGA,NG032012,2026-08-20,2,9.582,9.035,3.44,21.17,25,239.54999,4.665854,10.657247384069752,21.170000076293945,3.440000057220459,10.40999984741211,275.2497817918607,4.670928190073635,26,6.25,0.11221533960235348,4-16 px
NGA,NG032013,2026-08-20,2,16.76755,17.744999,3.37,24.759998,49,821.61,7.077082,17.720120288638686,24.759998321533203,3.369999885559082,21.170000076293945,836.8013297619609,6.46172916853351,47,12.25,0.05681034430424755,4-16 px
NGA,NG032014,2026-08-20,2,6.3910975,6.205001,1.8900001,22.464998,82,524.07,3.5205488,6.708914728947017,24.74500274658203,1.8900001049041748,6.205000877380371,560.0936554972808,3.7632406118994184,83,20.5,0.04972811460739203,16-64 px
NGA,NG032015,2026-08-20,2,18.418333,19.014997,11.294999,22.974997,27,497.29498,3.4971204,19.010299974970437,25.834999084472656,11.294999122619629,19.014997482299805,518.8248619169426,3.216026662347538,27,6.75,0.032140095141641546,4-16 px
NGA,NG032016,2026-08-20,2,7.7926583,8.045,2.525,22.464998,79,615.62,2.4377007,7.841036491167692,22.464998245239258,2.5250000953674316,8.074999809265137,628.7361966994323,2.1925156265182535,80,19.75,0.0062081756064797464,16-64 px
NGA,NG032017,2026-08-20,2,4.530401,4.72,0.445,8.890001,162,733.925,2.3469646,4.712053012170344,8.89000129699707,0.4449999928474426,4.71999979019165,771.8775889146103,2.265281434726822,164,40.5,0.04009623257860475,16-64 px
NGA,NG033,2026-08-20,1,0.10969418,0.065,0.0,0.61,327,35.87,0.14105618,0.11093151158862813,0.6850000023841858,0.0,0.06499999761581421,36.83793673537403,0.1432025199563217,332,81.75,0.011279828962923344,>64 px
NGA,NG033001,2026-08-20,2,0.33260867,0.41500002,0.055,0.59499997,23,7.6499996,0.1947064,0.3336937891236097,0.5949999690055847,0.019999999552965164,0.4150000214576721,7.7920879266423615,0.18784868821568204,23,5.75,0.003262449904296546,4-16 px
NGA,NG033002,2026-08-20,2,0.263,0.23,0.19,0.455,10,2.6299999,0.099176615,0.29534431018917195,0.5899999141693115,0.10000000894069672,0.2499999850988388,3.06512306635327,0.13051272722973967,10,2.5,0.12298216801966518,1-4 px
NGA,NG033003,2026-08-20,2,0.19218749,0.1375,0.07,0.5899999,16,3.0749998,0.15795535,0.20356250760227826,0.5899999141693115,0.07000000029802322,0.17499999701976776,2.924433725591607,0.15478272008218064,14,4.0,0.05918708653866217,1-4 px
NGA,NG033004,2026-08-20,2,0.129625,0.055,0.0,0.6049999,40,5.1849995,0.18497764,0.11897772517676065,0.6049998998641968,0.0,0.054999999701976776,4.835657274395123,0.17857317565476585,41,10.0,0.08213905360261783,4-16 px
NGA,NG033005,2026-08-20,2,0.3642857,0.33499998,0.22,0.61,7,2.55,0.16253415,0.33454721736277,0.6100000143051147,0.2199999988079071,0.2199999988079071,2.7390701040031393,0.15094112569622464,8,1.75,0.08163505357808445,1-4 px
NGA,NG033006,2026-08-20,2,0.089999996,0.089999996,0.089999996,0.089999996,3,0.26999998,0.0,0.07530634881818468,0.1550000011920929,0.0,0.08999999612569809,0.28241850422421433,0.03321122108312536,4,0.75,0.16326275372073704,<1 px
NGA,NG033007,2026-08-20,2,0.082352936,0.065,0.02,0.13499999,17,1.4,0.03614178,0.12321782276486307,0.6850000023841858,0.019999999552965164,0.06499999761581421,2.215099389816963,0.1406799773570275,18,4.25,0.49621651333551803,4-16 px
NGA,NG033008,2026-08-20,2,0.016290322,0.0,0.0,0.11,31,0.505,0.025933156,0.020007121235260914,0.2149999737739563,0.0,0.0,0.6434412540217965,0.03279148300742618,32,7.75,0.2281599611880548,4-16 px
NGA,NG033009,2026-08-20,2,0.009,0.015,0.0,0.015,5,0.044999998,0.007348469,0.009069067866528311,0.019999999552965164,0.0,0.014999999664723873,0.040393478050330785,0.007388822440619801,4,1.25,0.007674207392034633,1-4 px
NGA,NG033010,2026-08-20,2,0.16111112,0.14,0.024999999,0.455,27,4.35,0.11409332,0.12844788737289725,0.45500001311302185,0.0,0.13500000536441803,3.4899747673545414,0.08717485160578997,27,6.75,0.20273729477582147,4-16 px
NGA,NG033011,2026-08-20,2,0.049999997,0.049999997,0.01,0.08499999,27,1.3499999,0.024532668,0.048256604884408354,0.09499998390674591,0.0,0.04999999701976776,1.2842875326075132,0.026735153302181815,27,6.75,0.034867844403903545,4-16 px
NGA,NG033012,2026-08-20,2,0.06875,0.0775,0.015,0.105000004,4,0.275,0.038303886,0.07311131386038686,0.2199999988079071,0.014999999664723873,0.10500000417232513,0.31639585034634704,0.035043967949593795,4,1.0,0.06343729251471782,<1 px
NGA,NG033013,2026-08-20,2,0.07357143,0.07,0.065,0.135,21,1.545,0.014811745,0.06886404695763597,0.14000000059604645,0.0,0.07000000029802322,1.478469363261807,0.017258033660993044,21,5.25,0.06398384593535868,4-16 px
NGA,NG033014,2026-08-20,2,0.07105263,0.049999997,0.015,0.22,19,1.35,0.07846519,0.07074826260024583,0.35499998927116394,0.0,0.04999999701976776,1.2891155453024872,0.08931939311949295,18,4.75,0.004283689425066658,4-16 px
NGA,NG033015,2026-08-20,2,0.005,0.0,0.0,0.04,8,0.04,0.013228756,0.0067456767174709845,0.07499999552965164,0.0,0.0,0.05667656303885422,0.01666991447351599,8,2.0,0.34913534349419684,1-4 px
NGA,NG033016,2026-08-20,2,0.062272724,0.06,0.01,0.145,33,2.0549998,0.043224063,0.07244287087579426,0.5649999380111694,0.009999999776482582,0.06499999761581421,2.265808348727494,0.05915879494094162,31,8.25,0.16331623578557863,4-16 px
NGA,NG033017,2026-08-20,2,0.0775,0.07,0.034999996,0.13499999,4,0.31,0.04380354,0.07861408030845551,0.13499999046325684,0.014999999664723873,0.10500000417232513,0.33318610713004965,0.04173823392889499,4,1.0,0.014375229786522769,<1 px
NGA,NG033018,2026-08-20,2,0.035499997,0.034999996,0.0,0.13499999,10,0.35499996,0.035245564,0.039400029954003137,0.13499999046325684,0.0,0.034999996423721313,0.3678986232051695,0.03546530332504238,9,2.5,0.10986009249530748,1-4 px
NGA,NG033019,2026-08-20,2,0.044999994,0.015,0.01,0.094999984,5,0.22499996,0.040865626,0.045789190853852434,0.14000000059604645,0.009999999776482582,0.014999999664723873,0.23713248082958327,0.042485639090688754,5,1.25,0.01753771020174874,1-4 px
NGA,NG033020,2026-08-20,2,0.2525,0.2525,0.22,0.285,2,0.505,0.0325,0.2819191482008949,0.35499998927116394,0.2199999988079071,0.2849999964237213,1.0563249986533332,0.04871048189834022,4,0.5,0.1165114780233462,<1 px
NGA,NG033021,2026-08-20,2,0.0,0.0,0.0,0.0,6,0.0,0.0,0.001154902114091002,0.019999999552965164,0.0,0.0,0.009312977322674498,0.004054999042470669,8,1.5,,1-4 px
NGA,NG033022,2026-08-20,2,0.01,0.015,0.0,0.015,3,0.03,0.0070710676,0.008823519025353065,0.014999999664723873,0.0,0.014999999664723873,0.031128850615793593,0.0073822960135186385,4,0.75,0.11764809746469349,<1 px
NGA,NG033023,2026-08-20,2,0.015999999,0.02,0.0,0.02,5,0.08,0.007999999,0.016139876746410885,0.10500000417232513,0.0,0.019999999552965164,0.08449986688050051,0.007042276947910567,5,1.25,0.008742359697077765,1-4 px
NGA,NG034,2026-08-20,1,0.065568075,0.0,0.0,1.6549999,1065,69.83,0.16948882,0.07542244369856264,2.1449997425079346,0.0,0.0,80.83918267594771,0.20820142083681167,1072,266.25,0.1502921764679326,>64 px
NGA,NG034001,2026-08-20,2,0.0027777776,0.0,0.0,0.024999999,27,0.074999996,0.007856742,0.006848036733302811,0.14999999105930328,0.0,0.0,0.18916211174081965,0.02281533478999254,28,6.75,1.4652933817677884,4-16 px
NGA,NG034002,2026-08-20,2,0.033888888,0.0,0.0,0.11,18,0.61,0.044239108,0.04099429792169881,0.10999999940395355,0.0,0.004999999888241291,0.8708126575866229,0.04563401180170336,21,4.5,0.20966783925453109,4-16 px
NGA,NG034003,2026-08-20,2,0.27717948,0.055,0.0,1.6549999,39,10.809999,0.40693316,0.28981496126357786,1.654999852180481,0.0,0.054999999701976776,10.944308708929936,0.4140169146484509,38,9.75,0.04558591878294124,4-16 px
NGA,NG034004,2026-08-20,2,0.0004,0.0,0.0,0.005,50,0.02,0.001356466,0.0011054931972042231,0.09000000357627869,0.0,0.0,0.055983842963028475,0.007071188271382508,51,12.5,1.7637329930105579,4-16 px
NGA,NG034005,2026-08-20,2,0.0017647059,0.0,0.0,0.03,34,0.06,0.0070588235,0.0023562971372446725,0.029999999329447746,0.0,0.0,0.07915969462809135,0.008035612529180306,34,8.5,0.33523503108629743,4-16 px
NGA,NG034006,2026-08-20,2,0.039416667,0.015,0.0,0.265,60,2.365,0.06835015,0.03755250492965298,0.5799999833106995,0.0,0.014999999664723873,2.141985611067514,0.06738012523159298,57,15.0,0.04729375191329653,4-16 px
NGA,NG034007,2026-08-20,2,0.0,0.0,0.0,0.0,113,0.0,0.0,0.0,0.0,0.0,0.0,0.0,0.0,110,28.25,,16-64 px
NGA,NG034008,2026-08-20,2,0.0,0.0,0.0,0.0,35,0.0,0.0,0.0,0.0,0.0,0.0,0.0,0.0,36,8.75,,4-16 px
NGA,NG034009,2026-08-20,2,0.16119719,0.105000004,0.015,1.2850001,71,11.445,0.1870988,0.21446538279573807,2.1449997425079346,0.009999999776482582,0.10999999940395355,15.484920610392699,0.33971124502150013,72,17.75,0.3304536065159578,16-64 px
NGA,NG034010,2026-08-20,2,0.0,0.0,0.0,0.0,86,0.0,0.0,0.0,0.0,0.0,0.0,0.0,0.0,87,21.5,,16-64 px
NGA,NG034011,2026-08-20,2,0.0026315788,0.0,0.0,0.02,19,0.049999997,0.0063594976,0.003358390736193008,0.07000000029802322,0.0,0.0,0.06672980999185035,0.007563318336109039,20,4.75,0.27618855121990193,4-16 px
NGA,NG034012,2026-08-20,2,0.20960526,0.14,0.0,1.6549999,76,15.929999,0.23417795,0.2496760888328878,2.06499981880188,0.0,0.14499999582767487,19.918969277266655,0.34013477541650855,80,19.0,0.19117282091531396,16-64 px
NGA,NG034013,2026-08-20,2,0.10944444,0.09,0.0,0.72499996,81,8.865,0.120787024,0.1127116843055113,0.7249999642372131,0.0,0.09000000357627869,8.948109169581764,0.12399987755508052,79,20.25,0.029852994866722323,16-64 px
NGA,NG034014,2026-08-20,2,0.006888889,0.0,0.0,0.11,45,0.31,0.022956211,0.006882711941004532,0.10999999940395355,0.0,0.0,0.29996778549772724,0.022722065134716262,44,11.25,0.0008966698397183937,4-16 px
NGA,NG034015,2026-08-20,2,0.006875,0.0,0.0,0.055,24,0.165,0.01818954,0.006396925263936826,0.054999999701976776,0.0,0.0,0.17020062363340152,0.017506066647464465,27,6.0,0.06953814342737079,4-16 px
NGA,NG034016,2026-08-20,2,0.0,0.0,0.0,0.0,1,0.0,0.0,0.0,0.0,0.0,0.0,0.0,0.0,1,0.25,,<1 px
NGA,NG034017,2026-08-20,2,,,,,0,0.0,,0.0,0.0,0.0,0.0,0.0,0.0,1,0.0,,
NGA,NG034018,2026-08-20,2,0.0,0.0,0.0,0.0,61,0.0,0.0,0.0,0.0,0.0,0.0,0.0,0.0,61,15.25,,4-16 px
NGA,NG034019,2026-08-20,2,0.0034615383,0.0,0.0,0.14999999,78,0.26999998,0.017710414,0.0034728245878770446,0.14999999105930328,0.0,0.0,0.2754518163088747,0.017404544526357105,79,19.5,0.0032604833166354954,16-64 px
NGA,NG034020,2026-08-20,2,0.21776316,0.095,0.0,1.625,76,16.55,0.31024438,0.24958152194320843,1.6649999618530273,0.0,0.10999999940395355,19.087909959881657,0.3477913644820998,76,19.0,0.14611453077374711,16-64 px
NGA,NG034021,2026-08-20,2,0.03875,0.024999999,0.0,0.14999999,24,0.92999995,0.048995107,0.03618295911853392,0.14999999105930328,0.0,0.02499999850988388,0.8001950934161961,0.04799277505659499,22,6.0,0.06624621629589884,4-16 px
NGA,NG034022,2026-08-20,2,0.0625,0.024999999,0.0,0.255,22,1.375,0.07850521,0.06631938735318833,0.2549999952316284,0.0,0.02499999850988388,1.5053162421306585,0.07650577218062399,23,5.5,0.06111019765101333,4-16 px
NGA,NG034023,2026-08-20,2,0.0,0.0,0.0,0.0,25,0.0,0.0,0.0,0.0,0.0,0.0,0.0,0.0,26,6.25,,4-16 px
NGA,NG035,2026-08-20,1,6.6250577,5.7450004,0.02,24.895,1898,12574.359,5.373496,6.527338820177514,24.895000457763672,0.019999999552965164,5.574999809265137,12538.949287617597,5.3350779777284085,1921,474.5,0.014749891132644232,>64 px
NGA,NG035001,2026-08-20,2,1.9466,1.01,0.23999998,14.93,75,145.995,2.3086045,1.7886202407579717,17.67999839782715,0.23999997973442078,1.0099999904632568,132.7854628325467,1.962721614186442,74,18.75,0.08115676525327671,16-64 px
NGA,NG035002,2026-08-20,2,7.9086485,6.8150005,1.38,21.744995,296,2340.96,5.02581,7.714657022988389,21.7449951171875,0.7400000095367432,6.34999942779541,2312.463339694351,5.090284190979479,300,74.0,0.02452903008796144,>64 px
NGA,NG035003,2026-08-20,2,5.012475,1.76,0.78,19.090002,99,496.23502,4.817836,4.544659438350183,19.090002059936523,0.7799999713897705,1.5799999237060547,453.0528658953693,4.34840050288448,100,24.75,0.09333025334786052,16-64 px
NGA,NG035004,2026-08-20,2,10.2481985,9.559999,4.475,20.98,272,2787.51,3.1538813,10.235907346164833,20.979999542236328,3.5299997329711914,9.559999465942383,2809.7680412256436,3.324217586452001,275,68.0,0.001199347752209131,>64 px
NGA,NG035005,2026-08-20,2,2.8323183,1.7749999,0.16,11.655,179,506.985,2.5912912,2.59181805923649,11.654999732971191,0.10999999940395355,1.7549998760223389,471.90138475772017,2.3104466021784837,182,44.75,0.08491285769805956,16-64 px
NGA,NG035006,2026-08-20,2,1.6374432,0.905,0.02,6.205,88,144.095,1.7581463,1.9157444375293204,8.614999771118164,0.019999999552965164,1.1349999904632568,167.89924645035103,1.9915177044081689,88,22.0,0.16996084965226294,16-64 px
NGA,NG035007,2026-08-20,2,3.1216667,2.995,1.3449999,6.88,6,18.73,1.8499476,2.880239547228305,7.285000801086426,1.34499990940094,2.819999933242798,18.034402654676796,1.6642879173164875,6,1.5,0.07733918319072793,1-4 px
NGA,NG035008,2026-08-20,2,5.7388916,5.9300003,0.11000001,15.464999,212,1216.645,3.6944203,5.797196929461872,15.464999198913574,0.11000000685453415,6.000000953674316,1261.493170704298,3.535878207820934,218,53.0,0.0101596847485101,16-64 px
NGA,NG035009,2026-08-20,2,14.981763,14.360001,4.265,24.895,139,2082.465,5.4673467,14.887246610664864,24.895000457763672,2.559999704360962,14.360000610351562,2120.7773962071947,5.485602689076771,142,34.75,0.006308762816174375,16-64 px
NGA,NG035010,2026-08-20,2,1.5005555,1.5649999,0.34,7.0899997,54,81.03,0.99533755,1.496836843988681,7.089999675750732,0.3400000035762787,1.5649999380111694,81.6235298530864,0.8343683721788319,55,13.5,0.00247818625257042,4-16 px
NGA,NG035011,2026-08-20,2,6.5552998,6.0874996,1.4749998,14.660002,150,983.295,3.243631,6.636405413612423,17.5049991607666,1.4749997854232788,6.364999771118164,998.0792977293002,3.2997898734323736,150,37.5,0.012372525450693053,16-64 px
NGA,NG035012,2026-08-20,2,5.0116873,5.2449994,0.69499993,8.88,80,400.935,2.7093449,4.751913376083877,8.880000114440918,0.6949999332427979,4.279999732971191,371.32781018226325,2.5919463355761594,78,20.0,0.05183362575636417,16-64 px
NGA,NG035013,2026-08-20,2,7.072553,7.8199997,1.8349998,14.095001,47,332.41,3.1446078,6.871610105606575,14.095001220703125,1.8349997997283936,7.0199995040893555,336.3358653986705,2.9794955833369374,49,11.75,0.02841164914471839,4-16 px
NGA,NG035014,2026-08-20,2,1.5288671,1.1425,0.11,7.0150003,128,195.69499,1.199957,1.563833148631186,8.165000915527344,0.019999999552965164,1.1299999952316284,201.9376664759901,1.3616004600218734,129,32.0,0.022870561235300322,16-64 px
NGA,NG035015,2026-08-20,2,10.721584,8.045,0.67499995,24.259995,41,439.58496,7.375555,9.771147674422021,24.259994506835938,0.6749999523162842,6.880000114440918,408.8748675320917,7.258736378438175,42,10.25,0.0886470064104314,4-16 px
NGA,NG035016,2026-08-20,2,12.555938,12.959999,1.9099998,24.259995,32,401.79,5.122561,11.620242800366974,24.259994506835938,1.9099998474121094,12.039999961853027,392.59494040348045,5.587756783521219,34,8.0,0.0745221264737868,4-16 px
NGA,NG036,2026-08-20,1,9.17242,2.8649998,0.0,51.14,1471,13492.63,11.371305,9.172021084008964,51.13999938964844,0.0,2.9200000762939453,13672.5052135423,11.355478400163127,1491,367.75,4.3490811698164146e-05,>64 px
NGA,NG036001,2026-08-20,2,0.5394444,0.445,0.155,1.3949999,27,14.564999,0.39643624,0.5886284521614967,2.505000114440918,0.15000000596046448,0.4449999928474426,16.336735978601865,0.47986018583885587,28,6.75,0.09117538741990218,4-16 px
NGA,NG036002,2026-08-20,2,0.88980466,0.7899999,0.02,7.4349995,128,113.895,0.8541663,0.921731911271454,8.039999961853027,0.019999999552965164,0.7899999618530273,117.1193682387315,0.9227287710717621,127,32.0,0.0358811913521042,16-64 px
NGA,NG036003,2026-08-20,2,13.1454,12.23,8.175,36.71,75,985.905,4.526126,13.22053607210707,42.195003509521484,8.175000190734863,12.229999542236328,1028.1859786830346,4.680916435190946,78,18.75,0.0057157691745454145,16-64 px
NGA,NG036004,2026-08-20,2,24.328611,25.015,12.780001,39.105,72,1751.66,5.376503,24.329059877803612,39.10499954223633,12.780000686645508,25.014999389648438,1734.1722435241556,5.72439337502457,71,18.0,1.845061370800646e-05,16-64 px
NGA,NG036005,2026-08-20,2,15.022735,14.15,3.2850003,30.279997,181,2719.115,5.910987,14.722972088760166,30.279996871948242,1.1399999856948853,14.079999923706055,2674.896361805785,5.93410834348696,182,45.25,0.019953950544946374,16-64 px
NGA,NG036006,2026-08-20,2,0.9358333,0.120000005,0.0,7.4349995,126,117.91499,1.8278366,1.055215959310253,22.215002059936523,0.0,0.14499999582767487,134.90606365891773,2.052984751598176,128,31.5,0.12756829588159885,16-64 px
NGA,NG036007,2026-08-20,2,16.376448,16.685001,8.709999,24.515,114,1866.9149,3.0371056,16.502672733251433,24.514999389648438,8.709999084472656,16.685001373291016,1896.6035199384164,3.0036381104960728,115,28.5,0.0077076990841624185,16-64 px
NGA,NG036008,2026-08-20,2,8.905833,8.359999,1.385,21.789999,66,587.785,5.7022886,8.319860791501265,21.78999900817871,1.3849999904632568,8.35999870300293,586.1996228932902,5.354728794512796,70,16.5,0.06579645143792104,16-64 px
NGA,NG036009,2026-08-20,2,1.9011017,2.0049999,0.235,4.525,118,224.33,1.0134047,2.0004064340621404,6.845001220703125,0.2199999988079071,2.055000066757202,234.81945705139563,1.049607432274022,117,29.5,0.052235361244556494,16-64 px
NGA,NG036010,2026-08-20,2,0.26833332,0.155,0.0,1.3499999,45,12.075,0.29537168,0.22832153327089225,1.3499999046325684,0.0,0.1550000011920929,10.135602277244136,0.2367711601714521,44,11.25,0.14911225608920928,4-16 px
NGA,NG036011,2026-08-20,2,0.78625,0.2225,0.0,4.05,40,31.449999,1.1869667,0.8079133922538527,4.744999885559082,0.0,0.2449999898672104,34.46942542481889,1.1719159967754516,43,10.0,0.027552804138445432,4-16 px
NGA,NG036012,2026-08-20,2,10.209531,6.885,3.85,33.73,32,326.705,8.000261,11.488667688424876,33.72999954223633,3.8499999046325684,7.095000267028809,397.9677377363406,9.04625702890871,35,8.0,0.1252884866528027,4-16 px
NGA,NG036013,2026-08-20,2,0.12537037,0.0,0.0,1.1999999,27,3.385,0.31040272,0.20965475009057802,2.8600001335144043,0.0,0.04999999701976776,5.705622197021574,0.5401598883481581,27,6.75,0.672283092811946,4-16 px
NGA,NG036014,2026-08-20,2,15.394,14.389998,10.415,22.43,20,307.88,3.62498,16.294842920342738,28.81500244140625,8.9350004196167,14.389998435974121,311.3078814302129,3.9793266504721028,19,5.0,0.05851909317544095,4-16 px
NGA,NG036015,2026-08-20,2,29.425806,32.78,2.11,51.14,149,4384.445,13.609592,29.628546199213513,51.13999938964844,1.1399999856948853,30.604999542236328,4455.820802729247,13.236976907896851,150,37.25,0.0068898775181727165,16-64 px
NGA,NG036016,2026-08-20,2,0.017926829,0.015,0.0,0.114999995,123,2.205,0.022783238,0.024535985989423376,0.9799998998641968,0.0,0.014999999664723873,3.121192497464131,0.055272380322592934,127,30.75,0.36867406887316095,16-64 px
NGA,NG036017,2026-08-20,2,0.21945311,0.06999999,0.0,1.1249999,128,28.089998,0.28715754,0.238475895078796,1.3499999046325684,0.0,0.07000000029802322,30.73759787594083,0.3090066742317564,129,32.0,0.08668268624124754,16-64 px
NGA,NG037,2026-08-20,1,4.881771,4.535,0.0,13.995,1101,5374.83,3.846424,4.940959227546297,13.994999885559082,0.0,4.565000057220459,5499.990057175206,3.847641371664848,1113,275.25,0.012124335112461679,>64 px
NGA,NG037001,2026-08-20,2,3.7013953,3.6874998,0.845,7.165,86,318.31998,1.6935167,3.9643564524952803,7.914999961853027,0.8450000286102295,3.989999771118164,335.41345803480897,1.7215997109390175,85,21.5,0.07104379056602794,16-64 px
NGA,NG037002,2026-08-20,2,0.66204077,0.525,0.049999997,2.1699998,49,32.44,0.5564537,0.7418508316289115,2.799999952316284,0.04999999701976776,0.5249999761581421,37.071317921213215,0.6362627959927891,50,12.25,0.12055158117967808,4-16 px
NGA,NG037003,2026-08-20,2,10.006429,9.900001,7.9049997,11.875,42,420.27,0.8837524,10.04303074341694,12.270000457763672,7.8849992752075195,9.90000057220459,414.17313860494323,0.9119964874421185,41,10.5,0.003657822727462481,4-16 px
NGA,NG037004,2026-08-20,2,0.35117924,0.17499998,0.0,2.27,106,37.225,0.3936396,0.41835091199378777,2.2699999809265137,0.0,0.25999999046325684,45.77450740374013,0.46012311796896666,109,26.5,0.19127460949510502,16-64 px
NGA,NG037005,2026-08-20,2,10.154191,10.13,5.845,13.995,68,690.485,2.2038877,10.070154599589037,13.994999885559082,5.84499979019165,10.130000114440918,679.4875670444728,2.22408958982189,67,17.0,0.008276031090114827,16-64 px
NGA,NG037006,2026-08-20,2,0.008855421,0.0,0.0,0.175,83,0.735,0.03338643,0.009509921471546265,0.39499998092651367,0.0,0.0,0.8227605746099415,0.03446389164381721,87,20.75,0.07390958279072947,16-64 px
NGA,NG037007,2026-08-20,2,9.48,9.99,5.845,13.995,90,853.19995,1.6694311,9.435130328114731,13.994999885559082,5.84499979019165,9.774998664855957,848.3173371781519,1.5827190714709218,90,22.5,0.004733087751610703,16-64 px
NGA,NG037008,2026-08-20,2,8.123518,7.8549995,4.955,11.875,27,219.33499,1.8075615,8.399063084156156,13.630001068115234,4.954999923706055,8.019999504089355,241.96683385202695,1.9173657944979374,29,6.75,0.03391942803058417,4-16 px
NGA,NG037009,2026-08-20,2,2.6863186,2.105,0.39999998,7.8549995,91,244.455,1.9257144,2.8493912926010303,8.449999809265137,0.3999999761581421,2.240000009536743,261.26549727942506,2.057541125774832,92,22.75,0.0607048965081917,16-64 px
NGA,NG037010,2026-08-20,2,5.956737,6.3774996,0.044999998,13.049999,236,1405.7899,3.022059,6.057796207105127,13.049999237060547,0.044999998062849045,6.449999809265137,1448.926047826624,3.0989011364954884,239,59.0,0.016965531146519674,16-64 px
NGA,NG037011,2026-08-20,2,2.1667857,1.8024999,0.074999996,4.92,28,60.67,1.6435779,2.1897980789654765,4.920000076293945,0.07499999552965164,1.8449997901916504,57.143710205039994,1.6649853375764583,26,7.0,0.010620514509338125,4-16 px
NGA,NG037012,2026-08-20,2,3.8907843,3.875,1.0,7.1449995,51,198.43,1.3297863,4.056181551303801,7.1449995040893555,1.0,3.8899998664855957,197.6751927128861,1.3216837290609103,49,12.75,0.04251000275286434,4-16 px
NGA,NG037013,2026-08-20,2,8.918814,9.53,7.33,10.355,59,526.20996,1.0647246,8.895479864920466,12.175000190734863,6.414999008178711,9.529999732971191,534.40714917781,1.0751111351356561,60,14.75,0.0026162822859108316,4-16 px
NGA,NG037014,2026-08-20,2,4.3207645,4.2250004,0.24,7.9049997,85,367.26498,1.9042165,4.446070852865579,10.629999160766602,0.23999999463558197,4.300000190734863,397.5455406578668,2.0185752985096626,89,21.25,0.029000967968881124,16-64 px
SOM,SO,2026-08-20,0,0.30712092,0.0,0.0,35.72,20543,6309.185,1.6318208,0.3035489320166279,35.720001220703125,0.0,0.0,6289.86067017843,1.623150062138735,20721,5135.75,0.011630559010347144,>64 px
SOM,SO11,2026-08-20,1,2.5157142,0.33499998,0.0,35.72,518,1303.14,5.481988,2.583211259829371,35.720001220703125,0.0,0.3349999785423279,1355.9011295649696,5.5468031956250705,525,129.5,0.026830178018381702,>64 px
SOM,SO1101,2026-08-20,2,5.831814,2.28,0.285,35.72,102,594.845,7.5424886,5.967763277218807,35.720001220703125,0.03500000014901161,2.3299999237060547,607.9997661130715,7.573439116062209,102,25.5,0.023311662069264747,16-64 px
SOM,SO1102,2026-08-20,2,5.4126363,1.86,0.0,35.72,110,595.39,7.486474,5.581902437297853,35.720001220703125,0.0,1.7899999618530273,630.423171368972,7.567937278312476,113,27.5,0.031272401823461415,16-64 px
SOM,SO1103,2026-08-20,2,0.8055,0.38,0.0,3.5249999,110,88.604996,0.92985505,0.8201785183378228,3.5249998569488525,0.0,0.44999998807907104,90.4666822654036,0.9198639687188327,110,27.5,0.01822286572045047,16-64 px
SOM,SO1104,2026-08-20,2,0.12397959,0.0,0.0,2.165,196,24.3,0.28857625,0.13521484809190024,4.765000343322754,0.0,0.0,27.011506819038324,0.3261116776481528,200,49.0,0.09062183615787273,16-64 px
SOM,SO12,2026-08-20,1,0.5517189,0.0,0.0,22.43,925,510.34,2.1626377,0.4851149836576767,22.43000030517578,0.0,0.0,451.8441370165637,1.9526915063812804,931,231.25,0.12072074446302876,>64 px
SOM,SO1201,2026-08-20,2,0.0077927927,0.0,0.0,0.76,444,3.46,0.061983667,0.0054897995458266765,0.8799999952316284,0.0,0.0,2.479146513197064,0.05260933379842486,452,111.0,0.2955286048059925,>64 px
SOM,SO1202,2026-08-20,2,0.0,0.0,0.0,0.0,339,0.0,0.0,2.89029357066549e-06,0.13499999046325684,0.0,0.0,0.0009791614418557817,0.0006246448996661451,339,84.75,,>64 px
SOM,SO1203,2026-08-20,2,3.5446153,1.78,0.0,22.43,143,506.88,4.4323697,3.1858636277274326,22.43000030517578,0.0,1.209999918937683,449.3640112823201,4.07117306888226,141,35.75,0.1012103266248857,16-64 px
SOM,SO13,2026-08-20,1,0.0,0.0,0.0,0.0,1116,0.0,0.0,0.0,0.0,0.0,0.0,0.0,0.0,1124,279.0,,>64 px
SOM,SO1301,2026-08-20,2,0.0,0.0,0.0,0.0,532,0.0,0.0,0.0,0.0,0.0,0.0,0.0,0.0,529,133.0,,>64 px
SOM,SO1302,2026-08-20,2,0.0,0.0,0.0,0.0,219,0.0,0.0,0.0,0.0,0.0,0.0,0.0,0.0,223,54.75,,16-64 px
SOM,SO1303,2026-08-20,2,0.0,0.0,0.0,0.0,270,0.0,0.0,0.0,0.0,0.0,0.0,0.0,0.0,275,67.5,,>64 px
SOM,SO1304,2026-08-20,2,0.0,0.0,0.0,0.0,95,0.0,0.0,0.0,0.0,0.0,0.0,0.0,0.0,98,23.75,,16-64 px
SOM,SO14,2026-08-20,1,0.0,0.0,0.0,0.0,1223,0.0,0.0,0.0,0.0,0.0,0.0,0.0,0.0,1228,305.75,,>64 px
SOM,SO1401,2026-08-20,2,0.0,0.0,0.0,0.0,385,0.0,0.0,0.0,0.0,0.0,0.0,0.0,0.0,380,96.25,,>64 px
SOM,SO1402,2026-08-20,2,0.0,0.0,0.0,0.0,268,0.0,0.0,0.0,0.0,0.0,0.0,0.0,0.0,266,67.0,,>64 px
SOM,SO1403,2026-08-20,2,0.0,0.0,0.0,0.0,277,0.0,0.0,0.0,0.0,0.0,0.0,0.0,0.0,283,69.25,,>64 px
SOM,SO1404,2026-08-20,2,0.0,0.0,0.0,0.0,293,0.0,0.0,0.0,0.0,0.0,0.0,0.0,0.0,300,73.25,,>64 px
SOM,SO15,2026-08-20,1,0.01617463,0.0,0.0,3.1499999,1758,28.435,0.14110605,0.015700186698964905,3.1499998569488525,0.0,0.0,27.893054580764012,0.13631796575303667,1777,439.5,0.02933255975778699,>64 px
SOM,SO1501,2026-08-20,2,0.006218935,0.0,0.0,0.81500006,845,5.255,0.053819165,0.007810121416954524,1.3250000476837158,0.0,0.0,6.695402517099777,0.06372100984945007,857,211.25,0.25586156101559565,>64 px
SOM,SO1502,2026-08-20,2,0.045362033,0.0,0.0,3.1499999,511,23.18,0.24997693,0.04099079287216119,3.1499998569488525,0.0,0.0,21.197652192580232,0.23701241248651508,517,127.75,0.09636340875283994,>64 px
SOM,SO1503,2026-08-20,2,0.0,0.0,0.0,0.0,402,0.0,0.0,0.0,0.0,0.0,0.0,0.0,0.0,402,100.5,,>64 px
SOM,SO16,2026-08-20,1,0.003147982,0.0,0.0,0.6,2230,7.02,0.035008013,0.0031238520322952957,0.6000000238418579,0.0,0.0,7.019999772625588,0.03487466483799036,2247,557.5,0.00766521781404864,>64 px
SOM,SO1601,2026-08-20,2,0.0,0.0,0.0,0.0,260,0.0,0.0,0.0,0.0,0.0,0.0,0.0,0.0,261,65.0,,>64 px
SOM,SO1602,2026-08-20,2,0.0,0.0,0.0,0.0,367,0.0,0.0,0.0,0.0,0.0,0.0,0.0,0.0,372,91.75,,>64 px
SOM,SO1603,2026-08-20,2,0.0,0.0,0.0,0.0,149,0.0,0.0,0.0,0.0,0.0,0.0,0.0,0.0,150,37.25,,16-64 px
SOM,SO1604,2026-08-20,2,0.009834163,0.0,0.0,0.6,603,5.93,0.06303127,0.009915414556892967,0.6000000238418579,0.0,0.0,6.011702071298582,0.06322307904472586,606,150.75,0.008262173089155295,>64 px
SOM,SO1605,2026-08-20,2,0.004579832,0.0,0.0,0.31,238,1.09,0.035272527,0.004118642614714316,0.3100000023841858,0.0,0.0,1.0082977478186281,0.03307825884411189,245,59.5,0.1007000661346712,16-64 px
SOM,SO1606,2026-08-20,2,0.0,0.0,0.0,0.0,613,0.0,0.0,0.0,0.0,0.0,0.0,0.0,0.0,614,153.25,,>64 px
SOM,SO17,2026-08-20,1,0.0,0.0,0.0,0.0,902,0.0,0.0,0.0,0.0,0.0,0.0,0.0,0.0,905,225.5,,>64 px
SOM,SO1701,2026-08-20,2,0.0,0.0,0.0,0.0,281,0.0,0.0,0.0,0.0,0.0,0.0,0.0,0.0,282,70.25,,>64 px
SOM,SO1702,2026-08-20,2,0.0,0.0,0.0,0.0,317,0.0,0.0,0.0,0.0,0.0,0.0,0.0,0.0,317,79.25,,>64 px
SOM,SO1703,2026-08-20,2,0.0,0.0,0.0,0.0,304,0.0,0.0,0.0,0.0,0.0,0.0,0.0,0.0,305,76.0,,>64 px
SOM,SO18,2026-08-20,1,0.0,0.0,0.0,0.0,1900,0.0,0.0,0.0,0.0,0.0,0.0,0.0,0.0,1920,475.0,,>64 px
SOM,SO1801,2026-08-20,2,0.0,0.0,0.0,0.0,495,0.0,0.0,0.0,0.0,0.0,0.0,0.0,0.0,498,123.75,,>64 px
SOM,SO1802,2026-08-20,2,0.0,0.0,0.0,0.0,62,0.0,0.0,0.0,0.0,0.0,0.0,0.0,0.0,65,15.5,,4-16 px
SOM,SO1803,2026-08-20,2,0.0,0.0,0.0,0.0,825,0.0,0.0,0.0,0.0,0.0,0.0,0.0,0.0,831,206.25,,>64 px
SOM,SO1804,2026-08-20,2,0.0,0.0,0.0,0.0,352,0.0,0.0,0.0,0.0,0.0,0.0,0.0,0.0,358,88.0,,>64 px
SOM,SO1805,2026-08-20,2,0.0,0.0,0.0,0.0,166,0.0,0.0,0.0,0.0,0.0,0.0,0.0,0.0,167,41.5,,16-64 px
SOM,SO19,2026-08-20,1,0.0,0.0,0.0,0.0,1596,0.0,0.0,0.0,0.0,0.0,0.0,0.0,0.0,1608,399.0,,>64 px
SOM,SO1901,2026-08-20,2,0.0,0.0,0.0,0.0,413,0.0,0.0,0.0,0.0,0.0,0.0,0.0,0.0,415,103.25,,>64 px
SOM,SO1902,2026-08-20,2,0.0,0.0,0.0,0.0,210,0.0,0.0,0.0,0.0,0.0,0.0,0.0,0.0,209,52.5,,16-64 px
SOM,SO1903,2026-08-20,2,0.0,0.0,0.0,0.0,207,0.0,0.0,0.0,0.0,0.0,0.0,0.0,0.0,211,51.75,,16-64 px
SOM,SO1904,2026-08-20,2,0.0,0.0,0.0,0.0,431,0.0,0.0,0.0,0.0,0.0,0.0,0.0,0.0,435,107.75,,>64 px
SOM,SO1905,2026-08-20,2,0.0,0.0,0.0,0.0,335,0.0,0.0,0.0,0.0,0.0,0.0,0.0,0.0,338,83.75,,>64 px
SOM,SO20,2026-08-20,1,0.00033976126,0.0,0.0,0.185,1089,0.37,0.007920884,0.0002230381048854973,0.1850000023841858,0.0,0.0,0.24602413375348567,0.006419680984235149,1103,272.25,0.3435446263488154,>64 px
SOM,SO2001,2026-08-20,2,0.0,0.0,0.0,0.0,471,0.0,0.0,0.0,0.0,0.0,0.0,0.0,0.0,479,117.75,,>64 px
SOM,SO2002,2026-08-20,2,0.00071984436,0.0,0.0,0.185,514,0.37,0.01151751,0.0004707254289372233,0.1850000023841858,0.0,0.0,0.24602413375348567,0.009320011965992053,523,128.5,0.34607332488202963,>64 px
SOM,SO2003,2026-08-20,2,0.0,0.0,0.0,0.0,104,0.0,0.0,0.0,0.0,0.0,0.0,0.0,0.0,102,26.0,,16-64 px
SOM,SO21,2026-08-20,1,0.0,0.0,0.0,0.0,607,0.0,0.0,0.0,0.0,0.0,0.0,0.0,0.0,607,151.75,,>64 px
SOM,SO2101,2026-08-20,2,0.0,0.0,0.0,0.0,154,0.0,0.0,0.0,0.0,0.0,0.0,0.0,0.0,151,38.5,,16-64 px
SOM,SO2102,2026-08-20,2,0.0,0.0,0.0,0.0,128,0.0,0.0,0.0,0.0,0.0,0.0,0.0,0.0,129,32.0,,16-64 px
SOM,SO2103,2026-08-20,2,0.0,0.0,0.0,0.0,138,0.0,0.0,0.0,0.0,0.0,0.0,0.0,0.0,137,34.5,,16-64 px
SOM,SO2104,2026-08-20,2,0.0,0.0,0.0,0.0,187,0.0,0.0,0.0,0.0,0.0,0.0,0.0,0.0,189,46.75,,16-64 px
SOM,SO22,2026-08-20,1,0.0,0.0,0.0,0.0,11,0.0,0.0,0.0,0.0,0.0,0.0,0.0,0.0,11,2.75,,1-4 px
SOM,SO2201,2026-08-20,2,0.0,0.0,0.0,0.0,11,0.0,0.0,0.0,0.0,0.0,0.0,0.0,0.0,11,2.75,,1-4 px
SOM,SO23,2026-08-20,1,0.087733336,0.0,0.0,2.7450001,825,72.38,0.3065956,0.08609517934800011,2.745000123977661,0.0,0.0,71.69869075684922,0.30486896817026155,833,206.25,0.01867199774553069,>64 px
SOM,SO2301,2026-08-20,2,0.0,0.0,0.0,0.0,33,0.0,0.0,0.0,0.0,0.0,0.0,0.0,0.0,34,8.25,,4-16 px
SOM,SO2302,2026-08-20,2,0.0,0.0,0.0,0.0,120,0.0,0.0,0.0,0.0,0.0,0.0,0.0,0.0,125,30.0,,16-64 px
SOM,SO2303,2026-08-20,2,0.23295237,0.0,0.0,1.4549999,105,24.46,0.410543,0.23907639322143268,1.8849999904632568,0.0,0.0,25.515537645167235,0.41789423352289645,107,26.25,0.026288735424467604,16-64 px
SOM,SO2304,2026-08-20,2,0.0021249999,0.0,0.0,0.06,80,0.17,0.010804368,0.0027209884474735002,0.05999999865889549,0.0,0.0,0.22521139804875692,0.012197048697463544,83,20.0,0.28046521200942176,16-64 px
SOM,SO2305,2026-08-20,2,0.0,0.0,0.0,0.0,105,0.0,0.0,0.0,0.0,0.0,0.0,0.0,0.0,104,26.25,,16-64 px
SOM,SO2306,2026-08-20,2,0.24050762,0.0,0.0,2.7450001,197,47.38,0.49889293,0.23342590326271,2.745000123977661,0.0,0.0,45.46396632921987,0.49705975527044505,195,49.25,0.029444874708294044,16-64 px
SOM,SO2307,2026-08-20,2,0.002,0.0,0.0,0.185,185,0.37,0.019131126,0.0026581741153016425,0.1850000023841858,0.0,0.0,0.4939758506840544,0.022015819949325662,186,46.25,0.32908705765082125,16-64 px
SOM,SO24,2026-08-20,1,0.025095204,0.0,0.0,1.2299999,1418,35.585,0.11502011,0.024241799688590485,1.2299998998641968,0.0,0.0,34.64569542362893,0.11404158749749906,1429,354.5,0.034006669617410355,>64 px
SOM,SO2401,2026-08-20,2,0.0,0.0,0.0,0.0,418,0.0,0.0,0.0,0.0,0.0,0.0,0.0,0.0,420,104.5,,>64 px
SOM,SO2402,2026-08-20,2,0.004243986,0.0,0.0,0.14999999,582,2.4699998,0.018035728,0.003977140697027642,0.14999999105930328,0.0,0.0,2.331916956958339,0.017448617234670612,586,145.5,0.0628761034961845,>64 px
SOM,SO2403,2026-08-20,2,0.10613782,0.0,0.0,1.2299999,312,33.114998,0.22601672,0.10212973405761801,1.2299998998641968,0.0,0.0,32.31377845206746,0.2244461899181828,316,78.0,0.03776303246460109,>64 px
SOM,SO2404,2026-08-20,2,0.0,0.0,0.0,0.0,105,0.0,0.0,0.0,0.0,0.0,0.0,0.0,0.0,106,26.25,,16-64 px
SOM,SO25,2026-08-20,1,0.0,0.0,0.0,0.0,831,0.0,0.0,0.0,0.0,0.0,0.0,0.0,0.0,841,207.75,,>64 px
SOM,SO2501,2026-08-20,2,0.0,0.0,0.0,0.0,185,0.0,0.0,0.0,0.0,0.0,0.0,0.0,0.0,177,46.25,,16-64 px
SOM,SO2502,2026-08-20,2,0.0,0.0,0.0,0.0,248,0.0,0.0,0.0,0.0,0.0,0.0,0.0,0.0,250,62.0,,16-64 px
SOM,SO2503,2026-08-20,2,0.0,0.0,0.0,0.0,201,0.0,0.0,0.0,0.0,0.0,0.0,0.0,0.0,215,50.25,,16-64 px
SOM,SO2504,2026-08-20,2,0.0,0.0,0.0,0.0,89,0.0,0.0,0.0,0.0,0.0,0.0,0.0,0.0,91,22.25,,16-64 px
SOM,SO2505,2026-08-20,2,0.0,0.0,0.0,0.0,108,0.0,0.0,0.0,0.0,0.0,0.0,0.0,0.0,108,27.0,,16-64 px
SOM,SO26,2026-08-20,1,0.0,0.0,0.0,0.0,1445,0.0,0.0,0.0,0.0,0.0,0.0,0.0,0.0,1466,361.25,,>64 px
SOM,SO2601,2026-08-20,2,0.0,0.0,0.0,0.0,269,0.0,0.0,0.0,0.0,0.0,0.0,0.0,0.0,271,67.25,,>64 px
SOM,SO2602,2026-08-20,2,0.0,0.0,0.0,0.0,485,0.0,0.0,0.0,0.0,0.0,0.0,0.0,0.0,497,121.25,,>64 px
SOM,SO2603,2026-08-20,2,0.0,0.0,0.0,0.0,123,0.0,0.0,0.0,0.0,0.0,0.0,0.0,0.0,124,30.75,,16-64 px
SOM,SO2604,2026-08-20,2,0.0,0.0,0.0,0.0,249,0.0,0.0,0.0,0.0,0.0,0.0,0.0,0.0,253,62.25,,16-64 px
SOM,SO2605,2026-08-20,2,0.0,0.0,0.0,0.0,51,0.0,0.0,0.0,0.0,0.0,0.0,0.0,0.0,53,12.75,,4-16 px
SOM,SO2606,2026-08-20,2,0.0,0.0,0.0,0.0,268,0.0,0.0,0.0,0.0,0.0,0.0,0.0,0.0,269,67.0,,>64 px
SOM,SO27,2026-08-20,1,0.07187398,0.0,0.0,1.04,611,43.914997,0.1285649,0.07121188832131346,1.0399999618530273,0.0,0.0,43.49574401147316,0.12572994265565157,611,152.75,0.009211841040200376,>64 px
SOM,SO2701,2026-08-20,2,0.1688611,0.145,0.0,1.04,180,30.394999,0.16606878,0.1682912904679029,1.0399999618530273,0.0,0.14499999582767487,30.030527461001384,0.16225281470263447,178,45.0,0.003374427456039864,16-64 px
SOM,SO2702,2026-08-20,2,0.022573099,0.0,0.0,0.34499997,171,3.86,0.07116687,0.019163588085951845,0.4449999928474426,0.0,0.0,3.2699584807333917,0.06440984954948688,171,42.75,0.15104310285655304,16-64 px
SOM,SO2703,2026-08-20,2,0.037153844,0.0,0.0,0.53,260,9.66,0.08427733,0.03895548173259823,0.6549999713897705,0.0,0.0,10.195257990464217,0.08370098686151588,262,65.0,0.048491287539405986,>64 px
SOM,SO28,2026-08-20,1,2.8010402,1.12,0.0,18.109997,1538,4308.0,3.6920867,2.761390283226464,18.109996795654297,0.0,1.0799999237060547,4297.116191918235,3.678853509266348,1556,384.5,0.014155425821284543,>64 px
SOM,SO2801,2026-08-20,2,4.9052377,3.6699996,0.0,18.109997,294,1442.1399,4.654383,4.780791306293221,18.109996795654297,0.0,3.4699995517730713,1431.7114979414728,4.616009899000544,299,73.5,0.025370104634639627,>64 px
SOM,SO2802,2026-08-20,2,1.0807225,0.55,0.0,7.554999,865,934.82495,1.394014,1.0537863648696222,7.554998874664307,0.0,0.5449999570846558,916.3558444114113,1.369983087979136,870,216.25,0.024924192038546292,>64 px
SOM,SO2803,2026-08-20,2,6.1214285,6.79,0.255,17.555,315,1928.25,4.021171,6.133219573553485,17.55500030517578,0.2549999952316284,6.789999961853027,1945.7826442754633,4.036245212062707,317,78.75,0.0019261964022751785,>64 px
SOM,SO2804,2026-08-20,2,0.043515623,0.0,0.0,0.54499996,64,2.7849998,0.09785863,0.04677131094800091,0.5449999570846558,0.0,0.0,3.2662042085080683,0.10833594006313048,70,16.0,0.07481653078943411,4-16 px
SLV,SV,2026-08-20,0,0.2217762,0.01,0.0,1.56,639,141.715,0.32318994,0.2103301630559972,1.559999942779541,0.0,0.019999999552965164,143.58823278258114,0.303415272576544,683,159.75,0.05161075419275293,>64 px
SLV,SV01,2026-08-20,1,0.385641,0.20500001,0.0,1.4899999,39,15.039999,0.45336515,0.30888310295460786,1.4899998903274536,0.0,0.20499998331069946,12.651912843243744,0.3620523895301371,41,9.75,0.1990397728597119,4-16 px
SLV,SV01001,2026-08-20,2,0.5630555,0.46999997,0.0,1.4899999,18,10.134999,0.42497754,0.4721194344694587,1.4899998903274536,0.0,0.4699999690055847,8.201024964153607,0.3689776680752177,17,4.5,0.16150462171232025,4-16 px
SLV,SV01002,2026-08-20,2,1.02,1.11,0.41499996,1.4449999,4,4.08,0.37511665,0.7070231308315658,1.4449999332427979,0.16499999165534973,0.41499996185302734,3.0254437445283084,0.3875779357058003,4,1.0,0.3068400678121904,<1 px
SLV,SV01003,2026-08-20,2,0.048529413,0.0,0.0,0.20500001,17,0.825,0.07441467,0.07381738637347833,0.20500001311302185,0.0,0.0,1.4254439958040885,0.0890829060618471,19,4.25,0.5210854986743468,4-16 px
SLV,SV02,2026-08-20,1,0.41985714,0.25,0.0,1.4549999,35,14.695,0.45311853,0.3906179067196364,1.4549999237060547,0.0,0.25,14.255420675075207,0.4238382422958907,36,8.75,0.06964090995418964,4-16 px
SLV,SV02001,2026-08-20,2,0.3927273,0.25,0.01,1.1,22,8.64,0.3755866,0.43187567567253177,1.4549999237060547,0.009999999776482582,0.2849999964237213,10.095757298167229,0.38407659089491636,23,5.5,0.09968335705852831,4-16 px
SLV,SV02002,2026-08-20,2,0.46576923,0.14999999,0.0,1.4549999,13,6.055,0.5574007,0.3170957631761823,1.4549999237060547,0.0,0.08499999344348907,4.1596633491731865,0.477959863237681,13,3.25,0.3191998467219865,1-4 px
SLV,SV03,2026-08-20,1,0.7025,0.63,0.14999999,1.4549999,62,43.555,0.21810909,0.6874824317730728,1.4549999237060547,0.14999999105930328,0.625,44.857425231537114,0.24225743573315897,65,15.5,0.021377321319469376,4-16 px
SLV,SV03001,2026-08-20,2,0.6384375,0.61,0.39499998,0.895,32,20.43,0.128181,0.6463680535870875,1.0049999952316284,0.39499998092651367,0.6100000143051147,21.548701179131402,0.14475353498840046,33,8.0,0.01242181668070484,4-16 px
SLV,SV03002,2026-08-20,2,0.73333335,0.635,0.6,0.96500003,6,4.4,0.16443507,0.7315096433320749,0.9650000333786011,0.5349999666213989,0.6349999904632568,4.91869059491812,0.1721466855207672,7,1.5,0.0024868726724689184,1-4 px
SLV,SV03003,2026-08-20,2,0.7268421,0.82500005,0.14999999,1.005,19,13.81,0.2060992,0.7333803281165309,1.4549999237060547,0.14999999105930328,0.8100000619888306,14.66296233984551,0.3226998334380071,20,4.75,0.008995389943057536,4-16 px
SLV,SV03999,2026-08-20,2,0.983,1.005,0.49499997,1.4549999,5,4.915,0.42724228,0.7177094392435933,1.4549999237060547,0.14999999105930328,0.8250000476837158,3.7270711971583976,0.37576625846579287,5,1.25,0.26987849517437096,1-4 px
SLV,SV04,2026-08-20,1,0.21225,0.04,0.0,1.005,20,4.245,0.26629153,0.16347818775398115,1.0049999952316284,0.0,0.03999999910593033,3.7073073940702623,0.22848407768805631,23,5.0,0.22978474556428194,4-16 px
SLV,SV04001,2026-08-20,2,0.32423076,0.29999998,0.03,1.005,13,4.2149997,0.2705681,0.24463824972149004,1.0049999952316284,0.0,0.14999999105930328,3.580048620592615,0.24849172512102013,15,3.25,0.24548105885607513,1-4 px
SLV,SV04002,2026-08-20,2,0.004285714,0.0,0.0,0.03,7,0.03,0.010497813,0.01582104836052624,0.08499999344348907,0.0,0.0,0.12725877496776353,0.03250064973731099,8,1.75,2.6915781968946693,1-4 px
SLV,SV05,2026-08-20,1,0.06244898,0.0,0.0,0.495,49,3.06,0.13549653,0.0514632074390666,0.4950000047683716,0.0,0.0,2.806213784234969,0.11421355297024795,55,12.25,0.17591596469523443,4-16 px
SLV,SV05001,2026-08-20,2,0.055555556,0.0,0.0,0.255,9,0.5,0.08200421,0.07782475535981272,0.2549999952316284,0.0,0.044999998062849045,0.8048816563886901,0.08749323800623564,10,2.25,0.40084558526986425,1-4 px
SLV,SV05002,2026-08-20,2,0.0,0.0,0.0,0.0,13,0.0,0.0,0.0,0.0,0.0,0.0,0.0,0.0,15,3.25,,1-4 px
SLV,SV05003,2026-08-20,2,0.0,0.0,0.0,0.0,4,0.0,0.0,0.0,0.0,0.0,0.0,0.0,0.0,5,1.0,,<1 px
SLV,SV05004,2026-08-20,2,0.256,0.255,0.0,0.495,10,2.56,0.1862901,0.19377644401203806,0.4950000047683716,0.0,0.2549999952316284,2.001332102812329,0.17769299157610755,10,2.5,0.24306076557797635,1-4 px
SLV,SV05005,2026-08-20,2,0.0,0.0,0.0,0.0,5,0.0,0.0,0.0,0.0,0.0,0.0,0.0,0.0,7,1.25,,1-4 px
SLV,SV05006,2026-08-20,2,0.0,0.0,0.0,0.0,8,0.0,0.0,0.0,0.0,0.0,0.0,0.0,0.0,7,2.0,,1-4 px
SLV,SV06,2026-08-20,1,0.0,0.0,0.0,0.0,37,0.0,0.0,0.0,0.0,0.0,0.0,0.0,0.0,39,9.25,,4-16 px
SLV,SV06001,2026-08-20,2,0.0,0.0,0.0,0.0,16,0.0,0.0,0.0,0.0,0.0,0.0,0.0,0.0,16,4.0,,1-4 px
SLV,SV06002,2026-08-20,2,0.0,0.0,0.0,0.0,10,0.0,0.0,0.0,0.0,0.0,0.0,0.0,0.0,11,2.5,,1-4 px
SLV,SV06003,2026-08-20,2,0.0,0.0,0.0,0.0,11,0.0,0.0,0.0,0.0,0.0,0.0,0.0,0.0,12,2.75,,1-4 px
SLV,SV07,2026-08-20,1,0.0705,0.0,0.0,0.58,60,4.23,0.1462552,0.09398894240823862,0.5799999833106995,0.0,0.0,6.244070733574533,0.1747649893101156,66,15.0,0.33317648806012234,4-16 px
SLV,SV07001,2026-08-20,2,0.12441176,0.0,0.0,0.58,34,4.23,0.17618407,0.17190253516793197,0.5799999833106995,0.0,0.09000000357627869,6.219620925702159,0.20670666659197934,36,8.5,0.3817225571596445,4-16 px
SLV,SV07002,2026-08-20,2,0.0,0.0,0.0,0.0,26,0.0,0.0,0.0008081776837726293,0.03500000014901161,0.0,0.0,0.0244498078723744,0.005256716454586626,30,6.5,,4-16 px
SLV,SV08,2026-08-20,1,0.34223682,0.31249997,0.035,0.645,38,13.004999,0.1864795,0.3499729482801545,0.6449999809265137,0.0,0.31999996304512024,14.708141693309932,0.18062216721677304,42,9.5,0.022604605431275685,4-16 px
SLV,SV08001,2026-08-20,2,0.50166667,0.55249995,0.20999998,0.645,18,9.03,0.124074355,0.5056257197489002,0.6449999809265137,0.20999997854232788,0.5399999022483826,8.804837800666153,0.1015416158175465,17,4.5,0.007891793466965362,4-16 px
SLV,SV08002,2026-08-20,2,0.19874999,0.2225,0.035,0.31999996,20,3.9749997,0.09355312,0.23984725226851186,0.5799999833106995,0.0,0.22999998927116394,5.903303857365286,0.13835621933374867,25,5.0,0.20677868848452208,4-16 px
SLV,SV09,2026-08-20,1,0.08384615,0.0,0.0,0.5399999,65,5.45,0.12818485,0.08540559732120012,0.5399999022483826,0.0,0.0,5.913881903194906,0.13205705790231848,69,16.25,0.01859891385830032,16-64 px
SLV,SV09001,2026-08-20,2,0.0021875,0.0,0.0,0.035,32,0.07,0.008472151,0.00307363145558618,0.22999998927116394,0.0,0.0,0.10424079230740162,0.019963715287216913,34,8.0,0.4050886654108251,4-16 px
SLV,SV09002,2026-08-20,2,0.21812499,0.215,0.0,0.5399999,24,5.2349997,0.123312026,0.23564185325431758,0.5399999022483826,0.0,0.2150000035762787,5.664910936695032,0.12055996052003276,24,6.0,0.08030654009115411,4-16 px
SLV,SV09003,2026-08-20,2,0.01611111,0.005,0.0,0.12499999,9,0.145,0.03857012,0.012819568400349915,0.1249999925494194,0.0,0.004999999888241291,0.1447301412609072,0.0334592101206454,11,2.25,0.20430259613708096,1-4 px
SLV,SV10,2026-08-20,1,0.08483871,0.0,0.0,0.49499997,31,2.6299999,0.15111671,0.08677239823749971,0.4949999749660492,0.0,0.0,2.6797343181988755,0.14217137272786956,31,7.75,0.022792522864853993,4-16 px
SLV,SV10001,2026-08-20,2,0.0,0.0,0.0,0.0,3,0.0,0.0,0.0,0.0,0.0,0.0,0.0,0.0,4,0.75,,<1 px
SLV,SV10002,2026-08-20,2,0.007999999,0.0,0.0,0.04,5,0.04,0.015999999,0.030001594547109267,0.14999999105930328,0.0,0.0,0.16533562584551828,0.043620357251905516,6,1.25,2.7501997871636314,1-4 px
SLV,SV10003,2026-08-20,2,0.32375,0.28249997,0.14999999,0.49499997,8,2.59,0.10661702,0.31301295510792754,0.4949999749660492,0.0,0.29999998211860657,2.309012518675177,0.10817467600536938,7,2.0,0.0331646174272508,1-4 px
SLV,SV10004,2026-08-20,2,0.0,0.0,0.0,0.0,5,0.0,0.0,0.04100570235549686,0.29999998211860657,0.0,0.0,0.20494471821877056,0.06901132124183611,5,1.25,,1-4 px
SLV,SV10005,2026-08-20,2,0.0,0.0,0.0,0.0,7,0.0,0.0,0.0,0.0,0.0,0.0,0.0,0.0,7,1.75,,1-4 px
SLV,SV10899,2026-08-20,2,0.0,0.0,0.0,0.0,3,0.0,0.0,0.0002183413783977929,0.03999999910593033,0.0,0.0,0.0004414139067104178,0.002947199006375148,2,0.75,,<1 px
SLV,SV11,2026-08-20,1,0.007948718,0.005,0.0,0.09,39,0.31,0.015051959,0.009025445135019078,0.09000000357627869,0.0,0.004999999888241291,0.36452379293532594,0.01723874824314798,40,9.75,0.13545921933814697,4-16 px
SLV,SV11001,2026-08-20,2,0.013947369,0.005,0.0,0.09,19,0.265,0.01943809,0.016623305005677883,0.09000000357627869,0.0,0.009999999776482582,0.31869531906687054,0.022195307303714197,19,4.75,0.19185955470726299,4-16 px
SLV,SV11002,2026-08-20,2,0.00225,0.0,0.0,0.01,20,0.044999998,0.004023369,0.0021600028905349976,0.019999999552965164,0.0,0.0,0.04582847456549206,0.004611064087122185,21,5.0,0.03999871531777878,4-16 px
SLV,SV12,2026-08-20,1,0.52810603,0.6,0.0,1.56,66,34.855,0.29487,0.5027624549220636,1.559999942779541,0.0,0.6000000238418579,34.48715686272721,0.27438617649038183,69,16.5,0.04798955822931313,16-64 px
SLV,SV12001,2026-08-20,2,0.28107142,0.335,0.0,0.66499996,14,3.935,0.16812174,0.26754858250870145,0.6649999618530273,0.0,0.3149999976158142,3.571711005755143,0.1453695127527142,13,3.5,0.04811174857727821,1-4 px
SLV,SV12002,2026-08-20,2,0.1,0.125,0.0,0.185,7,0.7,0.054707013,0.09923970667932613,0.2549999952316284,0.0,0.07500000298023224,0.7505585604348448,0.04927504325534959,8,1.75,0.007602933206738716,1-4 px
SLV,SV12003,2026-08-20,2,0.64660716,0.68,0.35500002,0.96500003,28,18.105,0.1517049,0.6332125111227503,0.9650000333786011,0.35500001907348633,0.6499999761581421,19.36296889619509,0.1370108974692453,31,7.0,0.020715280785399307,4-16 px
SLV,SV12004,2026-08-20,2,0.71687496,0.66499996,0.315,1.56,16,11.469999,0.31257436,0.6597032551956247,1.559999942779541,0.08499999344348907,0.6649999618530273,9.999221182415507,0.28582768969784994,15,4.0,0.07975129275595745,1-4 px
SLV,SV12998,2026-08-20,2,0.645,0.645,0.645,0.645,1,0.645,0.0,0.6589087302628106,0.7300000190734863,0.35500001907348633,0.6449999809265137,0.7501866961612724,0.06779268269518081,1,0.25,0.02156392288807843,<1 px
SLV,SV12999,2026-08-20,2,,,,,0,0.0,,0.06499999761581421,0.06499999761581421,0.06499999761581421,0.06499999761581421,0.05251064943103348,0.0,1,0.0,,
SLV,SV13,2026-08-20,1,0.010921052,0.0,0.0,0.16499999,38,0.415,0.0387783,0.01804799918659629,0.41499996185302734,0.0,0.0,0.7212796521942706,0.0468403871381365,40,9.5,0.6525879728982417,4-16 px
SLV,SV13001,2026-08-20,2,0.0,0.0,0.0,0.0,12,0.0,0.0,0.0,0.0,0.0,0.0,0.0,0.0,11,3.0,,1-4 px
SLV,SV13002,2026-08-20,2,0.0,0.0,0.0,0.0,16,0.0,0.0,0.004601245054158993,0.08499999344348907,0.0,0.0,0.08005231950970412,0.01798846931068745,17,4.0,,1-4 px
SLV,SV13003,2026-08-20,2,0.083,0.08499999,0.0,0.16499999,5,0.415,0.07379702,0.09937983670983615,0.41499996185302734,0.0,0.08499999344348907,0.6412273301513693,0.06928938713452551,6,1.25,0.19734743023898965,1-4 px
SLV,SV13004,2026-08-20,2,0.0,0.0,0.0,0.0,5,0.0,0.0,0.0,0.0,0.0,0.0,0.0,0.0,5,1.25,,1-4 px
SLV,SV14,2026-08-20,1,0.00375,0.0,0.0,0.12499999,60,0.225,0.016063025,0.002896778570521185,0.1249999925494194,0.0,0.0,0.19116407928378648,0.01247625272062778,66,15.0,0.22752571452768397,4-16 px
SLV,SV14001,2026-08-20,2,0.00041666665,0.0,0.0,0.005,24,0.01,0.0013819269,0.0005000947722335014,0.004999999888241291,0.0,0.0,0.012842313371673386,0.00150012633603383,26,6.0,0.2002275013695034,4-16 px
SLV,SV14002,2026-08-20,2,0.011944444,0.005,0.0,0.12499999,18,0.21499999,0.027595231,0.009130838490896364,0.1249999925494194,0.0,0.004999999888241291,0.17723598824345968,0.02169070780563562,19,4.5,0.23555767929454366,4-16 px
SLV,SV14003,2026-08-20,2,0.0,0.0,0.0,0.0,18,0.0,0.0,5.194739272402621e-05,0.009999999776482582,0.0,0.0,0.001085778041182429,0.0007188709091473175,21,4.5,,4-16 px
TCD,TD,2026-08-20,0,1.2374412,0.074999996,0.0,45.959995,42343,52396.973,3.3373399,1.2275451874622976,45.95999526977539,0.0,0.07499999552965164,52386.81597594758,3.3178560138509092,42676,10585.75,0.007997157794408604,>64 px
TCD,TD01,2026-08-20,1,0.20400132,0.06,0.0,4.765,3024,616.89996,0.47671586,0.20059391379487373,4.985000133514404,0.0,0.05999999865889549,611.4938932166361,0.4631995761989507,3048,756.0,0.016702863516404102,>64 px
TCD,TD0101,2026-08-20,2,0.088599876,0.044999998,0.0,1.5399997,1632,144.595,0.1404197,0.09090797213961403,1.5399997234344482,0.0,0.044999998062849045,148.77312930242235,0.1464906445145994,1637,408.0,0.026050782956107504,>64 px
TCD,TD0102,2026-08-20,2,0.4506498,0.20500001,0.0,4.765,1008,454.25497,0.74353456,0.4340134752152451,4.985000133514404,0.0,0.20000001788139343,443.66243074784467,0.7192701521181751,1022,252.0,0.036916303490548336,>64 px
TCD,TD0103,2026-08-20,2,0.045757182,0.0,0.0,0.83500004,383,17.525,0.114627115,0.04891009917914151,0.8350000381469727,0.0,0.0,19.05833335041412,0.12125426844713406,390,95.75,0.06890540547583354,>64 px
TCD,TD02,2026-08-20,1,0.6250561,0.095,0.0,9.865,5078,3174.035,1.0932392,0.6182909553358936,9.864999771118164,0.0,0.08999999612569809,3150.9325554133666,1.0895058104148871,5096,1269.5,0.010823259966755594,>64 px
TCD,TD0201,2026-08-20,2,0.08550573,0.0,0.0,1.075,2442,208.805,0.19493262,0.08031077408984257,1.0750000476837158,0.0,0.0,197.22067081540894,0.18551556830650962,2456,610.5,0.06075564655324779,>64 px
TCD,TD0202,2026-08-20,2,1.1248976,0.71999997,0.0,9.865,2636,2965.23,1.3219872,1.1186275686770146,9.864999771118164,0.0,0.7149999737739563,2953.711885113941,1.3188903054816343,2640,659.0,0.005573868521886183,>64 px
TCD,TD03,2026-08-20,1,0.22584145,0.08,0.0,2.9200003,1539,347.57,0.35266712,0.22509958632536625,3.7699995040893555,0.0,0.08499999344348907,349.43624900597115,0.3486084300702137,1552,384.75,0.0032848871393349054,>64 px
TCD,TD0301,2026-08-20,2,0.12883109,0.02,0.0,2.9200003,894,115.174995,0.30515602,0.12756669137452872,2.9200003147125244,0.0,0.019999999552965164,114.8175780336506,0.2996812792320164,900,223.5,0.00981439049744348,>64 px
TCD,TD0302,2026-08-20,2,0.28111887,0.044999998,0.0,2.335,143,40.2,0.56822765,0.26588475760280855,3.7699995040893555,0.0,0.044999998062849045,38.775271684183956,0.5450058642011996,146,35.75,0.05419099897915593,16-64 px
TCD,TD0303,2026-08-20,2,0.38285854,0.3,0.005,1.6499999,502,192.19499,0.28495884,0.386684035306108,1.6499998569488525,0.0,0.30000001192092896,195.84339942619707,0.2895988050359328,506,125.5,0.009991928888690806,>64 px
TCD,TD04,2026-08-20,1,2.4955823,0.9625,0.0,15.635,2000,4991.165,3.3451366,2.496066218624938,15.635000228881836,0.0,0.9799999594688416,5049.445866885563,3.3340816523563532,2023,500.0,0.00019391010464287506,>64 px
TCD,TD0401,2026-08-20,2,1.4034545,1.55,0.035,4.87,275,385.94998,0.8844162,1.3900165092812449,8.199999809265137,0.03500000014901161,1.5449999570846558,387.69318975786126,0.8770047509939274,279,68.75,0.009574938638021523,>64 px
TCD,TD0402,2026-08-20,2,0.23023584,0.16499999,0.0,1.4949999,318,73.215,0.2485493,0.24895329492573764,1.7549998760223389,0.0,0.16999998688697815,79.35844987923056,0.2836583440139511,319,79.5,0.08129687769609478,>64 px
TCD,TD0403,2026-08-20,2,4.1042957,3.0349998,0.0,15.635,1058,4342.3447,3.8627326,4.103846172832279,15.635000228881836,0.0,3.0349998474121094,4385.9179733877645,3.8531946045028,1069,264.5,0.00010952601873221057,>64 px
TCD,TD0404,2026-08-20,2,0.54342407,0.08,0.0,4.86,349,189.655,0.97392607,0.5510530370419316,4.860000133514404,0.0,0.08499999344348907,196.4762539393423,0.9434518767489162,357,87.25,0.014038699172695112,>64 px
TCD,TD05,2026-08-20,1,0.05903665,0.0,0.0,0.7850001,955,56.379997,0.12849721,0.05645775554799056,0.7850000858306885,0.0,0.0,54.15697940356417,0.12538339563295942,959,238.75,0.04368294020764122,>64 px
TCD,TD0501,2026-08-20,2,0.003590909,0.0,0.0,0.085,220,0.78999996,0.012543231,0.0038399044982115114,0.08500000089406967,0.0,0.0,0.8463707321860843,0.013153672677452979,220,55.0,0.06934052024473782,16-64 px
TCD,TD0502,2026-08-20,2,0.1016542,0.04,0.0,0.7850001,535,54.385,0.1583744,0.09695886524707341,0.7850000858306885,0.0,0.03999999910593033,52.2069855615882,0.15503676261382499,538,133.75,0.0461892843869372,>64 px
TCD,TD0503,2026-08-20,2,0.006025,0.0,0.0,0.155,200,1.205,0.022881748,0.005507414145449652,0.1550000011920929,0.0,0.0,1.10362310606461,0.020746171531198197,200,50.0,0.08590636590047272,16-64 px
TCD,TD06,2026-08-20,1,0.900946,0.20000002,0.0,7.8950005,2426,2185.695,1.4099574,0.8815245699021249,7.895000457763672,0.0,0.20000001788139343,2158.31412709374,1.3712816719262373,2448,606.5,0.02155670827982489,>64 px
TCD,TD0601,2026-08-20,2,0.10219814,0.04,0.0,0.56,323,33.01,0.14944002,0.10892119206412486,1.0,0.0,0.044999998062849045,35.375981826829715,0.15575672094685672,325,80.75,0.06578448555056728,>64 px
TCD,TD0602,2026-08-20,2,1.0691886,0.30499998,0.0,7.8950005,2009,2148.0,1.4940201,1.044910857967535,7.895000457763672,0.0,0.29499998688697815,2117.7405475029577,1.4534322905807422,2027,502.25,0.022706697426875776,>64 px
TCD,TD0603,2026-08-20,2,0.049840424,0.03,0.0,0.21000001,94,4.685,0.05775707,0.05364765729402877,0.23999999463558197,0.0,0.03999999910593033,5.1975975887329104,0.06040419607162207,97,23.5,0.07638846118220757,16-64 px
TCD,TD07,2026-08-20,1,0.8637117,0.02,0.0,33.109997,718,620.145,3.2642345,0.8358518620398901,33.1099967956543,0.0,0.019999999552965164,605.2571975079496,3.175680477831916,724,179.5,0.0322559460061845,>64 px
TCD,TD0701,2026-08-20,2,0.016676828,0.0,0.0,0.08499999,164,2.735,0.024471719,0.017126844558716242,0.08999999612569809,0.0,0.0,2.7745835791041644,0.02486203177750207,162,41.0,0.02698454158765929,16-64 px
TCD,TD0702,2026-08-20,2,0.006467066,0.0,0.0,0.089999996,167,1.0799999,0.019378914,0.006401289635135022,0.08999999612569809,0.0,0.0,1.1007310935562074,0.019079377556944988,172,41.75,0.010170974730268359,16-64 px
TCD,TD0703,2026-08-20,2,0.077741936,0.02,0.0,0.68,124,9.639999,0.14170527,0.08461231040003131,1.9399999380111694,0.0,0.019999999552965164,10.728923334101143,0.16916533946473822,127,31.0,0.08837410995310578,16-64 px
TCD,TD0704,2026-08-20,2,2.306806,0.26999998,0.0,33.109997,263,606.69,5.078513,2.24273676391214,33.1099967956543,0.0,0.17500001192092896,590.6529598294467,4.960017098569984,263,65.75,0.027774002706712164,>64 px
TCD,TD08,2026-08-20,1,4.5334034,1.79,0.0,34.44,285,1292.02,7.419832,4.495499733976737,34.439998626708984,0.0,1.5149999856948853,1307.8923358801894,7.393284729319912,291,71.25,0.00836097357302534,>64 px
TCD,TD0801,2026-08-20,2,4.8337893,0.775,0.02,34.44,95,459.21,7.862949,4.860272205054997,34.439998626708984,0.019999999552965164,0.7749999761581421,461.02498606419107,7.9356448848718575,95,23.75,0.00547870488583291,16-64 px
TCD,TD0802,2026-08-20,2,6.8608093,3.54,0.66999996,34.44,105,720.385,8.722469,6.867535143901477,34.439998626708984,0.6699999570846558,3.5399999618530273,736.9314498892089,8.637389718506078,107,26.25,0.0009803280644277656,16-64 px
TCD,TD0803,2026-08-20,2,3.2822728,2.9299998,0.25,7.08,33,108.315,2.2520437,3.0579117338809096,7.079999923706055,0.10000000894069672,2.890000104904175,105.82815526178607,2.264422861142241,35,8.25,0.06835539877096451,4-16 px
TCD,TD0804,2026-08-20,2,0.07903846,0.06,0.0,0.275,52,4.11,0.066888526,0.07583970815022427,0.2750000059604645,0.0,0.05999999865889549,4.107734280992438,0.06412539812807647,54,13.0,0.04047082711094998,4-16 px
TCD,TD09,2026-08-20,1,1.0000972,0.04,0.0,27.715,772,772.075,3.5627196,0.9645249893334557,27.71500015258789,0.0,0.03999999910593033,750.1368779565919,3.510276045171846,778,193.0,0.03556875338371537,>64 px
TCD,TD0901,2026-08-20,2,0.19451219,0.12499999,0.0,0.655,82,15.95,0.19146515,0.20767695630911756,0.6549999713897705,0.0,0.12999999523162842,17.09746428039607,0.19078936368490182,82,20.5,0.06768093202342516,16-64 px
TCD,TD0902,2026-08-20,2,0.06960784,0.044999998,0.0,0.26999998,51,3.5499997,0.08526109,0.08062566434454015,0.4599999785423279,0.0,0.044999998062849045,4.085979608218589,0.09903906496616316,51,12.75,0.15828424419634543,4-16 px
TCD,TD0903,2026-08-20,2,0.0006716418,0.0,0.0,0.005,67,0.044999998,0.0017050238,0.0009209518027113792,0.044999998062849045,0.0,0.0,0.06285504854980786,0.003628861356063006,68,16.75,0.371194887976566,16-64 px
TCD,TD0904,2026-08-20,2,0.017903225,0.0,0.0,0.115,93,1.665,0.032769337,0.01789800007132727,0.12999999523162842,0.0,0.0,1.665423176606215,0.03280731160347123,93,23.25,0.00029184287594704943,16-64 px
TCD,TD0905,2026-08-20,2,0.007885906,0.0,0.0,0.114999995,149,1.175,0.01931009,0.007206541301559096,0.11499999463558197,0.0,0.0,1.0991582379228098,0.01825200042662014,153,37.25,0.08614922602943835,16-64 px
TCD,TD0906,2026-08-20,2,2.271788,0.16499999,0.0,27.715,330,749.69,5.1818643,2.194410736295672,27.71500015258789,0.0,0.14499999582767487,726.1259975557635,5.129267621138849,331,82.5,0.03406007237661611,>64 px
TCD,TD10,2026-08-20,1,1.0615761,0.51,0.0,12.450001,571,606.16,1.7871141,1.0905566055849074,12.450000762939453,0.0,0.5149999856948853,625.3465004636093,1.8043192644763866,573,142.75,0.027299508330026933,>64 px
TCD,TD1001,2026-08-20,2,0.6171087,0.44,0.115,3.4899998,230,141.935,0.56047535,0.6461964840912239,12.450000762939453,0.08999999612569809,0.4399999976158142,148.87768787836941,0.6837928326947874,230,57.5,0.04713559230525177,16-64 px
TCD,TD1002,2026-08-20,2,1.5369503,0.68499994,0.0,12.450001,282,433.41998,2.3991816,1.581791900449273,12.450000762939453,0.0,0.7099999189376831,443.2033932448218,2.4078253225703,280,70.5,0.029175699727748583,>64 px
TCD,TD1003,2026-08-20,2,0.5221186,0.575,0.075,0.775,59,30.804998,0.17709568,0.5293828102790732,0.7749999761581421,0.04999999701976776,0.574999988079071,33.265420428679455,0.16677725679421423,63,14.75,0.013912950580717107,4-16 px
TCD,TD11,2026-08-20,1,2.034983,0.175,0.0,38.945,589,1198.605,4.219597,1.9440873804107242,38.94499969482422,0.0,0.17499999701976776,1162.2100550023881,3.9954525867568966,598,147.25,0.044666525267914196,>64 px
TCD,TD1101,2026-08-20,2,0.37074733,0.074999996,0.0,5.8999996,281,104.18,0.8673297,0.39488708020959945,8.704998970031738,0.0,0.07499999552965164,110.84390964643512,0.9880652668227939,281,70.25,0.06511105611900014,>64 px
TCD,TD1102,2026-08-20,2,4.647402,3.425,0.28,12.579998,102,474.03497,3.2969213,4.54362186037086,12.579998016357422,0.2800000011920929,3.424999952316284,476.84305316281507,3.325475978798931,105,25.5,0.02233078602392042,16-64 px
TCD,TD1103,2026-08-20,2,0.8838073,0.099999994,0.0,8.98,109,96.335,1.563237,0.7833466554367795,8.979999542236328,0.0,0.09999999403953552,90.71113045081717,1.3559347760038012,116,27.25,0.11366804117053622,16-64 px
TCD,TD1104,2026-08-20,2,5.402629,1.6000001,0.005,38.945,97,524.055,7.9830713,5.020212180429653,38.94499969482422,0.004999999888241291,1.6000001430511475,483.8119626486502,7.516595352677708,96,24.25,0.07078346848735065,16-64 px
TCD,TD12,2026-08-20,1,16.480085,13.215,0.66999996,45.959995,406,6690.915,12.733838,16.40509347787353,45.95999526977539,0.550000011920929,13.21500015258789,6693.0288055283445,12.703701112233508,408,101.5,0.004550432969640069,>64 px
TCD,TD1201,2026-08-20,2,15.313669,9.375,0.66999996,45.959995,263,4027.4949,13.484118,15.3499940690442,45.95999526977539,0.6699999570846558,9.375,4066.9875905767026,13.44437818725719,265,65.75,0.0023720683164955053,>64 px
TCD,TD1202,2026-08-20,2,24.322956,21.175,8.815,45.959995,93,2262.035,8.803795,23.876964737169512,45.95999526977539,8.8149995803833,21.174999237060547,2241.1511369169507,9.021872614775308,94,23.25,0.018336227834745464,16-64 px
TCD,TD1203,2026-08-20,2,8.0277,6.8349996,1.14,16.295,50,401.385,4.807368,7.827441637958569,30.30500030517578,0.550000011920929,6.8349995613098145,384.89007552802644,4.8552846525049365,49,12.5,0.024945920007154034,4-16 px
TCD,TD13,2026-08-20,1,1.6094565,0.39,0.0,23.585001,1325,2132.53,2.695061,1.6589224682321495,23.58500099182129,0.0,0.4100000262260437,2208.5173933918772,2.7245497539033843,1331,331.25,0.030734579177597803,>64 px
TCD,TD1301,2026-08-20,2,1.1733303,0.345,0.0,16.790003,560,657.065,1.9067132,1.219071746802062,16.790002822875977,0.0,0.3449999988079071,693.7293090998329,1.8915073967347615,569,140.0,0.03898428839863937,>64 px
TCD,TD1302,2026-08-20,2,5.585055,4.24,0.76999986,23.585001,181,1010.89496,4.2297626,5.711925829138126,23.58500099182129,0.7699998617172241,4.2699995040893555,1031.2167271288802,4.288153851885246,181,45.25,0.02271612887216445,16-64 px
TCD,TD1303,2026-08-20,2,0.7954966,0.215,0.0,6.1850004,584,464.56998,1.305661,0.8313138703342713,6.259999752044678,0.0,0.2150000035762787,483.5713575502824,1.345123451024823,582,146.0,0.04502504515326815,>64 px
TCD,TD14,2026-08-20,1,2.7308323,1.5400002,0.0,20.975,979,2673.4849,3.4501607,2.6574050652670764,20.975000381469727,0.0,1.4900000095367432,2640.2441147820145,3.4177431508565306,994,244.75,0.026888225517518398,>64 px
TCD,TD1401,2026-08-20,2,2.2275512,1.155,0.0,20.975,586,1305.345,3.4464517,2.1172769070837694,20.975000381469727,0.0,1.1299998760223389,1261.943904845841,3.3257960928249073,596,146.5,0.04950471751950339,>64 px
TCD,TD1402,2026-08-20,2,4.3235598,4.1799994,1.7449998,8.884999,125,540.445,1.675883,4.461008626054252,20.975000381469727,1.7449997663497925,4.179999351501465,569.828944803726,2.2655964898997545,128,31.25,0.031790661494783,16-64 px
TCD,TD1403,2026-08-20,2,3.0884142,1.4474999,0.06,15.825001,268,827.695,3.7863863,2.9967284250360704,15.825000762939453,0.0,1.429999828338623,808.4712658844127,3.721728591776854,270,67.0,0.029687007320433088,>64 px
TCD,TD15,2026-08-20,1,5.246982,3.045,0.0,35.815,2230,11700.77,5.737483,5.257870551204804,35.814998626708984,0.0,3.059999942779541,11814.181623133407,5.75297042122454,2247,557.5,0.002075202698390052,>64 px
TCD,TD1501,2026-08-20,2,4.055229,2.68,0.45499998,34.25,872,3536.16,4.325901,4.075533712329602,34.25,0.45499998331069946,2.694999933242798,3599.4261774793968,4.249611907907559,883,218.0,0.0050070445663122475,>64 px
TCD,TD1502,2026-08-20,2,5.448439,5.75,0.26999998,10.620001,378,2059.51,2.2095969,5.353358985691353,10.620000839233398,0.044999998062849045,5.744999885559082,2024.4674746518797,2.240504051373042,378,94.5,0.017450872499196007,>64 px
TCD,TD1503,2026-08-20,2,6.229694,2.8474998,0.0,35.815,980,6105.1,7.3571343,6.28069870609204,35.814998626708984,0.0,2.8399996757507324,6190.2879633684015,7.419023540368657,986,245.0,0.008187353358293325,>64 px
TCD,TD16,2026-08-20,1,2.3200085,0.98999995,0.0,16.315,576,1336.325,2.9903893,2.2833629401553455,16.315000534057617,0.0,0.9899998903274536,1318.3996371713015,2.976797903466434,577,144.0,0.015795442061809113,>64 px
TCD,TD1601,2026-08-20,2,1.7680073,0.575,0.0,16.315,409,723.115,2.989782,1.7385850427753327,16.315000534057617,0.0,0.574999988079071,715.1294910257603,2.965661031119557,411,102.25,0.016641479492006284,>64 px
TCD,TD1602,2026-08-20,2,4.497222,3.2499998,0.745,8.9800005,126,566.64996,2.3202295,4.4502818015937144,8.980000495910645,0.7450000047683716,3.249999761581421,558.5673930892585,2.3518314477085176,126,31.5,0.010437598678981244,16-64 px
TCD,TD1603,2026-08-20,2,1.1356097,1.15,0.06,2.76,41,46.559998,0.9517956,1.1023413520075533,3.6649999618530273,0.05999999865889549,1.149999976158142,44.70275235856283,0.949592456188116,41,10.25,0.02929558279789853,4-16 px
TCD,TD17,2026-08-20,1,0.08583623,0.0,0.0,1.625,1722,147.81,0.17694561,0.08155532793622759,1.625,0.0,0.0,141.54544440112105,0.17275950108586177,1736,430.5,0.04987290406128516,>64 px
TCD,TD1701,2026-08-20,2,0.087411165,0.0,0.0,1.625,788,68.88,0.19137682,0.08548581422969603,1.625,0.0,0.0,67.65181427102102,0.19063763114557775,791,197.0,0.02202637123420064,>64 px
TCD,TD1702,2026-08-20,2,0.21890475,0.13999999,0.0,0.85,315,68.954994,0.21494144,0.2067196448205001,0.8500000238418579,0.0,0.13499999046325684,65.96460669264837,0.20736032003477098,319,78.75,0.05566395968794609,>64 px
TCD,TD1703,2026-08-20,2,0.023378747,0.0,0.0,0.48,367,8.58,0.06784861,0.018446453933932818,0.47999998927116394,0.0,0.0,6.810475313084727,0.05611696480403202,369,91.75,0.21097337107361575,>64 px
TCD,TD1704,2026-08-20,2,0.005535714,0.0,0.0,0.195,252,1.395,0.026435206,0.004371191600951616,0.48499998450279236,0.0,0.0,1.1185481629144518,0.02414113350490059,256,63.0,0.21036534745985505,16-64 px
TCD,TD18,2026-08-20,1,0.0,0.0,0.0,0.0,13,0.0,0.0,0.0,0.0,0.0,0.0,0.0,0.0,14,3.25,,1-4 px
TCD,TD1801,2026-08-20,2,0.0,0.0,0.0,0.0,13,0.0,0.0,0.0,0.0,0.0,0.0,0.0,0.0,14,3.25,,1-4 px
TCD,TD19,2026-08-20,1,0.03307143,0.0,0.0,0.66499996,1680,55.559998,0.067818694,0.03250601692887237,0.6649999618530273,0.0,0.0,54.94954034951713,0.06665487182645854,1690,420.0,0.017096722794497615,>64 px
TCD,TD1901,2026-08-20,2,0.009985074,0.0,0.0,0.20499998,335,3.3449998,0.034867547,0.008567005520767886,0.2549999952316284,0.0,0.0,2.8748666589649154,0.03160370790484874,336,83.75,0.14201882522173734,>64 px
TCD,TD1902,2026-08-20,2,0.03209214,0.0,0.0,0.66499996,1183,37.965,0.06512487,0.031710227500051175,0.6649999618530273,0.0,0.0,37.90918835287166,0.06371154023400806,1195,295.75,0.011900499622300774,>64 px
TCD,TD1903,2026-08-20,2,0.08796296,0.03,0.0,0.295,162,14.25,0.10044585,0.08887862819110218,0.29499998688697815,0.0,0.029999999329447746,14.165485339631102,0.10091234063826024,159,40.5,0.010409701891593577,16-64 px
TCD,TD20,2026-08-20,1,0.0698758,0.0,0.0,1.38,2818,196.90999,0.23214367,0.06983547061456374,1.3799999952316284,0.0,0.0,198.43339641961364,0.23210662958480768,2841,704.5,0.0005771581210699265,>64 px
TCD,TD2001,2026-08-20,2,0.05970349,0.0,0.0,1.38,2462,146.98999,0.21432836,0.06071072865096903,1.3799999952316284,0.0,0.0,150.55231692098587,0.21700425688670244,2480,615.5,0.016870682952856344,>64 px
TCD,TD2002,2026-08-20,2,0.14022471,0.0,0.0,1.3249999,356,49.92,0.3213006,0.13241050505870108,1.3249999284744263,0.0,0.0,47.88107937363498,0.3096778944915569,362,89.0,0.05572630488092233,>64 px
TCD,TD21,2026-08-20,1,6.1981807,5.7000003,0.0,34.25,1190,7375.835,4.470623,6.1200469856528485,34.25,0.0,5.625,7263.275662280832,4.411821532521335,1187,297.5,0.012605911013073795,>64 px
TCD,TD2101,2026-08-20,2,7.638601,6.8449993,1.52,34.25,697,5324.105,4.571468,7.6022579714932865,34.25,0.7099999785423279,6.844999313354492,5303.060498795198,4.434886676101845,698,174.25,0.004757812131660482,>64 px
TCD,TD2102,2026-08-20,2,4.154362,3.85,0.0,18.54,494,2052.255,3.408812,4.006679994210413,20.975000381469727,0.0,3.4000000953674316,1960.2151641563742,3.4021249050134745,489,123.5,0.03554866085083272,>64 px
TCD,TD22,2026-08-20,1,0.5721401,0.055,0.0,8.214999,7266,4157.17,0.951112,0.5696172563394734,8.214999198913574,0.0,0.054999999701976776,4169.588379966631,0.9473269362021375,7320,1816.5,0.0044094858244102895,>64 px
TCD,TD2201,2026-08-20,2,0.5001326,0.024999999,0.0,6.49,4297,2149.0698,0.90305513,0.49843330126555546,6.489999771118164,0.0,0.02499999850988388,2156.5485295293493,0.9009363989130575,4327,1074.25,0.0033976963998039247,>64 px
TCD,TD2202,2026-08-20,2,0.67635566,0.21000001,0.0,8.214999,2969,2008.1,1.0075762,0.6725088604736896,8.214999198913574,0.0,0.21000000834465027,2013.0398502498451,1.001724305324958,2993,742.25,0.005687539491146413,>64 px
TCD,TD23,2026-08-20,1,0.01437799,0.0,0.0,1.3249999,4180,60.1,0.08455496,0.014161328655714683,1.3249999284744263,0.0,0.0,60.029340536046455,0.08256333782889581,4239,1045.0,0.015068959171992552,>64 px
TCD,TD2301,2026-08-20,2,0.0029614836,0.0,0.0,1.06,3505,10.38,0.042007267,0.003276322897265004,1.2799999713897705,0.0,0.0,11.660913741863222,0.0436056612683924,3559,876.25,0.10631134248557167,>64 px
TCD,TD2303,2026-08-20,2,0.073659256,0.0,0.0,1.3249999,675,49.72,0.17584153,0.07114931411377268,1.3249999284744263,0.0,0.0,48.36842681467233,0.16935863709049126,680,168.75,0.03407503717153115,>64 px
