iso3,pcode,valid_date,adm_level,band,mean_old,median_old,min_old,max_old,count_old,sum_old,std_old,mean_new,max_new,min_new,median_new,sum_new,std_new,count_new,native_px,mean_rel,size_bucket
ETH,ET,2026-08-20,0,MFED,0.0036897978,0.0,0.0,1.0,37021,136.6,0.040724404,0.0038435613212748476,1.0,0.0,0.0,142.462529903835,0.042630631591306686,37065,13338.228448642363,0.041672614492546826,>64 px
ETH,ET,2026-08-20,0,SFED,0.0028760456,0.0,0.0,0.96358883,37021,106.47409,0.037668034,0.0028835610145264952,0.9635888338088989,0.0,0.0,106.87988636675581,0.038251511640162515,37065,13338.228448642363,0.0026131068737210565,>64 px
ETH,ET01,2026-08-20,1,MFED,5.764979e-06,0.0,0.0,0.00210021,1753,0.0101060085,9.634578e-05,1.3995968764399956e-05,0.04439999908208847,0.0,0.0,0.024628011010395537,0.0005929896031204955,1760,631.5851670800373,1.4277571114135814,>64 px
ETH,ET01,2026-08-20,1,SFED,0.0,0.0,0.0,0.0,1753,0.0,0.0,0.0,0.0,0.0,0.0,0.0,0.0,1760,631.5851670800373,,>64 px
ETH,ET0101,2026-08-20,2,MFED,2.2556207e-05,0.0,0.0,0.00210021,417,0.009405939,0.00019359183,5.066083448847538e-05,0.04439999908208847,0.0,0.0,0.021157365524979443,0.0012112645326763031,418,150.24016809604996,1.2459819813001087,>64 px
ETH,ET0101,2026-08-20,2,SFED,0.0,0.0,0.0,0.0,417,0.0,0.0,0.0,0.0,0.0,0.0,0.0,0.0,418,150.24016809604996,,>64 px
ETH,ET0102,2026-08-20,2,MFED,2.1741305e-06,0.0,0.0,0.00070007,322,0.00070007,3.895275e-05,1.0856453423781464e-05,0.0022193079348653555,0.0,0.0,0.0034706456695170634,0.00012833797123316392,320,116.01279167129037,3.9934690782275784,>64 px
ETH,ET0102,2026-08-20,2,SFED,0.0,0.0,0.0,0.0,322,0.0,0.0,0.0,0.0,0.0,0.0,0.0,0.0,320,116.01279167129037,,>64 px
ETH,ET0103,2026-08-20,2,MFED,0.0,0.0,0.0,0.0,213,0.0,0.0,0.0,0.0,0.0,0.0,0.0,0.0,213,76.7413808260399,,>64 px
ETH,ET0103,2026-08-20,2,SFED,0.0,0.0,0.0,0.0,213,0.0,0.0,0.0,0.0,0.0,0.0,0.0,0.0,213,76.7413808260399,,>64 px
ETH,ET0104,2026-08-20,2,MFED,0.0,0.0,0.0,0.0,162,0.0,0.0,0.0,0.0,0.0,0.0,0.0,0.0,169,58.36668400853739,,16-64 px
ETH,ET0104,2026-08-20,2,SFED,0.0,0.0,0.0,0.0,162,0.0,0.0,0.0,0.0,0.0,0.0,0.0,0.0,169,58.36668400853739,,16-64 px
ETH,ET0105,2026-08-20,2,MFED,0.0,0.0,0.0,0.0,443,0.0,0.0,0.0,0.0,0.0,0.0,0.0,0.0,445,159.6076605912473,,>64 px
ETH,ET0105,2026-08-20,2,SFED,0.0,0.0,0.0,0.0,443,0.0,0.0,0.0,0.0,0.0,0.0,0.0,0.0,445,159.6076605912473,,>64 px
ETH,ET0106,2026-08-20,2,MFED,0.0,0.0,0.0,0.0,177,0.0,0.0,0.0,0.0,0.0,0.0,0.0,0.0,178,63.77100660192048,,16-64 px
ETH,ET0106,2026-08-20,2,SFED,0.0,0.0,0.0,0.0,177,0.0,0.0,0.0,0.0,0.0,0.0,0.0,0.0,178,63.77100660192048,,16-64 px
ETH,ET0107,2026-08-20,2,MFED,0.0,0.0,0.0,0.0,19,0.0,0.0,0.0,0.0,0.0,0.0,0.0,0.0,17,6.845475284951916,,4-16 px
ETH,ET0107,2026-08-20,2,SFED,0.0,0.0,0.0,0.0,19,0.0,0.0,0.0,0.0,0.0,0.0,0.0,0.0,17,6.845475284951916,,4-16 px
ETH,ET02,2026-08-20,1,MFED,0.0010748995,0.0,0.0,0.3893,3146,3.3816338,0.01695488,0.0011365289944092942,0.38929998874664307,0.0,0.0,3.582148790984582,0.016757365397433416,3152,1133.4665919188803,0.05733512240846164,>64 px
ETH,ET02,2026-08-20,1,SFED,0.0010076801,0.0,0.0,0.3676,3146,3.1701615,0.015019097,0.0011356079537567486,0.3675999939441681,0.0,0.0,3.579245825309097,0.016419467742598313,3152,1133.4665919188803,0.12695284322549247,>64 px
ETH,ET0201,2026-08-20,2,MFED,0.0,0.0,0.0,0.0,1076,0.0,0.0,0.0,0.0,0.0,0.0,0.0,0.0,1080,387.67007403201376,,>64 px
ETH,ET0201,2026-08-20,2,SFED,0.0,0.0,0.0,0.0,1076,0.0,0.0,0.0,0.0,0.0,0.0,0.0,0.0,1080,387.67007403201376,,>64 px
ETH,ET0202,2026-08-20,2,MFED,0.0,0.0,0.0,0.0,998,0.0,0.0,0.0,0.0,0.0,0.0,0.0,0.0,997,359.5675965464217,,>64 px
ETH,ET0202,2026-08-20,2,SFED,0.0,0.0,0.0,0.0,998,0.0,0.0,0.0,0.0,0.0,0.0,0.0,0.0,997,359.5675965464217,,>64 px
ETH,ET0203,2026-08-20,2,MFED,0.0064131673,0.0,0.0,0.3893,519,3.3284338,0.04128293,0.006810694284388137,0.38929998874664307,0.0,0.0,3.5497739190794717,0.040706809321884016,521,186.98956173105498,0.061986061768283744,>64 px
ETH,ET0203,2026-08-20,2,SFED,0.006091255,0.0,0.0,0.3676,519,3.1613615,0.03655485,0.006856621298901943,0.3675999939441681,0.0,0.0,3.573711349170263,0.039887500894327445,521,186.98956173105498,0.1256500177552808,>64 px
ETH,ET0204,2026-08-20,2,MFED,0.0,0.0,0.0,0.0,370,0.0,0.0,0.0,0.0,0.0,0.0,0.0,0.0,370,133.30662397011625,,>64 px
ETH,ET0204,2026-08-20,2,SFED,0.0,0.0,0.0,0.0,370,0.0,0.0,0.0,0.0,0.0,0.0,0.0,0.0,370,133.30662397011625,,>64 px
ETH,ET0205,2026-08-20,2,MFED,0.00029071036,0.0,0.0,0.0457,183,0.0532,0.0034087112,0.0001770944021938387,0.04569999873638153,0.0,0.0,0.03237486971132763,0.002658060548181186,183,65.93273563927372,0.3908218400134116,>64 px
ETH,ET0205,2026-08-20,2,SFED,4.8087433e-05,0.0,0.0,0.0086,183,0.0088,0.0006339952,3.027424323129528e-05,0.00860000029206276,0.0,0.0,0.0055344757828620205,0.0005030493768910415,183,65.93273563927372,0.3704333680840215,>64 px
ETH,ET03,2026-08-20,1,MFED,0.0007111485,0.0,0.0,0.2265,5060,3.5984113,0.008345641,0.000661362884392114,0.226500004529953,0.0,0.0,3.346415611162757,0.00830229986286361,5060,1823.0581548345629,0.07000734109385882,>64 px
ETH,ET03,2026-08-20,1,SFED,3.7464888e-05,0.0,0.0,0.08885542,5060,0.18957233,0.0017669606,5.075254387138677e-05,0.08885542303323746,0.0,0.0,0.25680168803778214,0.002081834840112538,5060,1823.0581548345629,0.35466957411928646,>64 px
ETH,ET0301,2026-08-20,2,MFED,0.00081797363,0.0,0.0,0.0444,225,0.18404406,0.0052827625,0.0011640570031401503,0.07109999656677246,0.0,0.0,0.26619399965963264,0.007231872224859208,229,81.06483890074638,0.4230984477337616,>64 px
ETH,ET0301,2026-08-20,2,SFED,0.0,0.0,0.0,0.0,225,0.0,0.0,0.0,0.0,0.0,0.0,0.0,0.0,229,81.06483890074638,,>64 px
ETH,ET0302,2026-08-20,2,MFED,0.0,0.0,0.0,0.0,470,0.0,0.0,0.0,0.0,0.0,0.0,0.0,0.0,468,169.33544125933687,,>64 px
ETH,ET0302,2026-08-20,2,SFED,0.0,0.0,0.0,0.0,470,0.0,0.0,0.0,0.0,0.0,0.0,0.0,0.0,468,169.33544125933687,,>64 px
ETH,ET0303,2026-08-20,2,MFED,0.0,0.0,0.0,0.0,371,0.0,0.0,0.0,0.0,0.0,0.0,0.0,0.0,369,133.66691214300846,,>64 px
ETH,ET0303,2026-08-20,2,SFED,0.0,0.0,0.0,0.0,371,0.0,0.0,0.0,0.0,0.0,0.0,0.0,0.0,369,133.66691214300846,,>64 px
ETH,ET0304,2026-08-20,2,MFED,0.0,0.0,0.0,0.0,611,0.0,0.0,0.0,0.0,0.0,0.0,0.0,0.0,613,220.13607363713794,,>64 px
ETH,ET0304,2026-08-20,2,SFED,0.0,0.0,0.0,0.0,611,0.0,0.0,0.0,0.0,0.0,0.0,0.0,0.0,613,220.13607363713794,,>64 px
ETH,ET0305,2026-08-20,2,MFED,7.4487895e-07,0.0,0.0,0.0001,537,0.0004,8.598433e-06,7.804858287066635e-07,9.999999747378752e-05,0.0,0.0,0.00041826861371288,8.799967202790084e-06,536,193.4747488431147,0.04780223512379224,>64 px
ETH,ET0305,2026-08-20,2,SFED,7.4487895e-07,0.0,0.0,0.0001,537,0.0004,8.598433e-06,7.804858287066635e-07,9.999999747378752e-05,0.0,0.0,0.00041826861371288,8.799967202790084e-06,536,193.4747488431147,0.04780223512379224,>64 px
ETH,ET0306,2026-08-20,2,MFED,0.001308818,0.0,0.0,0.2265,465,0.6086004,0.015176873,0.0015966204196400393,0.226500004529953,0.0,0.0,0.7427380410610059,0.017656148647430304,465,167.53400039487585,0.2198949125394358,>64 px
ETH,ET0306,2026-08-20,2,SFED,1.2904517e-06,0.0,0.0,0.00030003002,465,0.00060006004,1.9634383e-05,1.3294875366174513e-06,0.0003000300202984363,0.0,0.0,0.0006184694598763135,1.9927835695022932e-05,465,167.53400039487585,0.030249746362030573,>64 px
ETH,ET0307,2026-08-20,2,MFED,0.0009320828,0.0,0.0,0.13265203,448,0.41757312,0.010823121,0.0006564148558799842,0.13265202939510345,0.0,0.0,0.2946746890537046,0.009101857388192795,449,161.40910145570834,0.2957547807126318,>64 px
ETH,ET0307,2026-08-20,2,SFED,0.0,0.0,0.0,0.0,448,0.0,0.0,0.0,0.0,0.0,0.0,0.0,0.0,449,161.40910145570834,,>64 px
ETH,ET0308,2026-08-20,2,MFED,0.0005903657,0.0,0.0,0.0711,297,0.17533861,0.0060415077,0.0004436813814963415,0.07109999656677246,0.0,0.0,0.13173994965921262,0.005473743804808379,297,107.00558734898522,0.24846348374178676,>64 px
ETH,ET0308,2026-08-20,2,SFED,0.0,0.0,0.0,0.0,297,0.0,0.0,0.0,0.0,0.0,0.0,0.0,0.0,297,107.00558734898522,,>64 px
ETH,ET0309,2026-08-20,2,MFED,0.00027288773,0.0,0.0,0.06961835,301,0.08213921,0.004011505,0.00020667466280002383,0.0696183517575264,0.0,0.0,0.06207118915456515,0.0027332108025726735,300,108.44674004055403,0.24263849166093382,>64 px
ETH,ET0309,2026-08-20,2,SFED,6.332403e-06,0.0,0.0,0.00090424996,301,0.0019060533,6.590548e-05,3.538357263388995e-06,0.001500000013038516,0.0,0.0,0.001062684898171381,5.078763135725741e-05,300,108.44674004055403,0.44122993066155214,>64 px
ETH,ET0310,2026-08-20,2,MFED,0.0,0.0,0.0,0.0,124,0.0,0.0,0.0,0.0,0.0,0.0,0.0,0.0,126,44.67573343863356,,16-64 px
ETH,ET0310,2026-08-20,2,SFED,0.0,0.0,0.0,0.0,124,0.0,0.0,0.0,0.0,0.0,0.0,0.0,0.0,126,44.67573343863356,,16-64 px
ETH,ET0311,2026-08-20,2,MFED,0.0008311987,0.0,0.0,0.0838,648,0.5386168,0.007847941,0.0010438897184405465,0.11493448168039322,0.0,0.0,0.6777160802447475,0.00882311966121313,649,233.46673603414956,0.25588468610519544,>64 px
ETH,ET0311,2026-08-20,2,SFED,0.0,0.0,0.0,0.0,648,0.0,0.0,0.0,0.0,0.0,0.0,0.0,0.0,649,233.46673603414956,,>64 px
ETH,ET0312,2026-08-20,2,MFED,0.0028271747,0.0,0.0,0.11493448,563,1.5916994,0.015026156,0.0020986904025496384,0.11493448168039322,0.0,0.0,1.1708633762861669,0.012715714969961815,558,202.84224133831205,0.2576721903497373,>64 px
ETH,ET0312,2026-08-20,2,SFED,0.00033155634,0.0,0.0,0.08885542,563,0.18666622,0.005287767,0.0004565359290400634,0.08885542303323746,0.0,0.0,0.2547022650994124,0.006254644134116342,558,202.84224133831205,0.37694827081292853,>64 px
ETH,ET04,2026-08-20,1,MFED,0.00501092,0.0,0.0,1.0,10575,52.990482,0.047570433,0.004783338065467127,1.0,0.0,0.0,50.654899022917306,0.046387420638440625,10590,3810.0474283350795,0.045417195751054316,>64 px
ETH,ET04,2026-08-20,1,SFED,0.0038674783,0.0,0.0,0.962,10575,40.898582,0.042745598,0.0035919350332606318,0.9620000123977661,0.0,0.0,38.03810308124809,0.04106979900752459,10590,3810.0474283350795,0.0712462347207916,>64 px
ETH,ET0401,2026-08-20,2,MFED,0.008125247,0.0,0.0,0.41282564,402,3.2663493,0.038034055,0.009403407165156231,0.41282564401626587,0.0,0.0,3.8295319408287094,0.04343222178901524,407,144.83584550266687,0.15730723818687986,>64 px
ETH,ET0401,2026-08-20,2,SFED,0.00671479,0.0,0.0,0.40551102,402,2.6993456,0.03663259,0.008108418554185069,0.4055110216140747,0.0,0.0,3.3021486039569963,0.04231451387821254,407,144.83584550266687,0.2075461115217406,>64 px
ETH,ET0402,2026-08-20,2,MFED,0.0012557268,0.0,0.0,0.13265203,446,0.5600541,0.010807186,0.0010960226783075975,0.13265202939510345,0.0,0.0,0.49278396201702845,0.009715152101585918,450,160.68852510992392,0.12718062694242296,>64 px
ETH,ET0402,2026-08-20,2,SFED,0.00045224215,0.0,0.0,0.077,446,0.2017,0.0055070017,0.00040874624738575525,0.07699999958276749,0.0,0.0,0.18377684990731152,0.005321622393097792,450,160.68852510992392,0.0961783474057974,>64 px
ETH,ET0403,2026-08-20,2,MFED,0.00094503694,0.0,0.0,0.1099,332,0.31375226,0.007729986,0.0017513775828117068,0.11509999632835388,0.0,0.0,0.5820365214292224,0.011780419052364145,332,119.61567340021243,0.8532371684980977,>64 px
ETH,ET0403,2026-08-20,2,SFED,0.0,0.0,0.0,0.0,332,0.0,0.0,0.0,0.0,0.0,0.0,0.0,0.0,332,119.61567340021243,,>64 px
ETH,ET0404,2026-08-20,2,MFED,0.002366214,0.0,0.0,0.4841,594,1.4055312,0.028873514,0.0026088026362111718,0.48410001397132874,0.0,0.0,1.5576968210073596,0.026014309108832873,597,214.01117469797043,0.10252184976133671,>64 px
ETH,ET0404,2026-08-20,2,SFED,0.0019693952,0.0,0.0,0.4891,594,1.1698208,0.028643468,0.0018103481296065814,0.48910000920295715,0.0,0.0,1.0809455216207187,0.024602865928933373,597,214.01117469797043,0.08075934702868108,>64 px
ETH,ET0405,2026-08-20,2,MFED,0.0009545842,0.0,0.0,0.2643,469,0.4477,0.014724483,0.0012897255944422025,0.47279998660087585,0.0,0.0,0.6030779828097447,0.01854316316578175,468,168.97515308644466,0.35108625770487556,>64 px
ETH,ET0405,2026-08-20,2,SFED,0.00083837955,0.0,0.0,0.217,469,0.3932,0.01280754,0.0011544555378965003,0.44690001010894775,0.0,0.0,0.5398254636787861,0.016613846626024366,468,168.97515308644466,0.37700822723610133,>64 px
ETH,ET0406,2026-08-20,2,MFED,0.0,0.0,0.0,0.0,297,0.0,0.0,0.0,0.0,0.0,0.0,0.0,0.0,300,107.00558734898522,,>64 px
ETH,ET0406,2026-08-20,2,SFED,0.0,0.0,0.0,0.0,297,0.0,0.0,0.0,0.0,0.0,0.0,0.0,0.0,300,107.00558734898522,,>64 px
ETH,ET0407,2026-08-20,2,MFED,6.5429055e-07,0.0,0.0,0.000105340776,322,0.00021068155,8.2761935e-06,8.817485841473094e-07,0.00010534077591728419,0.0,0.0,0.0002836386294480281,9.597218318471169e-06,322,116.01279167129037,0.347640714277945,>64 px
ETH,ET0407,2026-08-20,2,SFED,6.21118e-07,0.0,0.0,0.0001,322,0.0002,7.85659e-06,4.5212457417190795e-07,9.999999747378752e-05,0.0,0.0,0.00014543827669642037,6.708803145454336e-06,322,116.01279167129037,0.2720794210248167,>64 px
ETH,ET0408,2026-08-20,2,MFED,0.0,0.0,0.0,0.0,672,0.0,0.0,0.0,0.0,0.0,0.0,0.0,0.0,676,242.11365218356252,,>64 px
ETH,ET0408,2026-08-20,2,SFED,0.0,0.0,0.0,0.0,672,0.0,0.0,0.0,0.0,0.0,0.0,0.0,0.0,676,242.11365218356252,,>64 px
ETH,ET0409,2026-08-20,2,MFED,2.3916811e-05,0.0,0.0,0.0065,577,0.0138,0.00038238952,2.8018677184443403e-05,0.006500000134110451,0.0,0.0,0.016131269716353362,0.00040238031304271375,576,207.88627575880292,0.17150556503722014,>64 px
ETH,ET0409,2026-08-20,2,SFED,2.0103986e-05,0.0,0.0,0.0056,577,0.0116,0.0003295046,2.3741204271271334e-05,0.00559999980032444,0.0,0.0,0.01366858852649743,0.0003470574210446951,576,207.88627575880292,0.1809202548823568,>64 px
ETH,ET0410,2026-08-20,2,MFED,0.003594189,0.0,0.0,0.2734,826,2.9688,0.028718028,0.002613855102355886,0.2734000086784363,0.0,0.0,2.142651523140519,0.024186598027430728,820,297.5980308089623,0.27275524399081796,>64 px
ETH,ET0410,2026-08-20,2,SFED,0.0023138013,0.0,0.0,0.2787,826,1.9111999,0.023573732,0.0016204452902409074,0.27869999408721924,0.0,0.0,1.3283251876399644,0.01974818217471008,820,297.5980308089623,0.2996609993084076,>64 px
ETH,ET0411,2026-08-20,2,MFED,0.0031609016,0.0,0.0,0.4544,954,3.0155,0.031246614,0.002867187747170926,0.4544000029563904,0.0,0.0,2.757594726776313,0.028950826495293857,962,343.71491693916465,0.09292090991667504,>64 px
ETH,ET0411,2026-08-20,2,SFED,0.0023838575,0.0,0.0,0.3722,954,2.2742,0.025667708,0.002330371786843006,0.37220001220703125,0.0,0.0,2.241297577100545,0.024413224786954377,962,343.71491693916465,0.022436623479798513,>64 px
ETH,ET0412,2026-08-20,2,MFED,0.016238116,0.0,0.0,1.0,1443,23.4316,0.10703278,0.01571503116227868,1.0,0.0,0.0,22.652148827319728,0.10595349309183763,1441,519.8958334834534,0.032213394566298174,>64 px
ETH,ET0412,2026-08-20,2,SFED,0.013999099,0.0,0.0,0.962,1443,20.2007,0.09754313,0.013246663366574665,0.9620000123977661,0.0,0.0,19.094164494265243,0.09524282373564788,1441,519.8958334834534,0.05374886151068251,>64 px
ETH,ET0413,2026-08-20,2,MFED,0.005142932,0.0,0.0,0.2643,191,0.9823,0.030021414,0.005059965772909235,0.47279998660087585,0.0,0.0,0.9579999151726784,0.030599597595041435,189,68.81504102241136,0.01613208712282505,>64 px
ETH,ET0413,2026-08-20,2,SFED,0.0045345547,0.0,0.0,0.217,191,0.86609995,0.029726662,0.0035942021792233947,0.44690001010894775,0.0,0.0,0.6804878802233021,0.025867196380432368,189,68.81504102241136,0.2073748323681277,>64 px
ETH,ET0414,2026-08-20,2,MFED,0.005258437,0.0,0.0,0.4544,563,2.9605,0.034033462,0.005357037147368176,0.4544000029563904,0.0,0.0,3.01640179576712,0.03554803499196785,563,202.84224133831205,0.018750846947139563,>64 px
ETH,ET0414,2026-08-20,2,SFED,0.002987922,0.0,0.0,0.3722,563,1.6822,0.024997469,0.0029403779946030107,0.37220001220703125,0.0,0.0,1.6556468098250943,0.024983726170697,563,202.84224133831205,0.015912063767725308,>64 px
ETH,ET0415,2026-08-20,2,MFED,0.005950761,0.0,0.0,0.21028835,314,1.868539,0.02915413,0.0064060638093622465,0.3209649622440338,0.0,0.0,2.010443429185847,0.028565098488161605,314,113.13048628815272,0.07651169478361622,>64 px
ETH,ET0415,2026-08-20,2,SFED,0.0,0.0,0.0,0.0,314,0.0,0.0,0.0,0.0,0.0,0.0,0.0,0.0,314,113.13048628815272,,>64 px
ETH,ET0416,2026-08-20,2,MFED,0.0130715,0.0,0.0,0.4841,200,2.6143,0.06319045,0.010324476501432266,0.48410001397132874,0.0,0.0,2.063074681985818,0.05364594484985529,200,72.05763457844122,0.21015365478848896,>64 px
ETH,ET0416,2026-08-20,2,SFED,0.011567,0.0,0.0,0.4891,200,2.3134,0.06264038,0.008991658193403687,0.48910000920295715,0.0,0.0,1.796746049575305,0.05295708469022696,200,72.05763457844122,0.2226456130886412,>64 px
ETH,ET0417,2026-08-20,2,MFED,4.937796e-07,0.0,0.0,0.00010122482,410,0.00020244964,7.0525834e-06,6.82820468909012e-07,0.00010122481762664393,0.0,0.0,0.00028118004896289983,8.28565831085817e-06,412,147.7181508858045,0.3828446313071904,>64 px
ETH,ET0417,2026-08-20,2,SFED,0.0,0.0,0.0,0.0,410,0.0,0.0,0.0,0.0,0.0,0.0,0.0,0.0,412,147.7181508858045,,>64 px
ETH,ET0418,2026-08-20,2,MFED,0.006546862,0.0,0.0,0.24892446,316,2.0688083,0.031455025,0.00474812697722897,0.24892446398735046,0.0,0.0,1.5086544719763797,0.024297725507113867,318,113.85106263393713,0.27474766121097866,>64 px
ETH,ET0418,2026-08-20,2,SFED,0.0052439487,0.0,0.0,0.25842923,316,1.6570877,0.030475099,0.003380346043324572,0.25842922925949097,0.0,0.0,1.0740601924815267,0.021935171144866202,318,113.85106263393713,0.3553815575418249,>64 px
ETH,ET0419,2026-08-20,2,MFED,0.01918927,0.0,0.0,0.292944,268,5.1427245,0.063891575,0.01918738800042457,0.2929440140724182,0.0,0.0,5.16424684773236,0.06340334460505659,269,96.55723033511124,9.80756211899441e-05,>64 px
ETH,ET0419,2026-08-20,2,SFED,0.013781422,0.0,0.0,0.33974642,268,3.693421,0.05249017,0.014200511990357769,0.3397464156150818,0.0,0.0,3.8220392103796494,0.051768733170661586,269,96.55723033511124,0.030409778494394045,>64 px
ETH,ET0420,2026-08-20,2,MFED,0.012951735,0.0,0.0,0.4728,149,1.9298085,0.07643601,0.008881475000975718,0.47279998660087585,0.0,0.0,1.2998594764585367,0.062187306281709605,146,53.682937760938714,0.31426368737657795,16-64 px
ETH,ET0420,2026-08-20,2,SFED,0.012244345,0.0,0.0,0.4469,149,1.8244073,0.07224954,0.008368792595831166,0.44690001010894775,0.0,0.0,1.2248251963792156,0.05867395160255913,146,53.682937760938714,0.31651773975405256,16-64 px
ETH,ET0421,2026-08-20,2,MFED,0.0,0.0,0.0,0.0,829,0.0,0.0,0.0,0.0,0.0,0.0,0.0,0.0,828,298.6788953276389,,>64 px
ETH,ET0421,2026-08-20,2,SFED,0.0,0.0,0.0,0.0,829,0.0,0.0,0.0,0.0,0.0,0.0,0.0,0.0,828,298.6788953276389,,>64 px
ETH,ET05,2026-08-20,1,MFED,1.5841014e-06,0.0,0.0,0.0034122842,10179,0.016124569,5.7923447e-05,1.6907538298010421e-06,0.21809999644756317,0.0,0.0,0.01722317291151761,0.00013530498199806567,10187,3667.373311869766,0.06732676948650011,>64 px
ETH,ET05,2026-08-20,1,SFED,9.063772e-07,0.0,0.0,0.0036130068,10179,0.009226014,5.0984294e-05,1.1496308693065266e-06,0.003613006789237261,0.0,0.0,0.011710924971741504,5.989683231076888e-05,10187,3667.373311869766,0.268380172522573,>64 px
ETH,ET0501,2026-08-20,2,MFED,9.97009e-08,0.0,0.0,0.0001,1003,0.0001,3.1559703e-06,9.16252026173529e-08,9.999999747378752e-05,0.0,0.0,9.213540884225763e-05,3.0255784327159474e-06,1006,361.36903741088275,0.0809992425609708,>64 px
ETH,ET0501,2026-08-20,2,SFED,0.0,0.0,0.0,0.0,1003,0.0,0.0,0.0,0.0,0.0,0.0,0.0,0.0,1006,361.36903741088275,,>64 px
ETH,ET0502,2026-08-20,2,MFED,2.9565625e-05,0.0,0.0,0.0034122842,542,0.016024569,0.0002493297,3.118286328123729e-05,0.21809999644756317,0.0,0.0,0.017087491861114683,0.0005825669754660499,548,195.27618970757572,0.0546999524358876,>64 px
ETH,ET0502,2026-08-20,2,SFED,1.7022165e-05,0.0,0.0,0.0036130068,542,0.009226014,0.00022032595,2.137119802360631e-05,0.003613006789237261,0.0,0.0,0.011710924971741504,0.0002574111879401953,548,195.27618970757572,0.2554923550327654,>64 px
ETH,ET0503,2026-08-20,2,MFED,0.0,0.0,0.0,0.0,1281,0.0,0.0,0.0,0.0,0.0,0.0,0.0,0.0,1284,461.52914947491604,,>64 px
ETH,ET0503,2026-08-20,2,SFED,0.0,0.0,0.0,0.0,1281,0.0,0.0,0.0,0.0,0.0,0.0,0.0,0.0,1284,461.52914947491604,,>64 px
ETH,ET0504,2026-08-20,2,MFED,0.0,0.0,0.0,0.0,321,0.0,0.0,0.0,0.0,0.0,0.0,0.0,0.0,321,115.65250349839816,,>64 px
ETH,ET0504,2026-08-20,2,SFED,0.0,0.0,0.0,0.0,321,0.0,0.0,0.0,0.0,0.0,0.0,0.0,0.0,321,115.65250349839816,,>64 px
ETH,ET0505,2026-08-20,2,MFED,0.0,0.0,0.0,0.0,1096,0.0,0.0,0.0,0.0,0.0,0.0,0.0,0.0,1093,394.8758374898579,,>64 px
ETH,ET0505,2026-08-20,2,SFED,0.0,0.0,0.0,0.0,1096,0.0,0.0,0.0,0.0,0.0,0.0,0.0,0.0,1093,394.8758374898579,,>64 px
ETH,ET0506,2026-08-20,2,MFED,0.0,0.0,0.0,0.0,1106,0.0,0.0,0.0,0.0,0.0,0.0,0.0,0.0,1108,398.47871921878,,>64 px
ETH,ET0506,2026-08-20,2,SFED,0.0,0.0,0.0,0.0,1106,0.0,0.0,0.0,0.0,0.0,0.0,0.0,0.0,1108,398.47871921878,,>64 px
ETH,ET0507,2026-08-20,2,MFED,0.0,0.0,0.0,0.0,1510,0.0,0.0,0.0,0.0,0.0,0.0,0.0,0.0,1498,544.0351410672313,,>64 px
ETH,ET0507,2026-08-20,2,SFED,0.0,0.0,0.0,0.0,1510,0.0,0.0,0.0,0.0,0.0,0.0,0.0,0.0,1498,544.0351410672313,,>64 px
ETH,ET0508,2026-08-20,2,MFED,0.0,0.0,0.0,0.0,1374,0.0,0.0,0.0,0.0,0.0,0.0,0.0,0.0,1374,495.0359495538912,,>64 px
ETH,ET0508,2026-08-20,2,SFED,0.0,0.0,0.0,0.0,1374,0.0,0.0,0.0,0.0,0.0,0.0,0.0,0.0,1374,495.0359495538912,,>64 px
ETH,ET0509,2026-08-20,2,MFED,0.0,0.0,0.0,0.0,1029,0.0,0.0,4.2203758078608516e-08,9.999999747378752e-05,0.0,0.0,4.354564156066834e-05,2.053921747304225e-06,1032,370.7365299060801,,>64 px
ETH,ET0509,2026-08-20,2,SFED,0.0,0.0,0.0,0.0,1029,0.0,0.0,0.0,0.0,0.0,0.0,0.0,0.0,1032,370.7365299060801,,>64 px
ETH,ET0510,2026-08-20,2,MFED,0.0,0.0,0.0,0.0,522,0.0,0.0,0.0,0.0,0.0,0.0,0.0,0.0,524,188.07042624973158,,>64 px
ETH,ET0510,2026-08-20,2,SFED,0.0,0.0,0.0,0.0,522,0.0,0.0,0.0,0.0,0.0,0.0,0.0,0.0,524,188.07042624973158,,>64 px
ETH,ET0511,2026-08-20,2,MFED,0.0,0.0,0.0,0.0,395,0.0,0.0,0.0,0.0,0.0,0.0,0.0,0.0,399,142.31382829242142,,>64 px
ETH,ET0511,2026-08-20,2,SFED,0.0,0.0,0.0,0.0,395,0.0,0.0,0.0,0.0,0.0,0.0,0.0,0.0,399,142.31382829242142,,>64 px
ETH,ET06,2026-08-20,1,MFED,0.026510628,0.0,0.0,0.928,1655,43.875088,0.11633221,0.029025770800915996,0.9279999732971191,0.0,0.0,48.1747081952848,0.12542737815724583,1660,596.2769261366011,0.09487299964814092,>64 px
ETH,ET06,2026-08-20,1,SFED,0.025080398,0.0,0.0,0.9193,1655,41.508057,0.11262821,0.02743024584906649,0.9193000197410583,0.0,0.0,45.52658045043193,0.12179391201303932,1660,596.2769261366011,0.0936926060370529,>64 px
ETH,ET0602,2026-08-20,2,MFED,0.02518341,0.0,0.0,0.8729847,840,21.154064,0.1097804,0.027624819325836485,0.8729847073554993,0.0,0.0,23.290297068000807,0.11740336092641375,843,302.6420652294531,0.09694514467407253,>64 px
ETH,ET0602,2026-08-20,2,SFED,0.023774903,0.0,0.0,0.8797023,840,19.970919,0.10762449,0.02610715630151842,0.8797023296356201,0.0,0.0,22.010765706417217,0.1156086969625973,843,302.6420652294531,0.09809727936717222,>64 px
ETH,ET0603,2026-08-20,2,MFED,0.0057542976,0.0,0.0,0.4619848,378,2.1751246,0.038909048,0.006787387367059443,0.8622999787330627,0.0,0.0,2.5712491077079913,0.049465457534173404,379,136.1889293532539,0.1795336006013043,>64 px
ETH,ET0603,2026-08-20,2,SFED,0.006138636,0.0,0.0,0.34993997,378,2.3204043,0.03696878,0.006889566955701715,0.8560000061988831,0.0,0.0,2.6099575476295858,0.048100889077344056,379,136.1889293532539,0.12232863386943209,>64 px
ETH,ET0604,2026-08-20,2,MFED,0.061699398,0.0,0.0,0.928,333,20.545898,0.1821785,0.06699451067879762,0.9279999732971191,0.0,0.0,22.31316218430805,0.19608299004089744,333,119.97596157310464,0.08582114008304619,>64 px
ETH,ET0604,2026-08-20,2,SFED,0.057707913,0.0,0.0,0.9193,333,19.216736,0.17493488,0.06276912578869112,0.9193000197410583,0.0,0.0,20.905857356064725,0.18837854533387607,333,119.97596157310464,0.08770396511638053,>64 px
ETH,ET0605,2026-08-20,2,MFED,0.0,0.0,0.0,0.0,104,0.0,0.0,0.0,0.0,0.0,0.0,0.0,0.0,105,37.469969980789436,,16-64 px
ETH,ET0605,2026-08-20,2,SFED,0.0,0.0,0.0,0.0,104,0.0,0.0,0.0,0.0,0.0,0.0,0.0,0.0,105,37.469969980789436,,16-64 px
ETH,ET07,2026-08-20,1,MFED,0.010737518,0.0,0.0,0.96558917,2063,22.151499,0.07313318,0.012668249871221693,0.965589165687561,0.0,0.0,26.25528509089292,0.0832595529356731,2073,743.2745006766212,0.1798117471115479,>64 px
ETH,ET07,2026-08-20,1,SFED,0.007306057,0.0,0.0,0.96358883,2063,15.072395,0.06777921,0.0068952253769018375,0.9635888338088989,0.0,0.0,14.290538146691818,0.065417226909054,2073,743.2745006766212,0.05623164767235772,>64 px
ETH,ET0701,2026-08-20,2,MFED,6.649128e-05,0.0,0.0,0.0014,188,0.01250036,0.0002574326,5.251580274569473e-05,0.00139999995008111,0.0,0.0,0.009842194683952565,0.0002255964065049826,187,67.73417650373474,0.21018511381199573,>64 px
ETH,ET0701,2026-08-20,2,SFED,0.0,0.0,0.0,0.0,188,0.0,0.0,0.0,0.0,0.0,0.0,0.0,0.0,187,67.73417650373474,,>64 px
ETH,ET0702,2026-08-20,2,MFED,8.196721e-07,0.0,0.0,0.0001,122,0.0001,9.016393e-06,2.114467532070429e-05,0.007416315842419863,0.0,0.0,0.002529631054318336,0.00034791251147810127,120,43.95515709284915,24.796504871526423,16-64 px
ETH,ET0702,2026-08-20,2,SFED,0.0,0.0,0.0,0.0,122,0.0,0.0,0.0,0.0,0.0,0.0,0.0,0.0,120,43.95515709284915,,16-64 px
ETH,ET0703,2026-08-20,2,MFED,0.0008210553,0.0,0.0,0.01210242,39,0.032021157,0.0028720035,0.0007861884013891498,0.0615123026072979,0.0,0.0,0.03492626538165781,0.00379949426212007,44,14.051238742796038,0.042465956447574435,4-16 px
ETH,ET0703,2026-08-20,2,SFED,0.0,0.0,0.0,0.0,39,0.0,0.0,0.0,0.0,0.0,0.0,0.0,0.0,44,14.051238742796038,,4-16 px
ETH,ET0705,2026-08-20,2,MFED,9.090909e-06,0.0,0.0,0.0002,44,0.0004,4.165978e-05,2.9890532944840965e-05,0.030300000682473183,0.0,0.0,0.0013297990773875408,0.000767195254724181,44,15.85267960725707,2.287958656812093,4-16 px
ETH,ET0705,2026-08-20,2,SFED,0.0,0.0,0.0,0.0,44,0.0,0.0,0.0,0.0,0.0,0.0,0.0,0.0,44,15.85267960725707,,4-16 px
ETH,ET0706,2026-08-20,2,MFED,0.021416422,0.0,0.0,0.32096496,145,3.1053813,0.06311081,0.02072455528128582,0.3209649622440338,0.0,0.0,3.0590002189292447,0.06421606092751388,148,52.24178506936989,0.03230542985724605,16-64 px
ETH,ET0706,2026-08-20,2,SFED,0.0,0.0,0.0,0.0,145,0.0,0.0,0.0,0.0,0.0,0.0,0.0,0.0,148,52.24178506936989,,16-64 px
ETH,ET0707,2026-08-20,2,MFED,0.024169015,0.0,0.0,0.96558917,748,18.078423,0.116381,0.029102752476506927,0.965589165687561,0.0,0.0,22.05289330306576,0.132516262689744,758,269.4955533233702,0.2041348179272895,>64 px
ETH,ET0707,2026-08-20,2,SFED,0.020150261,0.0,0.0,0.96358883,748,15.072395,0.11140734,0.01885893105833125,0.9635888338088989,0.0,0.0,14.290538146691818,0.1071395227082556,758,269.4955533233702,0.06408502310063134,>64 px
ETH,ET0710,2026-08-20,2,MFED,6.7349574e-05,0.0,0.0,0.0039011706,243,0.016365945,0.00044962892,0.00028032145859547604,0.17739999294281006,0.0,0.0,0.06792951497824286,0.00400196340820473,242,87.55002601280609,3.162186068103059,>64 px
ETH,ET0710,2026-08-20,2,SFED,0.0,0.0,0.0,0.0,243,0.0,0.0,0.0,0.0,0.0,0.0,0.0,0.0,242,87.55002601280609,,>64 px
ETH,ET0712,2026-08-20,2,MFED,0.0,0.0,0.0,0.0,28,0.0,0.0,0.0,0.0,0.0,0.0,0.0,0.0,26,10.088068840981771,,4-16 px
ETH,ET0712,2026-08-20,2,SFED,0.0,0.0,0.0,0.0,28,0.0,0.0,0.0,0.0,0.0,0.0,0.0,0.0,26,10.088068840981771,,4-16 px
ETH,ET0713,2026-08-20,2,MFED,0.0,0.0,0.0,0.0,76,0.0,0.0,0.0,0.0,0.0,0.0,0.0,0.0,76,27.381901139807663,,16-64 px
ETH,ET0713,2026-08-20,2,SFED,0.0,0.0,0.0,0.0,76,0.0,0.0,0.0,0.0,0.0,0.0,0.0,0.0,76,27.381901139807663,,16-64 px
ETH,ET0714,2026-08-20,2,MFED,0.0,0.0,0.0,0.0,34,0.0,0.0,0.0,0.0,0.0,0.0,0.0,0.0,32,12.249797878335007,,4-16 px
ETH,ET0714,2026-08-20,2,SFED,0.0,0.0,0.0,0.0,34,0.0,0.0,0.0,0.0,0.0,0.0,0.0,0.0,32,12.249797878335007,,4-16 px
ETH,ET0715,2026-08-20,2,MFED,0.0054450207,0.0,0.0,0.1169,149,0.8113081,0.01812887,0.006396862850698949,0.1168999969959259,0.0,0.0,0.951165423142207,0.020836340005849472,149,53.682937760938714,0.17480964777580174,16-64 px
ETH,ET0715,2026-08-20,2,SFED,0.0,0.0,0.0,0.0,149,0.0,0.0,0.0,0.0,0.0,0.0,0.0,0.0,149,53.682937760938714,,16-64 px
ETH,ET0716,2026-08-20,2,MFED,0.0063133333,0.0,0.0,0.0714,15,0.0947,0.018335717,0.0016031028843292473,0.0714000016450882,0.0,0.0,0.02152000199690807,0.008628315751447917,13,5.404322593383092,0.7460766273294572,4-16 px
ETH,ET0716,2026-08-20,2,SFED,0.0,0.0,0.0,0.0,15,0.0,0.0,0.0,0.0,0.0,0.0,0.0,0.0,13,5.404322593383092,,4-16 px
ETH,ET0720,2026-08-20,2,MFED,3.4496559e-06,0.0,0.0,0.00030012007,87,0.00030012007,3.1990792e-05,2.1919290635869254e-06,0.0003001200675498694,0.0,0.0,0.0001902546923516482,2.5554595391209638e-05,87,31.34507104162193,0.36459486768320126,16-64 px
ETH,ET0720,2026-08-20,2,SFED,0.0,0.0,0.0,0.0,87,0.0,0.0,0.0,0.0,0.0,0.0,0.0,0.0,87,31.34507104162193,,16-64 px
ETH,ET0721,2026-08-20,2,MFED,0.0,0.0,0.0,0.0,53,0.0,0.0,0.0010062033413466634,0.05310000106692314,0.0,0.0,0.05340427900866104,0.007239955340671119,53,19.095273163286922,,16-64 px
ETH,ET0721,2026-08-20,2,SFED,0.0,0.0,0.0,0.0,53,0.0,0.0,0.0,0.0,0.0,0.0,0.0,0.0,53,19.095273163286922,,16-64 px
ETH,ET0722,2026-08-20,2,MFED,0.0,0.0,0.0,0.0,45,0.0,0.0,0.0,0.0,0.0,0.0,0.0,0.0,45,16.212967780149274,,16-64 px
ETH,ET0722,2026-08-20,2,SFED,0.0,0.0,0.0,0.0,45,0.0,0.0,0.0,0.0,0.0,0.0,0.0,0.0,45,16.212967780149274,,16-64 px
ETH,ET0723,2026-08-20,2,MFED,0.0,0.0,0.0,0.0,22,0.0,0.0,0.0,0.0,0.0,0.0,0.0,0.0,23,7.926339803628535,,4-16 px
ETH,ET0723,2026-08-20,2,SFED,0.0,0.0,0.0,0.0,22,0.0,0.0,0.0,0.0,0.0,0.0,0.0,0.0,23,7.926339803628535,,4-16 px
ETH,ET0724,2026-08-20,2,MFED,0.0,0.0,0.0,0.0,25,0.0,0.0,2.2116123330508884e-05,0.0010999999940395355,0.0,0.0,0.0005541981614952726,0.00015409553687809695,25,9.007204322305153,,4-16 px
ETH,ET0724,2026-08-20,2,SFED,0.0,0.0,0.0,0.0,25,0.0,0.0,0.0,0.0,0.0,0.0,0.0,0.0,25,9.007204322305153,,4-16 px
ETH,ET11,2026-08-20,1,MFED,0.0031237698,0.0,0.0,0.23212498,1274,3.9796827,0.018045466,0.0032268500214187278,0.23212498426437378,0.0,0.0,4.121353480892012,0.01788508402353438,1277,459.0071322646706,0.03299866123897085,>64 px
ETH,ET11,2026-08-20,1,SFED,0.0,0.0,0.0,0.0,1274,0.0,0.0,0.0,0.0,0.0,0.0,0.0,0.0,1277,459.0071322646706,,>64 px
ETH,ET1101,2026-08-20,2,MFED,0.0,0.0,0.0,0.0,77,0.0,0.0,0.0,0.0,0.0,0.0,0.0,0.0,77,27.74218931269987,,16-64 px
ETH,ET1101,2026-08-20,2,SFED,0.0,0.0,0.0,0.0,77,0.0,0.0,0.0,0.0,0.0,0.0,0.0,0.0,77,27.74218931269987,,16-64 px
ETH,ET1102,2026-08-20,2,MFED,0.0028542466,0.0,0.0,0.069,347,0.9904236,0.012066632,0.0027009137397949494,0.0689999982714653,0.0,0.0,0.931571509781003,0.011718755771625108,345,125.01999599359551,0.053720957469144674,>64 px
ETH,ET1102,2026-08-20,2,SFED,0.0,0.0,0.0,0.0,347,0.0,0.0,0.0,0.0,0.0,0.0,0.0,0.0,345,125.01999599359551,,>64 px
ETH,ET1103,2026-08-20,2,MFED,0.0016953333,0.0,0.0,0.1469,150,0.2543,0.012969329,0.0012163297764474727,0.1468999981880188,0.0,0.0,0.18385137513944166,0.007939446255292292,151,54.04322593383092,0.2825423906629613,16-64 px
ETH,ET1103,2026-08-20,2,SFED,0.0,0.0,0.0,0.0,150,0.0,0.0,0.0,0.0,0.0,0.0,0.0,0.0,151,54.04322593383092,,16-64 px
ETH,ET1104,2026-08-20,2,MFED,0.010783191,0.0,0.0,0.23212498,143,1.5419964,0.039390482,0.010182299835193686,0.23212498426437378,0.0,0.0,1.456581337832343,0.037474860725039624,143,51.521208723585474,0.055724800275383575,16-64 px
ETH,ET1104,2026-08-20,2,SFED,0.0,0.0,0.0,0.0,143,0.0,0.0,0.0,0.0,0.0,0.0,0.0,0.0,143,51.521208723585474,,16-64 px
ETH,ET1105,2026-08-20,2,MFED,0.0023198726,0.0,0.0,0.1469,480,1.1135389,0.014625285,0.0030017587420773264,0.1468999981880188,0.0,0.0,1.453902559634041,0.016796971641580085,484,172.93832298825893,0.29393258150353885,>64 px
ETH,ET1105,2026-08-20,2,SFED,0.0,0.0,0.0,0.0,480,0.0,0.0,0.0,0.0,0.0,0.0,0.0,0.0,484,172.93832298825893,,>64 px
ETH,ET1106,2026-08-20,2,MFED,0.001018254,0.0,0.0,0.06691338,78,0.07942381,0.0075438796,0.0012392443138129383,0.06691338121891022,0.0,0.0,0.09544669371707407,0.008334912607649602,77,28.102477485592075,0.21702867242646573,16-64 px
ETH,ET1106,2026-08-20,2,SFED,0.0,0.0,0.0,0.0,78,0.0,0.0,0.0,0.0,0.0,0.0,0.0,0.0,77,28.102477485592075,,16-64 px
ETH,ET12,2026-08-20,1,MFED,0.006271045,0.0,0.0,0.3293339,1030,6.4591765,0.03305138,0.005732458816619668,0.3293339014053345,0.0,0.0,5.872125111989732,0.029930396555100568,1024,371.0968180789723,0.08588459872004305,>64 px
ETH,ET12,2026-08-20,1,SFED,0.005460769,0.0,0.0,0.31485313,1030,5.6245923,0.030720564,0.0050526051806522925,0.31485313177108765,0.0,0.0,5.175707442722345,0.028015902536111956,1024,371.0968180789723,0.07474475103189814,>64 px
ETH,ET1201,2026-08-20,2,MFED,0.034942023,0.0,0.0,0.3293339,156,5.450956,0.07503325,0.032350920926790504,0.3293339014053345,0.0,0.0,5.014689698057731,0.06802522031916806,155,56.20495497118415,0.07415432338332267,16-64 px
ETH,ET1201,2026-08-20,2,SFED,0.032524187,0.0,0.0,0.31485313,156,5.0737734,0.07130948,0.02952293038091523,0.31485313177108765,0.0,0.0,4.576325204858362,0.06452276686520467,155,56.20495497118415,0.09227768303892649,16-64 px
ETH,ET1202,2026-08-20,2,MFED,0.0005991445,0.0,0.0,0.1469,725,0.43437976,0.008061998,0.0003548858109722636,0.1468999981880188,0.0,0.0,0.255854486666707,0.004944012517898504,721,261.2089253468494,0.4076790974927357,>64 px
ETH,ET1202,2026-08-20,2,SFED,1.6552774e-05,0.0,0.0,0.0017378859,725,0.012000761,0.00012342789,4.881979940119977e-05,0.06607382744550705,0.0,0.0,0.03519657402121891,0.0011880743978253173,721,261.2089253468494,1.949342472820554,>64 px
ETH,ET1203,2026-08-20,2,MFED,0.0,0.0,0.0,0.0,76,0.0,0.0,0.0,0.0,0.0,0.0,0.0,0.0,76,27.381901139807663,,16-64 px
ETH,ET1203,2026-08-20,2,SFED,0.0,0.0,0.0,0.0,76,0.0,0.0,0.0,0.0,0.0,0.0,0.0,0.0,76,27.381901139807663,,16-64 px
ETH,ET1204,2026-08-20,2,MFED,0.007860837,0.0,0.0,0.11478697,73,0.5738411,0.024837147,0.008332105519201384,0.11478696763515472,0.0,0.0,0.6015809343917994,0.026068992159650813,72,26.301036621131047,0.05995144272822139,16-64 px
ETH,ET1204,2026-08-20,2,SFED,0.0073810704,0.0,0.0,0.112280704,73,0.5388181,0.023555538,0.007814168082645468,0.1122807040810585,0.0,0.0,0.5641856702149644,0.024769789050019284,72,26.301036621131047,0.058676812328665534,16-64 px
ETH,ET13,2026-08-20,1,MFED,0.0,0.0,0.0,0.0,12,0.0,0.0,0.0,0.0,0.0,0.0,0.0,0.0,12,4.3234580747064735,,4-16 px
ETH,ET13,2026-08-20,1,SFED,0.0,0.0,0.0,0.0,12,0.0,0.0,0.0,0.0,0.0,0.0,0.0,0.0,12,4.3234580747064735,,4-16 px
ETH,ET1301,2026-08-20,2,MFED,0.0,0.0,0.0,0.0,12,0.0,0.0,0.0,0.0,0.0,0.0,0.0,0.0,12,4.3234580747064735,,4-16 px
ETH,ET1301,2026-08-20,2,SFED,0.0,0.0,0.0,0.0,12,0.0,0.0,0.0,0.0,0.0,0.0,0.0,0.0,12,4.3234580747064735,,4-16 px
ETH,ET14,2026-08-20,1,MFED,9.375001e-05,0.0,0.0,0.0005,16,0.0015000001,0.0001951562,6.721124399396492e-05,0.0005000000237487257,0.0,0.0,0.001192847683631507,0.00017018198478890934,18,5.764610766275298,0.2830801405358259,4-16 px
ETH,ET14,2026-08-20,1,SFED,9.375001e-05,0.0,0.0,0.0005,16,0.0015000001,0.0001951562,6.75466163947835e-05,0.0005072537460364401,0.0,0.0,0.0011987997858051598,0.00017094714944582945,18,5.764610766275298,0.2795028353086736,4-16 px
ETH,ET1401,2026-08-20,2,MFED,9.375001e-05,0.0,0.0,0.0005,16,0.0015000001,0.0001951562,6.721124399396492e-05,0.0005000000237487257,0.0,0.0,0.001192847683631507,0.00017018198478890934,18,5.764610766275298,0.2830801405358259,4-16 px
ETH,ET1401,2026-08-20,2,SFED,9.375001e-05,0.0,0.0,0.0005,16,0.0015000001,0.0001951562,6.75466163947835e-05,0.0005072537460364401,0.0,0.0,0.0011987997858051598,0.00017094714944582945,18,5.764610766275298,0.2795028353086736,4-16 px
ETH,ET15,2026-08-20,1,MFED,0.0,0.0,0.0,0.0,35,0.0,0.0,0.0,0.0,0.0,0.0,0.0,0.0,35,12.610086051227213,,4-16 px
ETH,ET15,2026-08-20,1,SFED,0.0,0.0,0.0,0.0,35,0.0,0.0,0.0,0.0,0.0,0.0,0.0,0.0,35,12.610086051227213,,4-16 px
ETH,ET1501,2026-08-20,2,MFED,0.0,0.0,0.0,0.0,4,0.0,0.0,0.0,0.0,0.0,0.0,0.0,0.0,3,1.4411526915688244,,1-4 px
ETH,ET1501,2026-08-20,2,SFED,0.0,0.0,0.0,0.0,4,0.0,0.0,0.0,0.0,0.0,0.0,0.0,0.0,3,1.4411526915688244,,1-4 px
ETH,ET1502,2026-08-20,2,MFED,0.0,0.0,0.0,0.0,31,0.0,0.0,0.0,0.0,0.0,0.0,0.0,0.0,32,11.16893335965839,,4-16 px
ETH,ET1502,2026-08-20,2,SFED,0.0,0.0,0.0,0.0,31,0.0,0.0,0.0,0.0,0.0,0.0,0.0,0.0,32,11.16893335965839,,4-16 px
ETH,ET16,2026-08-20,1,MFED,0.000613964,0.0,0.0,0.1342,222,0.13630001,0.008986197,0.0018849982516072872,0.1542000025510788,0.0,0.0,0.4125504961108541,0.015955209131329834,219,79.98397438206976,2.0702097380421116,>64 px
ETH,ET16,2026-08-20,1,SFED,0.0,0.0,0.0,0.0,222,0.0,0.0,0.0,0.0,0.0,0.0,0.0,0.0,219,79.98397438206976,,>64 px
ETH,ET1600,2026-08-20,2,MFED,0.000613964,0.0,0.0,0.1342,222,0.13630001,0.008986197,0.0018849982516072872,0.1542000025510788,0.0,0.0,0.4125504961108541,0.015955209131329834,219,79.98397438206976,2.0702097380421116,>64 px
ETH,ET1600,2026-08-20,2,SFED,0.0,0.0,0.0,0.0,222,0.0,0.0,0.0,0.0,0.0,0.0,0.0,0.0,219,79.98397438206976,,>64 px
MOZ,MZ,2026-08-20,0,MFED,0.0016303657,0.0,0.0,0.5561,26677,43.493267,0.018378317,0.0016218590700642196,1.000000238418579,0.0,0.0,43.49155114963864,0.018692142618527145,26816,9611.407588245382,0.005217620768015622,>64 px
MOZ,MZ,2026-08-20,0,SFED,0.0010680319,0.0,0.0,0.5077,26677,28.491886,0.016289487,0.0010746293942319684,1.000000238418579,0.0,0.0,28.81711495703151,0.016646145235043385,26816,9611.407588245382,0.006177244548564887,>64 px
MOZ,MZ01,2026-08-20,1,MFED,8.922565e-05,0.0,0.0,0.03491047,2583,0.23046985,0.0013187088,0.00014090929124752413,0.03491047024726868,0.0,0.0,0.36510930552596405,0.0018251979849019837,2591,930.6243505805684,0.5792464526458941,>64 px
MOZ,MZ01,2026-08-20,1,SFED,0.0,0.0,0.0,0.0,2583,0.0,0.0,0.0,0.0,0.0,0.0,0.0,0.0,2591,930.6243505805684,,>64 px
MOZ,MZ0101,2026-08-20,2,MFED,0.0,0.0,0.0,0.0,166,0.0,0.0,0.0,0.0,0.0,0.0,0.0,0.0,164,59.807836700106215,,16-64 px
MOZ,MZ0101,2026-08-20,2,SFED,0.0,0.0,0.0,0.0,166,0.0,0.0,0.0,0.0,0.0,0.0,0.0,0.0,164,59.807836700106215,,16-64 px
MOZ,MZ0102,2026-08-20,2,MFED,0.0,0.0,0.0,0.0,180,0.0,0.0,0.0,0.0,0.0,0.0,0.0,0.0,184,64.8518711205971,,>64 px
MOZ,MZ0102,2026-08-20,2,SFED,0.0,0.0,0.0,0.0,180,0.0,0.0,0.0,0.0,0.0,0.0,0.0,0.0,184,64.8518711205971,,>64 px
MOZ,MZ0103,2026-08-20,2,MFED,0.0,0.0,0.0,0.0,178,0.0,0.0,0.0,0.0,0.0,0.0,0.0,0.0,179,64.13129477481269,,>64 px
MOZ,MZ0103,2026-08-20,2,SFED,0.0,0.0,0.0,0.0,178,0.0,0.0,0.0,0.0,0.0,0.0,0.0,0.0,179,64.13129477481269,,>64 px
MOZ,MZ0104,2026-08-20,2,MFED,0.0,0.0,0.0,0.0,2,0.0,0.0,0.0,0.0,0.0,0.0,0.0,0.0,3,0.7205763457844122,,<1 px
MOZ,MZ0104,2026-08-20,2,SFED,0.0,0.0,0.0,0.0,2,0.0,0.0,0.0,0.0,0.0,0.0,0.0,0.0,3,0.7205763457844122,,<1 px
MOZ,MZ0105,2026-08-20,2,MFED,0.0,0.0,0.0,0.0,2,0.0,0.0,0.0,0.0,0.0,0.0,0.0,0.0,2,0.7205763457844122,,<1 px
MOZ,MZ0105,2026-08-20,2,SFED,0.0,0.0,0.0,0.0,2,0.0,0.0,0.0,0.0,0.0,0.0,0.0,0.0,2,0.7205763457844122,,<1 px
MOZ,MZ0106,2026-08-20,2,MFED,0.00010677885,0.0,0.0,0.0083158,142,0.0151625965,0.0007871352,0.00016795038513461272,0.03491047024726868,0.0,0.0,0.023376670201594032,0.0012115084642837942,139,51.16092055069327,0.5728806325841935,16-64 px
MOZ,MZ0106,2026-08-20,2,SFED,0.0,0.0,0.0,0.0,142,0.0,0.0,0.0,0.0,0.0,0.0,0.0,0.0,139,51.16092055069327,,16-64 px
MOZ,MZ0107,2026-08-20,2,MFED,0.0,0.0,0.0,0.0,41,0.0,0.0,0.0,0.0,0.0,0.0,0.0,0.0,41,14.77181508858045,,4-16 px
MOZ,MZ0107,2026-08-20,2,SFED,0.0,0.0,0.0,0.0,41,0.0,0.0,0.0,0.0,0.0,0.0,0.0,0.0,41,14.77181508858045,,4-16 px
MOZ,MZ0108,2026-08-20,2,MFED,0.0,0.0,0.0,0.0,189,0.0,0.0,0.0,0.0,0.0,0.0,0.0,0.0,191,68.09446467662696,,>64 px
MOZ,MZ0108,2026-08-20,2,SFED,0.0,0.0,0.0,0.0,189,0.0,0.0,0.0,0.0,0.0,0.0,0.0,0.0,191,68.09446467662696,,>64 px
MOZ,MZ0109,2026-08-20,2,MFED,0.0,0.0,0.0,0.0,56,0.0,0.0,0.0,0.0,0.0,0.0,0.0,0.0,53,20.176137681963542,,16-64 px
MOZ,MZ0109,2026-08-20,2,SFED,0.0,0.0,0.0,0.0,56,0.0,0.0,0.0,0.0,0.0,0.0,0.0,0.0,53,20.176137681963542,,16-64 px
MOZ,MZ0110,2026-08-20,2,MFED,7.8448626e-05,0.0,0.0,0.0024,116,0.00910004,0.00037915655,0.0001079793852256094,0.013799999840557575,0.0,0.0,0.012427477999135789,0.0005390917606482194,115,41.79342805549591,0.3764343715288195,16-64 px
MOZ,MZ0110,2026-08-20,2,SFED,0.0,0.0,0.0,0.0,116,0.0,0.0,0.0,0.0,0.0,0.0,0.0,0.0,115,41.79342805549591,,16-64 px
MOZ,MZ0111,2026-08-20,2,MFED,0.0,0.0,0.0,0.0,593,0.0,0.0,0.0,0.0,0.0,0.0,0.0,0.0,593,213.65088652507822,,>64 px
MOZ,MZ0111,2026-08-20,2,SFED,0.0,0.0,0.0,0.0,593,0.0,0.0,0.0,0.0,0.0,0.0,0.0,0.0,593,213.65088652507822,,>64 px
MOZ,MZ0112,2026-08-20,2,MFED,0.0,0.0,0.0,0.0,372,0.0,0.0,1.2787699467318084e-07,9.999999747378752e-05,0.0,0.0,4.75964062309645e-05,3.573702088661979e-06,372,134.02720031590067,,>64 px
MOZ,MZ0112,2026-08-20,2,SFED,0.0,0.0,0.0,0.0,372,0.0,0.0,0.0,0.0,0.0,0.0,0.0,0.0,372,134.02720031590067,,>64 px
MOZ,MZ0113,2026-08-20,2,MFED,0.00084573857,0.0,0.0,0.03491047,65,0.054973006,0.00441267,0.0017054852637024029,0.03491047024726868,0.0,0.0,0.11860766607642438,0.006811102141192801,70,23.4187312379934,1.016563184179247,16-64 px
MOZ,MZ0113,2026-08-20,2,SFED,0.0,0.0,0.0,0.0,65,0.0,0.0,0.0,0.0,0.0,0.0,0.0,0.0,70,23.4187312379934,,16-64 px
MOZ,MZ0114,2026-08-20,2,MFED,2.8597155e-05,0.0,0.0,0.0023516836,200,0.0057194307,0.0001880172,2.4124328777258773e-05,0.0023516835644841194,0.0,0.0,0.004823275436786472,0.00018690467251057826,200,72.05763457844122,0.1564080840468651,>64 px
MOZ,MZ0114,2026-08-20,2,SFED,0.0,0.0,0.0,0.0,200,0.0,0.0,0.0,0.0,0.0,0.0,0.0,0.0,200,72.05763457844122,,>64 px
MOZ,MZ0115,2026-08-20,2,MFED,0.0014319101,0.0,0.0,0.03103486,100,0.14319101,0.0053657917,0.0020807163113680523,0.031034860759973526,0.0,0.0,0.2043647147558656,0.006827364733690879,98,36.02881728922061,0.4531054088996594,16-64 px
MOZ,MZ0115,2026-08-20,2,SFED,0.0,0.0,0.0,0.0,100,0.0,0.0,0.0,0.0,0.0,0.0,0.0,0.0,98,36.02881728922061,,16-64 px
MOZ,MZ0116,2026-08-20,2,MFED,2.0206782e-05,0.0,0.0,0.0007745933,115,0.00232378,0.00012346548,1.2548191213145482e-05,0.0011902186088263988,0.0,0.0,0.0014619065911988646,9.864546452219527e-05,117,41.433139882603705,0.37901090766726325,16-64 px
MOZ,MZ0116,2026-08-20,2,SFED,0.0,0.0,0.0,0.0,115,0.0,0.0,0.0,0.0,0.0,0.0,0.0,0.0,117,41.433139882603705,,16-64 px
MOZ,MZ0118,2026-08-20,2,MFED,0.0,0.0,0.0,0.0,66,0.0,0.0,0.0,0.0,0.0,0.0,0.0,0.0,70,23.779019410885603,,16-64 px
MOZ,MZ0118,2026-08-20,2,SFED,0.0,0.0,0.0,0.0,66,0.0,0.0,0.0,0.0,0.0,0.0,0.0,0.0,70,23.779019410885603,,16-64 px
MOZ,MZ02,2026-08-20,1,MFED,0.007539117,0.0,0.0,0.5561,2642,19.918346,0.045216084,0.007067978339749057,0.5561000108718872,0.0,0.0,18.817601652225452,0.043165486621458575,2662,951.8813527812085,0.06249255187987436,>64 px
MOZ,MZ02,2026-08-20,1,SFED,0.0063134297,0.0,0.0,0.5077,2642,16.68008,0.04241905,0.005850050372393751,0.5077000260353088,0.0,0.0,15.575021917380015,0.03983132817128405,2662,951.8813527812085,0.07339581647772989,>64 px
MOZ,MZ0201,2026-08-20,2,MFED,0.0009501895,0.0,0.0,0.023104621,58,0.05511099,0.0041980487,0.002179107169096387,0.16889342665672302,0.0,0.0,0.12978348372463583,0.01188816530496822,60,20.896714027747954,1.2933395592104386,16-64 px
MOZ,MZ0201,2026-08-20,2,SFED,0.00020397002,0.0,0.0,0.0024832382,58,0.011830261,0.000631812,0.0001269801926876566,0.00248323823325336,0.0,0.0,0.007562699074531224,0.0005042144342806404,60,20.896714027747954,0.377456585592056,16-64 px
MOZ,MZ0202,2026-08-20,2,MFED,0.030810662,0.0,0.0,0.41344318,197,6.0697002,0.08201809,0.03187829446415074,0.4134431779384613,0.0,0.0,6.3570496797432465,0.08671800631990909,199,70.9767700597646,0.03465139645979502,>64 px
MOZ,MZ0202,2026-08-20,2,SFED,0.030335082,0.0,0.0,0.37204862,197,5.9760113,0.08213949,0.03145712891989439,0.37204861640930176,0.0,0.0,6.273062429696209,0.08606400375796676,199,70.9767700597646,0.03698842547695739,>64 px
MOZ,MZ0203,2026-08-20,2,MFED,0.0,0.0,0.0,0.0,398,0.0,0.0,0.0,0.0,0.0,0.0,0.0,0.0,401,143.39469281109803,,>64 px
MOZ,MZ0203,2026-08-20,2,SFED,0.0,0.0,0.0,0.0,398,0.0,0.0,0.0,0.0,0.0,0.0,0.0,0.0,401,143.39469281109803,,>64 px
MOZ,MZ0204,2026-08-20,2,MFED,0.011042347,0.0,0.0,0.4286,352,3.8869061,0.059083305,0.008972538975607664,0.5561000108718872,0.0,0.0,3.2021283921336363,0.05342453521296811,357,126.82143685805656,0.18744276233959456,>64 px
MOZ,MZ0204,2026-08-20,2,SFED,0.01090939,0.0,0.0,0.4585,352,3.840105,0.059853304,0.0088552605278065,0.5077000260353088,0.0,0.0,3.160273946194711,0.053585632884277506,357,126.82143685805656,0.18829003933249244,>64 px
MOZ,MZ0205,2026-08-20,2,MFED,0.00017210114,0.0,0.0,0.0021829295,88,0.0151448995,0.00052610366,0.00010489893788861059,0.0021829295437783003,0.0,0.0,0.009140552629547055,0.0004182872215346921,87,31.70535921451414,0.39048086556189815,16-64 px
MOZ,MZ0205,2026-08-20,2,SFED,0.0002525018,0.0,0.0,0.008981723,88,0.022220159,0.0013558457,0.00015173834888584846,0.008981723338365555,0.0,0.0,0.013221986721967192,0.0010361620215863464,87,31.70535921451414,0.3990603279428167,16-64 px
MOZ,MZ0206,2026-08-20,2,MFED,0.020137994,0.00030019527,0.0,0.3285242,50,1.0068997,0.06476874,0.025138405659613092,0.3285242021083832,0.0,0.0003000000142492354,1.2991574413239957,0.07649449083485503,52,18.014408644610306,0.24830733684860037,16-64 px
MOZ,MZ0206,2026-08-20,2,SFED,0.013958828,0.0,0.0,0.25448352,50,0.69794136,0.050623227,0.018670400778777303,0.25448352098464966,0.0,0.0,0.9648897560444245,0.0600831507376721,52,18.014408644610306,0.3375335507234063,16-64 px
MOZ,MZ0207,2026-08-20,2,MFED,0.0078000003,0.0,0.0,0.039,5,0.039,0.0156000005,0.022566468725554137,0.17270347476005554,0.0,0.0,0.10924039033428165,0.04263840346419841,5,1.8014408644610305,1.8931369048221878,1-4 px
MOZ,MZ0207,2026-08-20,2,SFED,0.0070841988,0.00010699764,0.0,0.0351,5,0.035420995,0.014007962,0.019845107229147084,0.14542876183986664,0.0,0.00010699764243327081,0.09606674780635037,0.03626052226993912,5,1.8014408644610305,1.8013199219009894,1-4 px
MOZ,MZ0208,2026-08-20,2,MFED,0.0003014517,0.0,0.0,0.0140254,148,0.044614855,0.00174467,0.000618033653178228,0.2585239112377167,0.0,0.0,0.0920431214416656,0.007690685688480099,149,53.3226495880465,1.050191301552547,16-64 px
MOZ,MZ0208,2026-08-20,2,SFED,0.00035477336,0.0,0.0,0.013141911,148,0.052506458,0.0019331828,0.0006833475707210048,0.3171253800392151,0.0,0.0,0.1017702565471824,0.006823785100369339,149,53.3226495880465,0.9261524335451929,16-64 px
MOZ,MZ0209,2026-08-20,2,MFED,0.03978087,0.0,0.0,0.26697892,57,2.2675095,0.069706306,0.0366162730333218,0.3285242021083832,0.0,0.0,2.1440942992916314,0.07038563183949206,59,20.53642585485575,0.07955072291476283,16-64 px
MOZ,MZ0209,2026-08-20,2,SFED,0.016718768,0.0,0.0,0.14542876,57,0.9529698,0.03583633,0.015695419798714253,0.25448352098464966,0.0,0.0,0.9190574935026179,0.03431941231282787,59,20.53642585485575,0.06120954613915005,16-64 px
MOZ,MZ0210,2026-08-20,2,MFED,1.5923566e-06,0.0,0.0,0.0002,314,0.00049999997,1.4845684e-05,9.71989067028278e-07,0.00019999999494757503,0.0,0.0,0.00030683908250316434,1.2440193375766388e-05,316,113.13048628815272,0.3895908322116553,>64 px
MOZ,MZ0210,2026-08-20,2,SFED,1.5923566e-06,0.0,0.0,0.0002,314,0.00049999997,1.4845684e-05,9.71989067028278e-07,0.00019999999494757503,0.0,0.0,0.00030683908250316434,1.2440193375766388e-05,316,113.13048628815272,0.3895908322116553,>64 px
MOZ,MZ0211,2026-08-20,2,MFED,0.019852791,0.0,0.0,0.24457327,111,2.2036598,0.054640222,0.02094364198056951,0.24457326531410217,0.0,0.0,2.2311564561629815,0.05851460894770745,107,39.99198719103488,0.054946983553572304,16-64 px
MOZ,MZ0211,2026-08-20,2,SFED,0.008195271,0.0,0.0,0.249777,111,0.90967506,0.037667338,0.009183985400514613,0.24977700412273407,0.0,0.0,0.9783832410177377,0.04229333754372248,107,39.99198719103488,0.12064450345993594,16-64 px
MOZ,MZ0212,2026-08-20,2,MFED,0.010716089,0.0,0.0,0.5561,404,4.3293,0.06573998,0.007959245755727215,0.5561000108718872,0.0,0.0,3.2435009895775626,0.05368033715194223,408,145.55642184845127,0.2572620705439069,>64 px
MOZ,MZ0212,2026-08-20,2,SFED,0.010348762,0.0,0.0,0.5077,404,4.1809,0.06310279,0.00750999826032796,0.5077000260353088,0.0,0.0,3.0604265198837197,0.05105011400432483,408,145.55642184845127,0.27430950095016576,>64 px
MOZ,MZ0213,2026-08-20,2,MFED,0.0,0.0,0.0,0.0,260,0.0,0.0,0.0,0.0,0.0,0.0,0.0,0.0,263,93.6749249519736,,>64 px
MOZ,MZ0213,2026-08-20,2,SFED,0.0,0.0,0.0,0.0,260,0.0,0.0,0.0,0.0,0.0,0.0,0.0,0.0,263,93.6749249519736,,>64 px
MOZ,MZ0214,2026-08-20,2,MFED,0.0,0.0,0.0,0.0,200,0.0,0.0,0.0,0.0,0.0,0.0,0.0,0.0,202,72.05763457844122,,>64 px
MOZ,MZ0214,2026-08-20,2,SFED,0.0,0.0,0.0,0.0,200,0.0,0.0,0.0,0.0,0.0,0.0,0.0,0.0,202,72.05763457844122,,>64 px
MOZ,MZ03,2026-08-20,1,MFED,1.4835196e-05,0.0,0.0,0.0097,2404,0.035663813,0.00029154707,2.3594191863100607e-05,0.012855122797191143,0.0,0.0,0.05710353119310937,0.00043435659989975834,2420,866.1327676328635,0.5904199623045496,>64 px
MOZ,MZ03,2026-08-20,1,SFED,2.897617e-06,0.0,0.0,0.0021,2404,0.006965871,7.1173476e-05,5.301929270397141e-06,0.007600000128149986,0.0,0.0,0.012831924281724309,0.00015682137424610751,2420,866.1327676328635,0.8297550264224505,>64 px
MOZ,MZ0301,2026-08-20,2,MFED,0.0,0.0,0.0,0.0,9,0.0,0.0,0.0,0.0,0.0,0.0,0.0,0.0,7,3.242593556029855,,1-4 px
MOZ,MZ0301,2026-08-20,2,SFED,0.0,0.0,0.0,0.0,9,0.0,0.0,0.0,0.0,0.0,0.0,0.0,0.0,7,3.242593556029855,,1-4 px
MOZ,MZ0302,2026-08-20,2,MFED,0.0,0.0,0.0,0.0,484,0.0,0.0,0.0,0.0,0.0,0.0,0.0,0.0,480,174.37947567982775,,>64 px
MOZ,MZ0302,2026-08-20,2,SFED,0.0,0.0,0.0,0.0,484,0.0,0.0,0.0,0.0,0.0,0.0,0.0,0.0,480,174.37947567982775,,>64 px
MOZ,MZ0303,2026-08-20,2,MFED,0.0,0.0,0.0,0.0,134,0.0,0.0,0.0,0.0,0.0,0.0,0.0,0.0,138,48.27861516755562,,16-64 px
MOZ,MZ0303,2026-08-20,2,SFED,0.0,0.0,0.0,0.0,134,0.0,0.0,0.0,0.0,0.0,0.0,0.0,0.0,138,48.27861516755562,,16-64 px
MOZ,MZ0304,2026-08-20,2,MFED,0.0,0.0,0.0,0.0,66,0.0,0.0,0.0,0.0,0.0,0.0,0.0,0.0,68,23.779019410885603,,16-64 px
MOZ,MZ0304,2026-08-20,2,SFED,0.0,0.0,0.0,0.0,66,0.0,0.0,0.0,0.0,0.0,0.0,0.0,0.0,68,23.779019410885603,,16-64 px
MOZ,MZ0305,2026-08-20,2,MFED,0.00023195746,0.0,0.0,0.0097,94,0.021804001,0.0014039672,0.0002879788437601731,0.009700000286102295,0.0,0.0,0.02816855299300277,0.0015915961684868144,98,33.86708825186737,0.24151576655552742,16-64 px
MOZ,MZ0305,2026-08-20,2,SFED,0.0,0.0,0.0,0.0,94,0.0,0.0,0.0,0.0,0.0,0.0,0.0,0.0,98,33.86708825186737,,16-64 px
MOZ,MZ0306,2026-08-20,2,MFED,0.0,0.0,0.0,0.0,163,0.0,0.0,0.0,0.0,0.0,0.0,0.0,0.0,166,58.726972181429595,,16-64 px
MOZ,MZ0306,2026-08-20,2,SFED,0.0,0.0,0.0,0.0,163,0.0,0.0,0.0,0.0,0.0,0.0,0.0,0.0,166,58.726972181429595,,16-64 px
MOZ,MZ0307,2026-08-20,2,MFED,0.0,0.0,0.0,0.0,46,0.0,0.0,0.0,0.0,0.0,0.0,0.0,0.0,46,16.573255953041482,,16-64 px
MOZ,MZ0307,2026-08-20,2,SFED,0.0,0.0,0.0,0.0,46,0.0,0.0,0.0,0.0,0.0,0.0,0.0,0.0,46,16.573255953041482,,16-64 px
MOZ,MZ0308,2026-08-20,2,MFED,8.679245e-06,0.0,0.0,0.0018,530,0.0045999996,0.00011590558,1.1730913863121978e-05,0.003000000026077032,0.0,0.0,0.00629320947852418,0.00015533533072083802,536,190.95273163286925,0.35160533699901064,>64 px
MOZ,MZ0308,2026-08-20,2,SFED,1.1132075e-05,0.0,0.0,0.0021,530,0.0058999998,0.00014771416,2.1433979094707175e-05,0.007600000128149986,0.0,0.0,0.011498551773135435,0.000330594895343812,536,190.95273163286925,0.9254253222968023,>64 px
MOZ,MZ0309,2026-08-20,2,MFED,0.0,0.0,0.0,0.0,260,0.0,0.0,0.0,0.0,0.0,0.0,0.0,0.0,261,93.6749249519736,,>64 px
MOZ,MZ0309,2026-08-20,2,SFED,0.0,0.0,0.0,0.0,260,0.0,0.0,0.0,0.0,0.0,0.0,0.0,0.0,261,93.6749249519736,,>64 px
MOZ,MZ0310,2026-08-20,2,MFED,0.0,0.0,0.0,0.0,10,0.0,0.0,0.0,0.0,0.0,0.0,0.0,0.0,9,3.602881728922061,,1-4 px
MOZ,MZ0310,2026-08-20,2,SFED,0.0,0.0,0.0,0.0,10,0.0,0.0,0.0,0.0,0.0,0.0,0.0,0.0,9,3.602881728922061,,1-4 px
MOZ,MZ0311,2026-08-20,2,MFED,0.0,0.0,0.0,0.0,92,0.0,0.0,0.0,0.0,0.0,0.0,0.0,0.0,91,33.146511906082964,,16-64 px
MOZ,MZ0311,2026-08-20,2,SFED,0.0,0.0,0.0,0.0,92,0.0,0.0,0.0,0.0,0.0,0.0,0.0,0.0,91,33.146511906082964,,16-64 px
MOZ,MZ0312,2026-08-20,2,MFED,1.4285715e-05,0.0,0.0,0.001,238,0.0034,0.00010634155,1.4251921739999581e-05,0.009700000286102295,0.0,0.0,0.003462040132773659,0.00018524180840728162,243,85.74858514834506,0.0023655280817529534,>64 px
MOZ,MZ0312,2026-08-20,2,SFED,0.0,0.0,0.0,0.0,238,0.0,0.0,0.0,0.0,0.0,0.0,0.0,0.0,243,85.74858514834506,,>64 px
MOZ,MZ0313,2026-08-20,2,MFED,0.0,0.0,0.0,0.0,203,0.0,0.0,0.0,0.0,0.0,0.0,0.0,0.0,205,73.13849909711784,,>64 px
MOZ,MZ0313,2026-08-20,2,SFED,0.0,0.0,0.0,0.0,203,0.0,0.0,0.0,0.0,0.0,0.0,0.0,0.0,205,73.13849909711784,,>64 px
MOZ,MZ0314,2026-08-20,2,MFED,7.813084e-05,0.0,0.0,0.0010799136,75,0.005859813,0.00023572013,0.00026734954330793977,0.012855122797191143,0.0,0.0,0.01917972896887133,0.001564242987588209,72,27.02161296691546,2.4218183665750908,16-64 px
MOZ,MZ0314,2026-08-20,2,SFED,1.4211611e-05,0.0,0.0,0.00053293543,75,0.0010658709,8.585978e-05,1.85861088970109e-05,0.0005329354316927493,0.0,0.0,0.0013333725085888726,9.777398695248858e-05,72,27.02161296691546,0.3078115420560625,16-64 px
MOZ,MZ04,2026-08-20,1,MFED,0.0,0.0,0.0,0.0,2132,0.0,0.0,0.0,0.0,0.0,0.0,0.0,0.0,2140,768.1343846061834,,>64 px
MOZ,MZ04,2026-08-20,1,SFED,0.0,0.0,0.0,0.0,2132,0.0,0.0,0.0,0.0,0.0,0.0,0.0,0.0,2140,768.1343846061834,,>64 px
MOZ,MZ0401,2026-08-20,2,MFED,0.0,0.0,0.0,0.0,194,0.0,0.0,0.0,0.0,0.0,0.0,0.0,0.0,197,69.89590554108798,,>64 px
MOZ,MZ0401,2026-08-20,2,SFED,0.0,0.0,0.0,0.0,194,0.0,0.0,0.0,0.0,0.0,0.0,0.0,0.0,197,69.89590554108798,,>64 px
MOZ,MZ0402,2026-08-20,2,MFED,0.0,0.0,0.0,0.0,6,0.0,0.0,0.0,0.0,0.0,0.0,0.0,0.0,6,2.1617290373532367,,1-4 px
MOZ,MZ0402,2026-08-20,2,SFED,0.0,0.0,0.0,0.0,6,0.0,0.0,0.0,0.0,0.0,0.0,0.0,0.0,6,2.1617290373532367,,1-4 px
MOZ,MZ0403,2026-08-20,2,MFED,0.0,0.0,0.0,0.0,92,0.0,0.0,0.0,0.0,0.0,0.0,0.0,0.0,92,33.146511906082964,,16-64 px
MOZ,MZ0403,2026-08-20,2,SFED,0.0,0.0,0.0,0.0,92,0.0,0.0,0.0,0.0,0.0,0.0,0.0,0.0,92,33.146511906082964,,16-64 px
MOZ,MZ0404,2026-08-20,2,MFED,0.0,0.0,0.0,0.0,232,0.0,0.0,0.0,0.0,0.0,0.0,0.0,0.0,235,83.58685611099182,,>64 px
MOZ,MZ0404,2026-08-20,2,SFED,0.0,0.0,0.0,0.0,232,0.0,0.0,0.0,0.0,0.0,0.0,0.0,0.0,235,83.58685611099182,,>64 px
MOZ,MZ0405,2026-08-20,2,MFED,0.0,0.0,0.0,0.0,61,0.0,0.0,0.0,0.0,0.0,0.0,0.0,0.0,61,21.977578546424574,,16-64 px
MOZ,MZ0405,2026-08-20,2,SFED,0.0,0.0,0.0,0.0,61,0.0,0.0,0.0,0.0,0.0,0.0,0.0,0.0,61,21.977578546424574,,16-64 px
MOZ,MZ0406,2026-08-20,2,MFED,0.0,0.0,0.0,0.0,463,0.0,0.0,0.0,0.0,0.0,0.0,0.0,0.0,462,166.81342404909142,,>64 px
MOZ,MZ0406,2026-08-20,2,SFED,0.0,0.0,0.0,0.0,463,0.0,0.0,0.0,0.0,0.0,0.0,0.0,0.0,462,166.81342404909142,,>64 px
MOZ,MZ0407,2026-08-20,2,MFED,0.0,0.0,0.0,0.0,328,0.0,0.0,0.0,0.0,0.0,0.0,0.0,0.0,326,118.1745207086436,,>64 px
MOZ,MZ0407,2026-08-20,2,SFED,0.0,0.0,0.0,0.0,328,0.0,0.0,0.0,0.0,0.0,0.0,0.0,0.0,326,118.1745207086436,,>64 px
MOZ,MZ0408,2026-08-20,2,MFED,0.0,0.0,0.0,0.0,87,0.0,0.0,0.0,0.0,0.0,0.0,0.0,0.0,87,31.34507104162193,,16-64 px
MOZ,MZ0408,2026-08-20,2,SFED,0.0,0.0,0.0,0.0,87,0.0,0.0,0.0,0.0,0.0,0.0,0.0,0.0,87,31.34507104162193,,16-64 px
MOZ,MZ0409,2026-08-20,2,MFED,0.0,0.0,0.0,0.0,172,0.0,0.0,0.0,0.0,0.0,0.0,0.0,0.0,174,61.969565737459455,,16-64 px
MOZ,MZ0409,2026-08-20,2,SFED,0.0,0.0,0.0,0.0,172,0.0,0.0,0.0,0.0,0.0,0.0,0.0,0.0,174,61.969565737459455,,16-64 px
MOZ,MZ0410,2026-08-20,2,MFED,0.0,0.0,0.0,0.0,242,0.0,0.0,0.0,0.0,0.0,0.0,0.0,0.0,245,87.18973783991387,,>64 px
MOZ,MZ0410,2026-08-20,2,SFED,0.0,0.0,0.0,0.0,242,0.0,0.0,0.0,0.0,0.0,0.0,0.0,0.0,245,87.18973783991387,,>64 px
MOZ,MZ0411,2026-08-20,2,MFED,0.0,0.0,0.0,0.0,146,0.0,0.0,0.0,0.0,0.0,0.0,0.0,0.0,145,52.602073242262094,,16-64 px
MOZ,MZ0411,2026-08-20,2,SFED,0.0,0.0,0.0,0.0,146,0.0,0.0,0.0,0.0,0.0,0.0,0.0,0.0,145,52.602073242262094,,16-64 px
MOZ,MZ0412,2026-08-20,2,MFED,0.0,0.0,0.0,0.0,109,0.0,0.0,0.0,0.0,0.0,0.0,0.0,0.0,108,39.271410845250465,,16-64 px
MOZ,MZ0412,2026-08-20,2,SFED,0.0,0.0,0.0,0.0,109,0.0,0.0,0.0,0.0,0.0,0.0,0.0,0.0,108,39.271410845250465,,16-64 px
MOZ,MZ05,2026-08-20,1,MFED,0.0023638008,0.0,0.0,0.16889343,825,1.9501357,0.016736872,0.0025265236809023676,0.16889342665672302,0.0,0.0,2.1125791976602404,0.01714063783231848,836,297.23774263607004,0.06883950665486181,>64 px
MOZ,MZ05,2026-08-20,1,SFED,0.001083929,0.0,0.0,0.15896358,825,0.89424145,0.009642107,0.0011336596711853343,0.15896357595920563,0.0,0.0,0.9479213896452028,0.010455392096803616,836,297.23774263607004,0.04588000799437446,>64 px
MOZ,MZ0501,2026-08-20,2,MFED,0.0,0.0,0.0,0.0,28,0.0,0.0,0.0,0.0,0.0,0.0,0.0,0.0,29,10.088068840981771,,4-16 px
MOZ,MZ0501,2026-08-20,2,SFED,0.0,0.0,0.0,0.0,28,0.0,0.0,0.0,0.0,0.0,0.0,0.0,0.0,29,10.088068840981771,,4-16 px
MOZ,MZ0502,2026-08-20,2,MFED,0.0,0.0,0.0,0.0,14,0.0,0.0,0.0,0.0,0.0,0.0,0.0,0.0,13,5.044034420490886,,4-16 px
MOZ,MZ0502,2026-08-20,2,SFED,0.0,0.0,0.0,0.0,14,0.0,0.0,0.0,0.0,0.0,0.0,0.0,0.0,13,5.044034420490886,,4-16 px
MOZ,MZ0503,2026-08-20,2,MFED,8.403732e-06,0.0,0.0,0.00050643174,245,0.0020589144,5.46403e-05,7.02165274451075e-06,0.0005064317374490201,0.0,0.0,0.0017454277304780879,4.619890325966097e-05,249,88.2706023585905,0.1644601773937163,>64 px
MOZ,MZ0503,2026-08-20,2,SFED,9.362778e-06,0.0,0.0,0.00050643174,245,0.0022938803,5.4235985e-05,5.394665255786648e-06,0.0005064317374490201,0.0,0.0,0.001340994588696762,3.846028894934598e-05,249,88.2706023585905,0.42381788227952766,>64 px
MOZ,MZ0504,2026-08-20,2,MFED,0.022904094,0.0,0.0,0.16889343,85,1.9468479,0.04741792,0.024350997602964004,0.16889342665672302,0.0,0.0,2.065634243172626,0.04815400323145861,85,30.62449469583752,0.06317226968087035,16-64 px
MOZ,MZ0504,2026-08-20,2,SFED,0.010479044,0.0,0.0,0.15896358,85,0.8907187,0.02835377,0.01096632154624567,0.15896357595920563,0.0,0.0,0.9302456382653325,0.031044564805127135,85,30.62449469583752,0.04650019088054881,16-64 px
MOZ,MZ0505,2026-08-20,2,MFED,0.0,0.0,0.0,0.0,26,0.0,0.0,0.001758631017487208,0.10709987580776215,0.0,0.0,0.044085350521875837,0.012513178728963981,25,9.367492495197359,,4-16 px
MOZ,MZ0505,2026-08-20,2,SFED,0.0,0.0,0.0,0.0,26,0.0,0.0,0.0006072102698343252,0.0389089472591877,0.0,0.0,0.015221542961511965,0.004530032348969333,25,9.367492495197359,,4-16 px
MOZ,MZ0506,2026-08-20,2,MFED,0.0,0.0,0.0,0.0,186,0.0,0.0,0.0,0.0,0.0,0.0,0.0,0.0,193,67.01360015795034,,>64 px
MOZ,MZ0506,2026-08-20,2,SFED,0.0,0.0,0.0,0.0,186,0.0,0.0,0.0,0.0,0.0,0.0,0.0,0.0,193,67.01360015795034,,>64 px
MOZ,MZ0507,2026-08-20,2,MFED,7.4474115e-06,0.0,0.0,0.00050643174,165,0.0012288229,5.6521054e-05,6.782138334112264e-06,0.0005064317374490201,0.0,0.0,0.0011141754773955964,5.4591227615126765e-05,164,59.44754852721401,0.08932944901563927,16-64 px
MOZ,MZ0507,2026-08-20,2,SFED,7.4474115e-06,0.0,0.0,0.00050643174,165,0.0012288229,5.6521054e-05,6.776283567476898e-06,0.0005064317374490201,0.0,0.0,0.0011132136513328354,5.4569942023557256e-05,164,59.44754852721401,0.09011559687860697,16-64 px
MOZ,MZ0508,2026-08-20,2,MFED,0.0,0.0,0.0,0.0,76,0.0,0.0,0.0,0.0,0.0,0.0,0.0,0.0,78,27.381901139807663,,16-64 px
MOZ,MZ0508,2026-08-20,2,SFED,0.0,0.0,0.0,0.0,76,0.0,0.0,0.0,0.0,0.0,0.0,0.0,0.0,78,27.381901139807663,,16-64 px
MOZ,MZ06,2026-08-20,1,MFED,0.0,0.0,0.0,0.0,11,0.0,0.0,0.0,0.0,0.0,0.0,0.0,0.0,13,3.9631699018142674,,1-4 px
MOZ,MZ06,2026-08-20,1,SFED,0.0,0.0,0.0,0.0,11,0.0,0.0,0.0,0.0,0.0,0.0,0.0,0.0,13,3.9631699018142674,,1-4 px
MOZ,MZ0601,2026-08-20,2,MFED,0.0,0.0,0.0,0.0,11,0.0,0.0,0.0,0.0,0.0,0.0,0.0,0.0,13,3.9631699018142674,,1-4 px
MOZ,MZ0601,2026-08-20,2,SFED,0.0,0.0,0.0,0.0,11,0.0,0.0,0.0,0.0,0.0,0.0,0.0,0.0,13,3.9631699018142674,,1-4 px
MOZ,MZ07,2026-08-20,1,MFED,0.00048540282,0.0,0.0,0.0867,2616,1.2698138,0.0047810646,0.00044612867763407473,0.08669999986886978,0.0,0.0,1.1721419771591204,0.0046182207751342165,2627,942.5138602860112,0.08091041244038355,>64 px
MOZ,MZ07,2026-08-20,1,SFED,0.0,0.0,0.0,0.0,2616,0.0,0.0,0.0,0.0,0.0,0.0,0.0,0.0,2627,942.5138602860112,,>64 px
MOZ,MZ0701,2026-08-20,2,MFED,0.00089811394,0.0,0.0,0.0867,106,0.09520008,0.0083783865,0.001426182257682566,0.08669999986886978,0.0,0.0,0.14545279994231003,0.010593787013392749,102,38.190546326573845,0.5879747481511823,16-64 px
MOZ,MZ0701,2026-08-20,2,SFED,0.0,0.0,0.0,0.0,106,0.0,0.0,0.0,0.0,0.0,0.0,0.0,0.0,102,38.190546326573845,,16-64 px
MOZ,MZ0702,2026-08-20,2,MFED,0.0,0.0,0.0,0.0,11,0.0,0.0,0.0,0.0,0.0,0.0,0.0,0.0,11,3.9631699018142674,,1-4 px
MOZ,MZ0702,2026-08-20,2,SFED,0.0,0.0,0.0,0.0,11,0.0,0.0,0.0,0.0,0.0,0.0,0.0,0.0,11,3.9631699018142674,,1-4 px
MOZ,MZ0703,2026-08-20,2,MFED,2.1395266e-05,0.0,0.0,0.0023516836,186,0.0039795195,0.0001812106,2.1137585192786265e-05,0.0023516835644841194,0.0,0.0,0.004031139961725495,0.00018667967881778985,191,67.01360015795034,0.012043823489445429,>64 px
MOZ,MZ0703,2026-08-20,2,SFED,0.0,0.0,0.0,0.0,186,0.0,0.0,0.0,0.0,0.0,0.0,0.0,0.0,191,67.01360015795034,,>64 px
MOZ,MZ0704,2026-08-20,2,MFED,0.0,0.0,0.0,0.0,7,0.0,0.0,2.051678866210821e-06,0.00011574074596865103,0.0,0.0,1.2500037059046775e-05,1.5272637502844766e-05,6,2.522017210245443,,1-4 px
MOZ,MZ0704,2026-08-20,2,SFED,0.0,0.0,0.0,0.0,7,0.0,0.0,0.0,0.0,0.0,0.0,0.0,0.0,6,2.522017210245443,,1-4 px
MOZ,MZ0705,2026-08-20,2,MFED,5.2291502e-06,0.0,0.0,0.00020006,153,0.00080006,2.7515933e-05,2.864096391249512e-06,0.00020006000704597682,0.0,0.0,0.0004351476995387848,1.9540298389938862e-05,152,55.12409045250754,0.4522826306940825,16-64 px
MOZ,MZ0705,2026-08-20,2,SFED,0.0,0.0,0.0,0.0,153,0.0,0.0,0.0,0.0,0.0,0.0,0.0,0.0,152,55.12409045250754,,16-64 px
MOZ,MZ0706,2026-08-20,2,MFED,0.0,0.0,0.0,0.0,60,0.0,0.0,0.0,0.0,0.0,0.0,0.0,0.0,62,21.617290373532366,,16-64 px
MOZ,MZ0706,2026-08-20,2,SFED,0.0,0.0,0.0,0.0,60,0.0,0.0,0.0,0.0,0.0,0.0,0.0,0.0,62,21.617290373532366,,16-64 px
MOZ,MZ0707,2026-08-20,2,MFED,7.638889e-05,0.0,0.0,0.0015,72,0.0055,0.00026588066,9.159875675155043e-05,0.007199999876320362,0.0,0.0,0.0065516053544383765,0.0003317631622268032,72,25.94074844823884,0.19911098003322786,16-64 px
MOZ,MZ0707,2026-08-20,2,SFED,0.0,0.0,0.0,0.0,72,0.0,0.0,0.0,0.0,0.0,0.0,0.0,0.0,72,25.94074844823884,,16-64 px
MOZ,MZ0708,2026-08-20,2,MFED,4.951485e-07,0.0,0.0,0.00010002,202,0.00010002,7.0199417e-06,5.175727217811805e-07,0.0001000199990812689,0.0,0.0,0.00010520685759252072,7.176253719102367e-06,203,72.77821092422563,0.04528787178226442,>64 px
MOZ,MZ0708,2026-08-20,2,SFED,0.0,0.0,0.0,0.0,202,0.0,0.0,0.0,0.0,0.0,0.0,0.0,0.0,203,72.77821092422563,,>64 px
MOZ,MZ0709,2026-08-20,2,MFED,6.7479676e-05,0.0,0.0,0.001,123,0.0083,0.00021280014,4.880011370965485e-05,0.0010000000474974513,0.0,0.0,0.006039571462784597,0.00017211320438376967,124,44.31544526574135,0.27681760490884916,16-64 px
MOZ,MZ0709,2026-08-20,2,SFED,0.0,0.0,0.0,0.0,123,0.0,0.0,0.0,0.0,0.0,0.0,0.0,0.0,124,44.31544526574135,,16-64 px
MOZ,MZ0710,2026-08-20,2,MFED,0.0020457923,0.0,0.0,0.0622,241,0.49303594,0.010023278,0.0018276713539620267,0.062199998646974564,0.0,0.0,0.44064050520957565,0.009190812795029516,241,86.82944966702168,0.10661930149897096,>64 px
MOZ,MZ0710,2026-08-20,2,SFED,0.0,0.0,0.0,0.0,241,0.0,0.0,0.0,0.0,0.0,0.0,0.0,0.0,241,86.82944966702168,,>64 px
MOZ,MZ0711,2026-08-20,2,MFED,0.0,0.0,0.0,0.0,150,0.0,0.0,0.0,0.0,0.0,0.0,0.0,0.0,149,54.04322593383092,,16-64 px
MOZ,MZ0711,2026-08-20,2,SFED,0.0,0.0,0.0,0.0,150,0.0,0.0,0.0,0.0,0.0,0.0,0.0,0.0,149,54.04322593383092,,16-64 px
MOZ,MZ0712,2026-08-20,2,MFED,6.4102564e-06,0.0,0.0,0.0002,78,0.00049999997,3.3357977e-05,7.374240700930887e-06,0.00019999999494757503,0.0,0.0,0.00056698350252223,3.553681490639097e-05,77,28.102477485592075,0.1503815511858289,16-64 px
MOZ,MZ0712,2026-08-20,2,SFED,0.0,0.0,0.0,0.0,78,0.0,0.0,0.0,0.0,0.0,0.0,0.0,0.0,77,28.102477485592075,,16-64 px
MOZ,MZ0713,2026-08-20,2,MFED,0.0008624209,0.0,0.0,0.0867,157,0.13540009,0.0072040893,0.0012777649260659156,0.08669999986886978,0.0,0.0,0.20302874175634195,0.00827978063732931,159,56.56524314407636,0.48160245892222187,16-64 px
MOZ,MZ0713,2026-08-20,2,SFED,0.0,0.0,0.0,0.0,157,0.0,0.0,0.0,0.0,0.0,0.0,0.0,0.0,159,56.56524314407636,,16-64 px
MOZ,MZ0714,2026-08-20,2,MFED,0.00020203828,0.0,0.0,0.009138911,131,0.026467016,0.0011455482,0.00020103943187647636,0.00913891103118658,0.0,0.0,0.026596126537825292,0.0010772544699842125,132,47.197750648879,0.0049438558055613716,16-64 px
MOZ,MZ0714,2026-08-20,2,SFED,0.0,0.0,0.0,0.0,131,0.0,0.0,0.0,0.0,0.0,0.0,0.0,0.0,132,47.197750648879,,16-64 px
MOZ,MZ0715,2026-08-20,2,MFED,0.0012856596,0.0,0.0,0.0197,117,0.15042217,0.0042848983,0.001083651003308859,0.04490000009536743,0.0,0.0,0.12791257457818628,0.004403064916993408,118,42.15371622838811,0.157124480454345,16-64 px
MOZ,MZ0715,2026-08-20,2,SFED,0.0,0.0,0.0,0.0,117,0.0,0.0,0.0,0.0,0.0,0.0,0.0,0.0,118,42.15371622838811,,16-64 px
MOZ,MZ0716,2026-08-20,2,MFED,0.0015939263,0.0,0.0,0.0449,114,0.1817076,0.008258497,0.0009775271893738445,0.04490000009536743,0.0,0.0,0.11110989712622006,0.006444809170104678,114,41.0728517097115,0.3867174477428194,16-64 px
MOZ,MZ0716,2026-08-20,2,SFED,0.0,0.0,0.0,0.0,114,0.0,0.0,0.0,0.0,0.0,0.0,0.0,0.0,114,41.0728517097115,,16-64 px
MOZ,MZ0717,2026-08-20,2,MFED,0.0,0.0,0.0,0.0,138,0.0,0.0,0.0,0.0,0.0,0.0,0.0,0.0,138,49.719767859124445,,16-64 px
MOZ,MZ0717,2026-08-20,2,SFED,0.0,0.0,0.0,0.0,138,0.0,0.0,0.0,0.0,0.0,0.0,0.0,0.0,138,49.719767859124445,,16-64 px
MOZ,MZ0718,2026-08-20,2,MFED,1.4142626e-05,0.0,0.0,0.00020002,99,0.00140012,5.1271374e-05,1.5590347760331692e-05,0.0007004202343523502,0.0,0.0,0.0016240213544770937,6.357405557699292e-05,104,35.66852911632841,0.10236583788128824,16-64 px
MOZ,MZ0718,2026-08-20,2,SFED,0.0,0.0,0.0,0.0,99,0.0,0.0,0.0,0.0,0.0,0.0,0.0,0.0,104,35.66852911632841,,16-64 px
MOZ,MZ0719,2026-08-20,2,MFED,0.0,0.0,0.0,0.0,11,0.0,0.0,0.0,0.0,0.0,0.0,0.0,0.0,11,3.9631699018142674,,1-4 px
MOZ,MZ0719,2026-08-20,2,SFED,0.0,0.0,0.0,0.0,11,0.0,0.0,0.0,0.0,0.0,0.0,0.0,0.0,11,3.9631699018142674,,1-4 px
MOZ,MZ0720,2026-08-20,2,MFED,0.0,0.0,0.0,0.0,39,0.0,0.0,0.0,0.0,0.0,0.0,0.0,0.0,38,14.051238742796038,,4-16 px
MOZ,MZ0720,2026-08-20,2,SFED,0.0,0.0,0.0,0.0,39,0.0,0.0,0.0,0.0,0.0,0.0,0.0,0.0,38,14.051238742796038,,4-16 px
MOZ,MZ0721,2026-08-20,2,MFED,0.0,0.0,0.0,0.0,91,0.0,0.0,0.0,0.0,0.0,0.0,0.0,0.0,91,32.78622373319076,,16-64 px
MOZ,MZ0721,2026-08-20,2,SFED,0.0,0.0,0.0,0.0,91,0.0,0.0,0.0,0.0,0.0,0.0,0.0,0.0,91,32.78622373319076,,16-64 px
MOZ,MZ0722,2026-08-20,2,MFED,0.0,0.0,0.0,0.0,123,0.0,0.0,0.0,0.0,0.0,0.0,0.0,0.0,123,44.31544526574135,,16-64 px
MOZ,MZ0722,2026-08-20,2,SFED,0.0,0.0,0.0,0.0,123,0.0,0.0,0.0,0.0,0.0,0.0,0.0,0.0,123,44.31544526574135,,16-64 px
MOZ,MZ0723,2026-08-20,2,MFED,0.00081068545,0.0,0.0,0.0622,206,0.1670012,0.006485547,0.000466766429328773,0.062199998646974564,0.0,0.0,0.09803515797633977,0.00492846683404393,210,74.21936361579446,0.4242323834370372,>64 px
MOZ,MZ0723,2026-08-20,2,SFED,0.0,0.0,0.0,0.0,206,0.0,0.0,0.0,0.0,0.0,0.0,0.0,0.0,210,74.21936361579446,,>64 px
MOZ,MZ08,2026-08-20,1,MFED,0.0013163881,0.0,0.0,0.379622,4301,5.661785,0.015330253,0.0014486329888885583,1.000000238418579,0.0,0.0,6.250152682221631,0.020274405720653848,4315,1549.5994316093786,0.10046041048879002,>64 px
MOZ,MZ08,2026-08-20,1,SFED,0.0007280556,0.0,0.0,0.40201315,4301,3.131367,0.014262315,0.0008777473547509422,1.000000238418579,0.0,0.0,3.787056504780162,0.019333236549937276,4315,1549.5994316093786,0.20560483945311617,>64 px
MOZ,MZ0801,2026-08-20,2,MFED,0.00048558076,0.0,0.0,0.078431375,178,0.08643337,0.0058635497,0.0004192344771744574,0.0784313753247261,0.0,0.0,0.07581336451206308,0.005456276862854365,181,64.13129477481269,0.13663284934424216,>64 px
MOZ,MZ0801,2026-08-20,2,SFED,6.6887675e-05,0.0,0.0,0.007102841,178,0.011906006,0.0005461792,5.9257294310795677e-05,0.007102841045707464,0.0,0.0,0.010715947991351574,0.0005095748851135467,181,64.13129477481269,0.11407752906950827,>64 px
MOZ,MZ0802,2026-08-20,2,MFED,0.00021459542,0.0003,0.0,0.00030108393,7,0.0015021679,0.0001357228,0.00018363741760394066,0.0003010839282069355,0.0,0.0003000000142492354,0.0015713039765195222,0.00013497972893733294,9,2.522017210245443,0.14426217668606034,1-4 px
MOZ,MZ0802,2026-08-20,2,SFED,0.0,0.0,0.0,0.0,7,0.0,0.0,0.0,0.0,0.0,0.0,0.0,0.0,9,2.522017210245443,,1-4 px
MOZ,MZ0803,2026-08-20,2,MFED,0.0,0.0,0.0,0.0,179,0.0,0.0,0.0,0.0,0.0,0.0,0.0,0.0,179,64.4915829477049,,>64 px
MOZ,MZ0803,2026-08-20,2,SFED,0.0,0.0,0.0,0.0,179,0.0,0.0,0.0,0.0,0.0,0.0,0.0,0.0,179,64.4915829477049,,>64 px
MOZ,MZ0804,2026-08-20,2,MFED,0.0,0.0,0.0,0.0,1,0.0,0.0,0.00015149663157098533,0.002364066895097494,0.0,0.0,0.00014768512654667924,0.0005789619521509108,1,0.3602881728922061,,<1 px
MOZ,MZ0804,2026-08-20,2,SFED,0.0,0.0,0.0,0.0,1,0.0,0.0,0.0,0.0,0.0,0.0,0.0,0.0,1,0.3602881728922061,,<1 px
MOZ,MZ0805,2026-08-20,2,MFED,,,,,0,0.0,,0.0,0.0,0.0,0.0,0.0,0.0,0,0.0,,
MOZ,MZ0805,2026-08-20,2,SFED,,,,,0,0.0,,0.0,0.0,0.0,0.0,0.0,0.0,0,0.0,,
MOZ,MZ0806,2026-08-20,2,MFED,0.0027558724,0.0,0.0,0.1654,220,0.60629195,0.016717985,0.002999103447787597,0.16539999842643738,0.0,0.0,0.6534892207929381,0.019152025598555195,218,79.26339803628535,0.08825918347583755,>64 px
MOZ,MZ0806,2026-08-20,2,SFED,1.8181818e-06,0.0,0.0,0.0001,220,0.0004,1.3360853e-05,1.2729637709849803e-06,9.999999747378752e-05,0.0,0.0,0.00027737226050414306,1.121052795904283e-05,218,79.26339803628535,0.29986991895696,>64 px
MOZ,MZ0807,2026-08-20,2,MFED,8.778682e-05,0.0,0.0,0.007994778,236,0.02071769,0.00076244434,6.000243648783265e-05,0.007994778454303741,0.0,0.0,0.013836946046495406,0.000567836734132376,231,85.02800880256065,0.3164983480682789,>64 px
MOZ,MZ0807,2026-08-20,2,SFED,0.0,0.0,0.0,0.0,236,0.0,0.0,0.0,0.0,0.0,0.0,0.0,0.0,231,85.02800880256065,,>64 px
MOZ,MZ0808,2026-08-20,2,MFED,0.000644801,0.0,0.0,0.078431375,375,0.24180038,0.0069863605,0.00042274983528417683,0.0784313753247261,0.0,0.0,0.15938668940671805,0.005544661030212652,377,135.1080648345773,0.3443716196405141,>64 px
MOZ,MZ0808,2026-08-20,2,SFED,7.176877e-05,0.0,0.0,0.007102841,375,0.026913289,0.00064421294,6.033836053081179e-05,0.007102841045707464,0.0,0.0,0.022748989417749478,0.0005257870452233108,377,135.1080648345773,0.15926717803841703,>64 px
MOZ,MZ0809,2026-08-20,2,MFED,0.0020786512,0.0,0.0,0.092509255,159,0.33050555,0.012600621,0.0018188926866443563,0.09250925481319427,0.0,0.0,0.28513708810463834,0.011730613159894416,157,57.28581948986077,0.1249649356061487,16-64 px
MOZ,MZ0809,2026-08-20,2,SFED,3.3750339e-06,0.0,0.0,0.0003,159,0.0005366304,2.703199e-05,5.309305103932576e-06,0.00037378520937636495,0.0,0.0,0.0008323084744418648,3.74496658540771e-05,157,57.28581948986077,0.5731116371698003,16-64 px
MOZ,MZ0810,2026-08-20,2,MFED,0.0008481739,0.0,0.0,0.082,575,0.48770002,0.0073964973,0.0010147837121403263,0.0820000022649765,0.0,0.0,0.5904286060176598,0.008308909990713934,582,207.1656994130185,0.19643355229431878,>64 px
MOZ,MZ0810,2026-08-20,2,SFED,0.0,0.0,0.0,0.0,575,0.0,0.0,0.0,0.0,0.0,0.0,0.0,0.0,582,207.1656994130185,,>64 px
MOZ,MZ0811,2026-08-20,2,MFED,0.0011699249,0.0,0.0,0.0816,266,0.31120002,0.0089772735,0.0005580985685686112,0.08160000294446945,0.0,0.0,0.15022240054477307,0.005471163694223292,269,95.83665398932682,0.5229620563092459,>64 px
MOZ,MZ0811,2026-08-20,2,SFED,0.0,0.0,0.0,0.0,266,0.0,0.0,0.0,0.0,0.0,0.0,0.0,0.0,269,95.83665398932682,,>64 px
MOZ,MZ0812,2026-08-20,2,MFED,6.7946803e-07,0.0,0.0,0.00010225994,301,0.00020451988,8.3078685e-06,7.491129963000886e-07,0.00010225993901258335,0.0,0.0,0.00022889657672065794,8.72026828910412e-06,306,108.44674004055403,0.10249925415929964,>64 px
MOZ,MZ0812,2026-08-20,2,SFED,0.0,0.0,0.0,0.0,301,0.0,0.0,0.0,0.0,0.0,0.0,0.0,0.0,306,108.44674004055403,,>64 px
MOZ,MZ0813,2026-08-20,2,MFED,0.014589288,0.0,0.0,0.379622,169,2.4655898,0.06614279,0.019649048927888137,1.000000238418579,0.0,0.0,3.3096374878947543,0.09369675935392079,168,60.888701218782835,0.346813424197818,16-64 px
MOZ,MZ0813,2026-08-20,2,SFED,0.015465747,0.0,0.0,0.40201315,169,2.613711,0.06946832,0.020286680734656056,1.000000238418579,0.0,0.0,3.417038621603468,0.095367947097149,168,60.888701218782835,0.311716836868989,16-64 px
MOZ,MZ0814,2026-08-20,2,MFED,0.0,0.0,0.0,0.0,600,0.0,0.0,0.0,0.0,0.0,0.0,0.0,0.0,598,216.17290373532367,,>64 px
MOZ,MZ0814,2026-08-20,2,SFED,0.0,0.0,0.0,0.0,600,0.0,0.0,0.0,0.0,0.0,0.0,0.0,0.0,598,216.17290373532367,,>64 px
MOZ,MZ0815,2026-08-20,2,MFED,0.0,0.0,0.0,0.0,160,0.0,0.0,0.0,0.0,0.0,0.0,0.0,0.0,163,57.646107662752975,,16-64 px
MOZ,MZ0815,2026-08-20,2,SFED,0.0,0.0,0.0,0.0,160,0.0,0.0,0.0,0.0,0.0,0.0,0.0,0.0,163,57.646107662752975,,16-64 px
MOZ,MZ0816,2026-08-20,2,MFED,1.8556908e-05,0.0,0.0,0.0026,194,0.00360004,0.00018931796,2.5447578134950045e-05,0.003000000026077032,0.0,0.0,0.004917447299562003,0.00024414257804290454,193,69.89590554108798,0.3713264157450177,>64 px
MOZ,MZ0816,2026-08-20,2,SFED,1.185567e-05,0.0,0.0,0.0009,194,0.0023,9.5321804e-05,1.2697328419761778e-05,0.0008999999845400453,0.0,0.0,0.0024536104386159887,9.870188235860976e-05,193,69.89590554108798,0.07099205863201129,>64 px
MOZ,MZ0817,2026-08-20,2,MFED,0.0030041006,0.0,0.0,0.092509255,102,0.30641827,0.013897044,0.004240060659433246,0.09250925481319427,0.0,0.0,0.4260776406337803,0.01691495494205693,100,36.74939363500502,0.41142432428303033,16-64 px
MOZ,MZ0817,2026-08-20,2,SFED,1.9607842e-06,0.0,0.0,0.0001,102,0.0002,1.3864838e-05,1.6427889550432385e-06,0.007102841045707464,0.0,0.0,0.0001650815161020873,5.459022033375476e-05,100,36.74939363500502,0.16217758433424814,16-64 px
MOZ,MZ0818,2026-08-20,2,MFED,0.0,0.0,0.0,0.0,166,0.0,0.0,0.0,0.0,0.0,0.0,0.0,0.0,167,59.807836700106215,,16-64 px
MOZ,MZ0818,2026-08-20,2,SFED,0.0,0.0,0.0,0.0,166,0.0,0.0,0.0,0.0,0.0,0.0,0.0,0.0,167,59.807836700106215,,16-64 px
MOZ,MZ0819,2026-08-20,2,MFED,0.0019366142,0.0,0.0,0.1019,413,0.7998217,0.011353458,0.0013951656427620464,0.10189999639987946,0.0,0.0,0.5792578985464765,0.009487813583572962,415,148.79901540448114,0.2795851425843896,>64 px
MOZ,MZ0819,2026-08-20,2,SFED,0.0011510896,0.0,0.0,0.0585,413,0.4754,0.007029855,0.000801621196483641,0.05849999934434891,0.0,0.0,0.33282457327873205,0.00586645647031429,415,148.79901540448114,0.3035979158497819,>64 px
MOZ,MZ09,2026-08-20,1,MFED,0.00024250899,0.0,0.0,0.11929217,2315,0.56140834,0.0049919854,0.00019068869274505048,0.11929216980934143,0.0,0.0,0.44360654813613926,0.004183344591318999,2326,834.0671202454572,0.21368402571364273,>64 px
MOZ,MZ09,2026-08-20,1,SFED,1.5323357e-06,0.0,0.0,0.0035473572,2315,0.0035473572,7.371156e-05,3.0608275098985848e-06,0.0035473571624606848,0.0,0.0,0.007120522494333838,0.00010415603547202732,2326,834.0671202454572,0.9974914830337664,>64 px
MOZ,MZ0901,2026-08-20,2,MFED,0.0,0.0,0.0,0.0,248,0.0,0.0,0.0,0.0,0.0,0.0,0.0,0.0,250,89.35146687726711,,>64 px
MOZ,MZ0901,2026-08-20,2,SFED,0.0,0.0,0.0,0.0,248,0.0,0.0,0.0,0.0,0.0,0.0,0.0,0.0,250,89.35146687726711,,>64 px
MOZ,MZ0902,2026-08-20,2,MFED,5.7643e-05,0.0,0.0,0.0027743527,119,0.0068595167,0.00034160487,5.943533904928634e-05,0.0027743526734411716,0.0,0.0,0.00726018559618273,0.00033831132191668395,122,42.87429257417253,0.031093785009217886,16-64 px
MOZ,MZ0902,2026-08-20,2,SFED,0.0,0.0,0.0,0.0,119,0.0,0.0,0.0,0.0,0.0,0.0,0.0,0.0,122,42.87429257417253,,16-64 px
MOZ,MZ0903,2026-08-20,2,MFED,9.2204755e-05,0.0,0.0,0.006385243,132,0.012171027,0.0006460801,0.00012933465263227176,0.006385243032127619,0.0,0.0,0.01748021312863447,0.0008253426468157939,135,47.558038821771206,0.4026896186890985,16-64 px
MOZ,MZ0903,2026-08-20,2,SFED,2.6873919e-05,0.0,0.0,0.0035473572,132,0.0035473572,0.00030758604,5.2684157600822454e-05,0.0035473571624606848,0.0,0.0,0.007120522494333838,0.00042908496052807156,135,47.558038821771206,0.9604196023967496,16-64 px
MOZ,MZ0904,2026-08-20,2,MFED,8.5365855e-06,0.0,0.0,0.0009,246,0.0021,6.221106e-05,6.295415811955266e-05,0.020099999383091927,0.0,0.0,0.0153066877386474,0.0009684206316392583,243,88.6308905314827,6.374629835260557,>64 px
MOZ,MZ0904,2026-08-20,2,SFED,0.0,0.0,0.0,0.0,246,0.0,0.0,0.0,0.0,0.0,0.0,0.0,0.0,243,88.6308905314827,,>64 px
MOZ,MZ0905,2026-08-20,2,MFED,0.0,0.0,0.0,0.0,238,0.0,0.0,0.0,0.0,0.0,0.0,0.0,0.0,242,85.74858514834506,,>64 px
MOZ,MZ0905,2026-08-20,2,SFED,0.0,0.0,0.0,0.0,238,0.0,0.0,0.0,0.0,0.0,0.0,0.0,0.0,242,85.74858514834506,,>64 px
MOZ,MZ0906,2026-08-20,2,MFED,0.0,0.0,0.0,0.0,25,0.0,0.0,0.0,0.0,0.0,0.0,0.0,0.0,22,9.007204322305153,,4-16 px
MOZ,MZ0906,2026-08-20,2,SFED,0.0,0.0,0.0,0.0,25,0.0,0.0,0.0,0.0,0.0,0.0,0.0,0.0,22,9.007204322305153,,4-16 px
MOZ,MZ0907,2026-08-20,2,MFED,0.0,0.0,0.0,0.0,80,0.0,0.0,0.0,0.0,0.0,0.0,0.0,0.0,79,28.823053831376487,,16-64 px
MOZ,MZ0907,2026-08-20,2,SFED,0.0,0.0,0.0,0.0,80,0.0,0.0,0.0,0.0,0.0,0.0,0.0,0.0,79,28.823053831376487,,16-64 px
MOZ,MZ0908,2026-08-20,2,MFED,0.0017722194,0.0,0.0,0.11929217,231,0.40938267,0.013610015,0.0014703805521455737,0.11929216980934143,0.0,0.0,0.3412827118494085,0.012179692811092374,232,83.2265679380996,0.17031686249141964,>64 px
MOZ,MZ0908,2026-08-20,2,SFED,0.0,0.0,0.0,0.0,231,0.0,0.0,0.0,0.0,0.0,0.0,0.0,0.0,232,83.2265679380996,,>64 px
MOZ,MZ0909,2026-08-20,2,MFED,0.0,0.0,0.0,0.0,198,0.0,0.0,0.0,0.0,0.0,0.0,0.0,0.0,199,71.33705823265682,,>64 px
MOZ,MZ0909,2026-08-20,2,SFED,0.0,0.0,0.0,0.0,198,0.0,0.0,0.0,0.0,0.0,0.0,0.0,0.0,199,71.33705823265682,,>64 px
MOZ,MZ0910,2026-08-20,2,MFED,0.0,0.0,0.0,0.0,211,0.0,0.0,0.0,0.0,0.0,0.0,0.0,0.0,210,76.02080448025549,,>64 px
MOZ,MZ0910,2026-08-20,2,SFED,0.0,0.0,0.0,0.0,211,0.0,0.0,0.0,0.0,0.0,0.0,0.0,0.0,210,76.02080448025549,,>64 px
MOZ,MZ0911,2026-08-20,2,MFED,1.0362694e-06,0.0,0.0,0.0002,193,0.0002,1.43589705e-05,2.8231154744319594e-06,0.00019999999494757503,0.0,0.0,0.0005555555415210419,2.359349697778683e-05,197,69.53561736819579,1.7243065118317293,>64 px
MOZ,MZ0911,2026-08-20,2,SFED,0.0,0.0,0.0,0.0,193,0.0,0.0,0.0,0.0,0.0,0.0,0.0,0.0,197,69.53561736819579,,>64 px
MOZ,MZ0912,2026-08-20,2,MFED,0.0005086385,0.0,0.0,0.11929217,254,0.12919419,0.007470034,0.00023361298927036984,0.11929216980934143,0.0,0.0,0.060238474540792085,0.004622751922062516,258,91.51319591462035,0.5407091888042886,>64 px
MOZ,MZ0912,2026-08-20,2,SFED,0.0,0.0,0.0,0.0,254,0.0,0.0,0.0,0.0,0.0,0.0,0.0,0.0,258,91.51319591462035,,>64 px
MOZ,MZ0913,2026-08-20,2,MFED,1.0797846e-05,0.0,0.0,0.0005003002,139,0.0015009006,7.2701936e-05,1.0737016097097382e-05,0.0005029169260524213,0.0,0.0,0.001482714702483697,7.154452515309449e-05,138,50.08005603201665,0.005633521991572906,16-64 px
MOZ,MZ0913,2026-08-20,2,SFED,0.0,0.0,0.0,0.0,139,0.0,0.0,0.0,0.0,0.0,0.0,0.0,0.0,138,50.08005603201665,,16-64 px
MOZ,MZ10,2026-08-20,1,MFED,0.00028178384,0.0,0.0,0.24028233,3377,0.95158404,0.005664313,0.0003820579962715996,0.2402823269367218,0.0,0.0,1.2963663443784532,0.007367578995421086,3393,1216.69315985698,0.3558548860417249,>64 px
MOZ,MZ10,2026-08-20,1,SFED,0.00024831708,0.0,0.0,0.2407938,3377,0.83856684,0.005464556,0.00034536545844345045,0.24079379439353943,0.0,0.0,1.1718643797698363,0.007110719328528834,3393,1216.69315985698,0.3908244186966536,>64 px
MOZ,MZ1001,2026-08-20,2,MFED,0.0,0.0,0.0,0.0,111,0.0,0.0,0.0,0.0,0.0,0.0,0.0,0.0,109,39.99198719103488,,16-64 px
MOZ,MZ1001,2026-08-20,2,SFED,0.0,0.0,0.0,0.0,111,0.0,0.0,0.0,0.0,0.0,0.0,0.0,0.0,109,39.99198719103488,,16-64 px
MOZ,MZ1002,2026-08-20,2,MFED,0.0,0.0,0.0,0.0,299,0.0,0.0,0.0,0.0,0.0,0.0,0.0,0.0,299,107.72616369476962,,>64 px
MOZ,MZ1002,2026-08-20,2,SFED,0.0,0.0,0.0,0.0,299,0.0,0.0,0.0,0.0,0.0,0.0,0.0,0.0,299,107.72616369476962,,>64 px
MOZ,MZ1003,2026-08-20,2,MFED,0.0,0.0,0.0,0.0,209,0.0,0.0,0.0,0.0,0.0,0.0,0.0,0.0,208,75.30022813447108,,>64 px
MOZ,MZ1003,2026-08-20,2,SFED,0.0,0.0,0.0,0.0,209,0.0,0.0,0.0,0.0,0.0,0.0,0.0,0.0,208,75.30022813447108,,>64 px
MOZ,MZ1004,2026-08-20,2,MFED,0.0,0.0,0.0,0.0,317,0.0,0.0,0.0,0.0,0.0,0.0,0.0,0.0,316,114.21135080682934,,>64 px
MOZ,MZ1004,2026-08-20,2,SFED,0.0,0.0,0.0,0.0,317,0.0,0.0,0.0,0.0,0.0,0.0,0.0,0.0,316,114.21135080682934,,>64 px
MOZ,MZ1005,2026-08-20,2,MFED,0.0,0.0,0.0,0.0,237,0.0,0.0,0.0,0.0,0.0,0.0,0.0,0.0,240,85.38829697545285,,>64 px
MOZ,MZ1005,2026-08-20,2,SFED,0.0,0.0,0.0,0.0,237,0.0,0.0,0.0,0.0,0.0,0.0,0.0,0.0,240,85.38829697545285,,>64 px
MOZ,MZ1006,2026-08-20,2,MFED,0.0,0.0,0.0,0.0,12,0.0,0.0,0.0,0.0,0.0,0.0,0.0,0.0,10,4.3234580747064735,,4-16 px
MOZ,MZ1006,2026-08-20,2,SFED,0.0,0.0,0.0,0.0,12,0.0,0.0,0.0,0.0,0.0,0.0,0.0,0.0,10,4.3234580747064735,,4-16 px
MOZ,MZ1007,2026-08-20,2,MFED,0.0,0.0,0.0,0.0,119,0.0,0.0,0.0,0.0,0.0,0.0,0.0,0.0,123,42.87429257417253,,16-64 px
MOZ,MZ1007,2026-08-20,2,SFED,0.0,0.0,0.0,0.0,119,0.0,0.0,0.0,0.0,0.0,0.0,0.0,0.0,123,42.87429257417253,,16-64 px
MOZ,MZ1008,2026-08-20,2,MFED,0.0,0.0,0.0,0.0,238,0.0,0.0,0.0,0.0,0.0,0.0,0.0,0.0,242,85.74858514834506,,>64 px
MOZ,MZ1008,2026-08-20,2,SFED,0.0,0.0,0.0,0.0,238,0.0,0.0,0.0,0.0,0.0,0.0,0.0,0.0,242,85.74858514834506,,>64 px
MOZ,MZ1009,2026-08-20,2,MFED,0.0,0.0,0.0,0.0,293,0.0,0.0,0.0,0.0,0.0,0.0,0.0,0.0,289,105.56443465741638,,>64 px
MOZ,MZ1009,2026-08-20,2,SFED,0.0,0.0,0.0,0.0,293,0.0,0.0,0.0,0.0,0.0,0.0,0.0,0.0,289,105.56443465741638,,>64 px
MOZ,MZ1010,2026-08-20,2,MFED,0.0,0.0,0.0,0.0,91,0.0,0.0,0.0,0.0,0.0,0.0,0.0,0.0,92,32.78622373319076,,16-64 px
MOZ,MZ1010,2026-08-20,2,SFED,0.0,0.0,0.0,0.0,91,0.0,0.0,0.0,0.0,0.0,0.0,0.0,0.0,92,32.78622373319076,,16-64 px
MOZ,MZ1011,2026-08-20,2,MFED,0.0,0.0,0.0,0.0,559,0.0,0.0,0.0,0.0,0.0,0.0,0.0,0.0,562,201.4010886467432,,>64 px
MOZ,MZ1011,2026-08-20,2,SFED,0.0,0.0,0.0,0.0,559,0.0,0.0,0.0,0.0,0.0,0.0,0.0,0.0,562,201.4010886467432,,>64 px
MOZ,MZ1012,2026-08-20,2,MFED,0.0,0.0,0.0,0.0,284,0.0,0.0,0.0,0.0,0.0,0.0,0.0,0.0,285,102.32184110138654,,>64 px
MOZ,MZ1012,2026-08-20,2,SFED,0.0,0.0,0.0,0.0,284,0.0,0.0,0.0,0.0,0.0,0.0,0.0,0.0,285,102.32184110138654,,>64 px
MOZ,MZ1013,2026-08-20,2,MFED,0.010016674,0.0,0.0,0.24028233,95,0.95158404,0.03229561,0.01396204140677718,0.2402823269367218,0.0,0.0,1.2963663443784532,0.042356402321807436,93,34.22737642475958,0.3938799851904115,16-64 px
MOZ,MZ1013,2026-08-20,2,SFED,0.0088270195,0.0,0.0,0.2407938,95,0.83856684,0.031396955,0.012621138356780113,0.24079379439353943,0.0,0.0,1.1718643797698363,0.04114402292049437,93,34.22737642475958,0.429830120663052,16-64 px
MOZ,MZ1014,2026-08-20,2,MFED,0.0,0.0,0.0,0.0,117,0.0,0.0,0.0,0.0,0.0,0.0,0.0,0.0,123,42.15371622838811,,16-64 px
MOZ,MZ1014,2026-08-20,2,SFED,0.0,0.0,0.0,0.0,117,0.0,0.0,0.0,0.0,0.0,0.0,0.0,0.0,123,42.15371622838811,,16-64 px
MOZ,MZ1015,2026-08-20,2,MFED,0.0,0.0,0.0,0.0,396,0.0,0.0,0.0,0.0,0.0,0.0,0.0,0.0,404,142.67411646531363,,>64 px
MOZ,MZ1015,2026-08-20,2,SFED,0.0,0.0,0.0,0.0,396,0.0,0.0,0.0,0.0,0.0,0.0,0.0,0.0,404,142.67411646531363,,>64 px
MOZ,MZ11,2026-08-20,1,MFED,0.0037205585,0.0,0.0,0.39676243,3471,12.914059,0.02398074,0.003715620537246883,0.3967624306678772,0.0,0.0,12.976889941361797,0.023769664741514332,3493,1250.5602481088474,0.0013272100823348992,>64 px
MOZ,MZ11,2026-08-20,1,SFED,0.0019985933,0.0,0.0,0.33921674,3471,6.937118,0.018438563,0.002094559854609624,0.3392167389392853,0.0,0.0,7.31529832941545,0.018922899750407517,3493,1250.5602481088474,0.04801705009699779,>64 px
MOZ,MZ1101,2026-08-20,2,MFED,0.0037990697,0.0,0.0,0.0968,215,0.8168,0.01409949,0.003169003878297438,0.09679999947547913,0.0,0.0,0.6773856516762606,0.013426427739556372,214,77.46195717182431,0.16584739724637385,>64 px
MOZ,MZ1101,2026-08-20,2,SFED,0.0,0.0,0.0,0.0,215,0.0,0.0,0.0,0.0,0.0,0.0,0.0,0.0,214,77.46195717182431,,>64 px
MOZ,MZ1102,2026-08-20,2,MFED,0.0035714407,0.0,0.0,0.07848742,104,0.37142983,0.013934701,0.002855191922985441,0.10211014747619629,0.0,0.0,0.30442757076648935,0.012850515107625431,107,37.469969980789436,0.20054897649975234,16-64 px
MOZ,MZ1102,2026-08-20,2,SFED,0.00023157471,0.0,0.0,0.007777058,104,0.024083769,0.0010255615,0.00019810020839186848,0.08008234947919846,0.0,0.0,0.02112193044662775,0.0017485718673700178,107,37.469969980789436,0.1445516291832192,16-64 px
MOZ,MZ1103,2026-08-20,2,MFED,0.25308177,0.260712,0.14226824,0.34863487,4,1.0123271,0.09616046,0.20664708901991888,0.34863486886024475,0.008299999870359898,0.17278912663459778,0.8572884392664981,0.10480018689820189,4,1.4411526915688244,0.18347698840608356,1-4 px
MOZ,MZ1103,2026-08-20,2,SFED,0.11605105,0.1129511,0.02220222,0.21609977,4,0.4642042,0.093951166,0.13353185953137311,0.25464898347854614,0.0210999995470047,0.2036999762058258,0.5539653134865585,0.09131982535335724,4,1.4411526915688244,0.15063034355460905,1-4 px
MOZ,MZ1104,2026-08-20,2,MFED,0.00028980893,0.0,0.0,0.0124,157,0.0455,0.0017146497,0.00023763595534861105,0.012400000356137753,0.0,0.0,0.038304055248205585,0.0015497566443432023,161,56.56524314407636,0.18002542106410915,16-64 px
MOZ,MZ1104,2026-08-20,2,SFED,0.0,0.0,0.0,0.0,157,0.0,0.0,0.0,0.0,0.0,0.0,0.0,0.0,161,56.56524314407636,,16-64 px
MOZ,MZ1105,2026-08-20,2,MFED,0.0042543067,0.0,0.0,0.102761656,302,1.2848006,0.014701116,0.004051280946610326,0.1027616560459137,0.0,0.0,1.227810774937646,0.014861712433236718,303,108.80702821344624,0.0477224064239831,>64 px
MOZ,MZ1105,2026-08-20,2,SFED,0.0,0.0,0.0,0.0,302,0.0,0.0,0.0,0.0,0.0,0.0,0.0,0.0,303,108.80702821344624,,>64 px
MOZ,MZ1106,2026-08-20,2,MFED,0.0015809627,0.0,0.0,0.0624,189,0.29880196,0.008551621,0.0028211366348205747,0.09679999947547913,0.0,0.0,0.5360125588554084,0.012398899047704947,190,68.09446467662696,0.78444224827099,>64 px
MOZ,MZ1106,2026-08-20,2,SFED,0.0,0.0,0.0,0.0,189,0.0,0.0,0.0,0.0,0.0,0.0,0.0,0.0,190,68.09446467662696,,>64 px
MOZ,MZ1107,2026-08-20,2,MFED,0.0013970081,0.0,0.0,0.0625,100,0.13970082,0.0072033373,0.0012568750968125239,0.0625,0.0,0.0,0.12452017674560004,0.0071364894883422444,99,36.02881728922061,0.10030937056662455,16-64 px
MOZ,MZ1107,2026-08-20,2,SFED,0.0,0.0,0.0,0.0,100,0.0,0.0,0.0,0.0,0.0,0.0,0.0,0.0,99,36.02881728922061,,16-64 px
MOZ,MZ1108,2026-08-20,2,MFED,0.09437907,0.038342815,0.0,0.39676243,24,2.2650976,0.11855039,0.09587844455542499,0.3967624306678772,0.0,0.0572429895401001,2.4691381643839,0.12509808705308315,26,8.646916149412947,0.015886727379545013,4-16 px
MOZ,MZ1108,2026-08-20,2,SFED,0.08279148,0.025924787,0.0,0.33921674,24,1.9869953,0.110678144,0.08596270339832772,0.3392167389392853,0.0,0.025924786925315857,2.213780090599257,0.11473108565599485,26,8.646916149412947,0.038303740896137126,4-16 px
MOZ,MZ1109,2026-08-20,2,MFED,0.0,0.0,0.0,0.0,40,0.0,0.0,0.0,0.0,0.0,0.0,0.0,0.0,38,14.411526915688244,,4-16 px
MOZ,MZ1109,2026-08-20,2,SFED,0.0,0.0,0.0,0.0,40,0.0,0.0,0.0,0.0,0.0,0.0,0.0,0.0,38,14.411526915688244,,4-16 px
MOZ,MZ1110,2026-08-20,2,MFED,0.00086557335,0.0,0.0,0.0803,206,0.1783081,0.0064917104,0.0011959739499497611,0.08030000329017639,0.0,0.0,0.24786546112025248,0.007548138476439851,207,74.21936361579446,0.38171299977033846,>64 px
MOZ,MZ1110,2026-08-20,2,SFED,0.0,0.0,0.0,0.0,206,0.0,0.0,0.0,0.0,0.0,0.0,0.0,0.0,207,74.21936361579446,,>64 px
MOZ,MZ1111,2026-08-20,2,MFED,2.7633592e-05,0.0,0.0,0.0008860759,98,0.0027080919,0.00013505181,4.2588817938159646e-05,0.26087021827697754,0.0,0.0,0.004159875101682329,0.0023699355253338464,98,35.308240943436196,0.5411973202093903,16-64 px
MOZ,MZ1111,2026-08-20,2,SFED,3.2800213e-05,0.0,0.0,0.0011392405,98,0.003214421,0.00016849571,4.6432473939977275e-05,0.26087021827697754,0.0,0.0,0.004535305312603179,0.002371505185820224,98,35.308240943436196,0.4156150126213289,16-64 px
MOZ,MZ1112,2026-08-20,2,MFED,0.11307891,0.06709192,0.0,0.34863487,19,2.1484993,0.12313772,0.09023330113639995,0.34863486886024475,0.0,0.03843459114432335,1.8990802840337606,0.11128126100277694,21,6.845475284951916,0.20203244675421841,4-16 px
MOZ,MZ1112,2026-08-20,2,SFED,0.08218729,0.048843957,0.0,0.2488784,19,1.5615585,0.09021344,0.07163086252405247,0.24887840449810028,0.0,0.04884395748376846,1.507567129148126,0.08443092996045769,21,6.845475284951916,0.12844355223231627,4-16 px
MOZ,MZ1113,2026-08-20,2,MFED,0.0019950643,0.0,0.0,0.1041,182,0.3631017,0.011653062,0.0021787068799809985,0.10409999638795853,0.0,0.0,0.40557692297967124,0.013097636734780833,186,65.57244746638152,0.09204845176218053,>64 px
MOZ,MZ1113,2026-08-20,2,SFED,5.500557e-06,0.0,0.0,0.00040068114,182,0.0010011013,3.8886064e-05,3.9032324720412075e-06,0.00040068113594315946,0.0,0.0,0.0007266057817280198,2.9862096336874794e-05,186,65.57244746638152,0.2903932325324131,>64 px
MOZ,MZ1114,2026-08-20,2,MFED,0.00011418919,0.0,0.0,0.0124,296,0.033800002,0.0008522633,6.271363785675271e-05,0.012400000356137753,0.0,0.0,0.01865906621874563,0.0005375170175151,298,106.645299176093,0.45079181438494564,>64 px
MOZ,MZ1114,2026-08-20,2,SFED,0.0,0.0,0.0,0.0,296,0.0,0.0,0.0,0.0,0.0,0.0,0.0,0.0,298,106.645299176093,,>64 px
MOZ,MZ1115,2026-08-20,2,MFED,0.0,0.0,0.0,0.0,161,0.0,0.0,0.0,0.0,0.0,0.0,0.0,0.0,162,58.006395835645186,,16-64 px
MOZ,MZ1115,2026-08-20,2,SFED,0.0,0.0,0.0,0.0,161,0.0,0.0,0.0,0.0,0.0,0.0,0.0,0.0,162,58.006395835645186,,16-64 px
MOZ,MZ1116,2026-08-20,2,MFED,0.0009339481,0.0,0.0,0.0803,146,0.13635643,0.00711872,0.0012032914056943878,0.08030000329017639,0.0,0.0,0.1752617633461936,0.008377193986306201,146,52.602073242262094,0.28839215551098374,16-64 px
MOZ,MZ1116,2026-08-20,2,SFED,1.1510165e-05,0.0,0.0,0.001680484,146,0.001680484,0.00013860074,1.7849012533456326e-05,0.0016804840415716171,0.0,0.0,0.0025997438324564747,0.00017226837629659626,146,52.602073242262094,0.5507173470976591,16-64 px
MOZ,MZ1117,2026-08-20,2,MFED,0.00066439545,0.0,0.0,0.0496758,256,0.17008524,0.0050727916,0.0007366729224700171,0.10211014747619629,0.0,0.0,0.19230545873321647,0.00676794323381267,261,92.23377226040476,0.1087868263848242,>64 px
MOZ,MZ1117,2026-08-20,2,SFED,1.7592984e-05,0.0,0.0,0.0011,256,0.004503804,0.00011271318,0.00026795436793400454,0.08008234947919846,0.0,0.0,0.06994839374894367,0.004332553302491771,261,92.23377226040476,14.230751527654693,>64 px
MOZ,MZ1118,2026-08-20,2,MFED,0.008423456,0.0,0.0,0.23709661,280,2.3585675,0.031489626,0.010451871149965028,0.2402823269367218,0.0,0.0,2.851356062177906,0.037278628265548765,273,100.88068840981771,0.2408055731477708,>64 px
MOZ,MZ1118,2026-08-20,2,SFED,0.0062274034,0.0,0.0,0.19199838,280,1.743673,0.024614053,0.008006789991688572,0.24079379439353943,0.0,0.0,2.1843178942617354,0.03012510667587532,273,100.88068840981771,0.2857349166891246,>64 px
MOZ,MZ1119,2026-08-20,2,MFED,0.0004584274,0.0,0.0,0.0334,89,0.04080004,0.0035184524,0.0006963132082911938,0.033399999141693115,0.0,0.0,0.06363259796865542,0.004520657980674792,91,32.065647387406344,0.5189170810714931,16-64 px
MOZ,MZ1119,2026-08-20,2,SFED,0.0,0.0,0.0,0.0,89,0.0,0.0,0.0,0.0,0.0,0.0,0.0,0.0,91,32.065647387406344,,16-64 px
MOZ,MZ1120,2026-08-20,2,MFED,0.008708201,0.0,0.0,0.27378985,66,0.57474124,0.037009545,0.004759097419186223,0.2737898528575897,0.0,0.0,0.3272315560298518,0.02439066909117877,69,23.779019410885603,0.45349247000772913,16-64 px
MOZ,MZ1120,2026-08-20,2,SFED,0.0084456215,0.0,0.0,0.2488784,66,0.557411,0.034625728,0.00471764266085361,0.26087021827697754,0.0,0.0,0.32438116153712,0.023460696744351,69,23.779019410885603,0.4414096510418316,16-64 px
MOZ,MZ1121,2026-08-20,2,MFED,0.00048025194,0.0,0.0,0.0078,101,0.048505448,0.0016751061,0.0004738839505188859,0.012303690426051617,0.0,0.0,0.048950547583368524,0.001648229366549967,103,36.389105462112816,0.013259685075117208,16-64 px
MOZ,MZ1121,2026-08-20,2,SFED,0.0,0.0,0.0,0.0,101,0.0,0.0,0.0,0.0,0.0,0.0,0.0,0.0,103,36.389105462112816,,16-64 px
MOZ,MZ1122,2026-08-20,2,MFED,0.00459787,0.0,0.0,0.17278913,96,0.44139555,0.02523427,0.0031720134821724916,0.17278912663459778,0.0,0.0,0.2984328791997921,0.018296284222905714,94,34.58766459765179,0.3101124037494554,16-64 px
MOZ,MZ1122,2026-08-20,2,SFED,0.006133252,0.0,0.0,0.21609977,96,0.58879215,0.031493932,0.0045954563686820575,0.21609976887702942,0.0,0.0,0.43235480651347064,0.02478559375072005,94,34.58766459765179,0.2507308734938565,16-64 px
MOZ,MZ1123,2026-08-20,2,MFED,0.00053903175,0.0,0.0,0.0406,339,0.18273176,0.0035381955,0.0006118508801256369,0.0406000018119812,0.0,0.0,0.20949014445150624,0.003959997877195976,342,122.13769061045787,0.13509246927595073,>64 px
MOZ,MZ1123,2026-08-20,2,SFED,0.0,0.0,0.0,0.0,339,0.0,0.0,0.0,0.0,0.0,0.0,0.0,0.0,342,122.13769061045787,,>64 px
NGA,NG,2026-08-20,0,MFED,0.007226853,0.0,0.0,0.8801,29938,216.35753,0.03948293,0.007468327556278007,0.8801000118255615,0.0,0.0,224.0114164305586,0.039694085991281894,29995,10786.307320046866,0.03341351433023565,>64 px
NGA,NG,2026-08-20,0,SFED,0.004826476,0.0,0.0,0.8883,29938,144.49503,0.033967562,0.005007661022128,0.8883000016212463,0.0,0.0,150.20407582792885,0.033961563933857096,29995,10786.307320046866,0.03753981624025486,>64 px
NGA,NG001,2026-08-20,1,MFED,1.892566e-05,0.0,0.0,0.0017037482,164,0.0031038083,0.00014020952,1.8520124464686566e-05,0.002201541094109416,0.0,0.0,0.002937609590539049,0.00014565061612785632,159,59.0872603543218,0.021427814687225474,16-64 px
NGA,NG001,2026-08-20,1,SFED,2.0149211e-05,0.0,0.0,0.0017037482,164,0.0033044706,0.00014047655,2.3778712142493072e-05,0.007205043453723192,0.0,0.0,0.003771711846410486,0.0002379392860765856,159,59.0872603543218,0.1801311794537797,16-64 px
NGA,NG001001,2026-08-20,2,MFED,,,,,0,0.0,,1.7316884782220048e-06,0.0003000000142492354,0.0,0.0,1.055582593041202e-06,2.272680846833165e-05,1,0.0,,
NGA,NG001001,2026-08-20,2,SFED,,,,,0,0.0,,1.7316884782220048e-06,0.0003000000142492354,0.0,0.0,1.055582593041202e-06,2.272680846833165e-05,1,0.0,,
NGA,NG001002,2026-08-20,2,MFED,0.0003,0.0003,0.0003,0.0003,1,0.0003,0.0,0.00011784197664794654,0.0003000000142492354,0.0,0.0,0.00016644489810679986,0.00014651233126684884,1,0.3602881728922061,0.6071934111735116,<1 px
NGA,NG001002,2026-08-20,2,SFED,0.0003,0.0003,0.0003,0.0003,1,0.0003,0.0,0.00011784197664794654,0.0003000000142492354,0.0,0.0,0.00016644489810679986,0.00014651233126684884,1,0.3602881728922061,0.6071934111735116,<1 px
NGA,NG001003,2026-08-20,2,MFED,0.00010022049,0.0,0.0,0.0017037482,17,0.0017037482,0.00040088195,8.81655686852933e-05,0.0017037482466548681,0.0,0.0,0.0015004603651596479,0.00037741060605300515,17,6.124898939167504,0.12028399895776513,4-16 px
NGA,NG001003,2026-08-20,2,SFED,0.00010022049,0.0,0.0,0.0017037482,17,0.0017037482,0.00040088195,8.81655686852933e-05,0.0017037482466548681,0.0,0.0,0.0015004603651596479,0.00037741060605300515,17,6.124898939167504,0.12028399895776513,4-16 px
NGA,NG001004,2026-08-20,2,MFED,0.0,0.0,0.0,0.0,20,0.0,0.0,0.0,0.0,0.0,0.0,0.0,0.0,20,7.205763457844122,,4-16 px
NGA,NG001004,2026-08-20,2,SFED,0.0,0.0,0.0,0.0,20,0.0,0.0,0.0,0.0,0.0,0.0,0.0,0.0,20,7.205763457844122,,4-16 px
NGA,NG001005,2026-08-20,2,MFED,0.0,0.0,0.0,0.0,10,0.0,0.0,1.0763854652839901e-06,9.999999747378752e-05,0.0,0.0,9.77968151500399e-06,1.0318911674171167e-05,9,3.602881728922061,,1-4 px
NGA,NG001005,2026-08-20,2,SFED,0.0,0.0,0.0,0.0,10,0.0,0.0,1.0763854652839901e-06,9.999999747378752e-05,0.0,0.0,9.77968151500399e-06,1.0318911674171167e-05,9,3.602881728922061,,1-4 px
NGA,NG001006,2026-08-20,2,MFED,0.0,0.0,0.0,0.0,9,0.0,0.0,3.0968764726930933e-06,0.00010003000352298841,0.0,0.0,2.8655220575294296e-05,1.7325989743348864e-05,9,3.242593556029855,,1-4 px
NGA,NG001006,2026-08-20,2,SFED,0.0,0.0,0.0,0.0,9,0.0,0.0,3.0968764726930933e-06,0.00010003000352298841,0.0,0.0,2.8655220575294296e-05,1.7325989743348864e-05,9,3.242593556029855,,1-4 px
NGA,NG001007,2026-08-20,2,MFED,0.0,0.0,0.0,0.0,9,0.0,0.0,0.0,0.0,0.0,0.0,0.0,0.0,9,3.242593556029855,,1-4 px
NGA,NG001007,2026-08-20,2,SFED,0.0,0.0,0.0,0.0,9,0.0,0.0,0.0,0.0,0.0,0.0,0.0,0.0,9,3.242593556029855,,1-4 px
NGA,NG001008,2026-08-20,2,MFED,0.0,0.0,0.0,0.0,12,0.0,0.0,0.0,0.0,0.0,0.0,0.0,0.0,12,4.3234580747064735,,4-16 px
NGA,NG001008,2026-08-20,2,SFED,0.0,0.0,0.0,0.0,12,0.0,0.0,0.0,0.0,0.0,0.0,0.0,0.0,12,4.3234580747064735,,4-16 px
NGA,NG001009,2026-08-20,2,MFED,0.0,0.0,0.0,0.0,13,0.0,0.0,1.7003900710126556e-05,0.0003000000142492354,0.0,0.0,0.0002240703638586738,5.3140920241359144e-05,13,4.6837462475986795,,4-16 px
NGA,NG001009,2026-08-20,2,SFED,0.0,0.0,0.0,0.0,13,0.0,0.0,1.7003900710126556e-05,0.0003000000142492354,0.0,0.0,0.0002240703638586738,5.3140920241359144e-05,13,4.6837462475986795,,4-16 px
NGA,NG001010,2026-08-20,2,MFED,0.0,0.0,0.0,0.0,16,0.0,0.0,0.0,0.0,0.0,0.0,0.0,0.0,14,5.764610766275298,,4-16 px
NGA,NG001010,2026-08-20,2,SFED,0.0,0.0,0.0,0.0,16,0.0,0.0,0.0,0.0,0.0,0.0,0.0,0.0,14,5.764610766275298,,4-16 px
NGA,NG001011,2026-08-20,2,MFED,3.3343335e-05,0.0,0.0,0.00010003,6,0.00020006,4.7154597e-05,3.0075012238591314e-05,0.00010003000352298841,0.0,0.0,0.0001714732982210617,4.5868259385208755e-05,6,2.1617290373532367,0.09802027185968903,1-4 px
NGA,NG001011,2026-08-20,2,SFED,3.3343335e-05,0.0,0.0,0.00010003,6,0.00020006,4.7154597e-05,3.0075012238591314e-05,0.00010003000352298841,0.0,0.0,0.0001714732982210617,4.5868259385208755e-05,6,2.1617290373532367,0.09802027185968903,1-4 px
NGA,NG001012,2026-08-20,2,MFED,0.00018,0.0003,0.0,0.0003,5,0.00090000004,0.0001469694,0.00013936491535610784,0.0003000000142492354,0.0,0.0,0.0005727530294505288,0.0001496225148848285,4,1.8014408644610305,0.2257504702438454,1-4 px
NGA,NG001012,2026-08-20,2,SFED,0.00018,0.0003,0.0,0.0003,5,0.00090000004,0.0001469694,0.00013936491535610784,0.0003000000142492354,0.0,0.0,0.0005727530294505288,0.0001496225148848285,4,1.8014408644610305,0.2257504702438454,1-4 px
NGA,NG001013,2026-08-20,2,MFED,0.0,0.0,0.0,0.0,10,0.0,0.0,0.0,0.0,0.0,0.0,0.0,0.0,9,3.602881728922061,,1-4 px
NGA,NG001013,2026-08-20,2,SFED,0.0,0.0,0.0,0.0,10,0.0,0.0,0.0,0.0,0.0,0.0,0.0,0.0,9,3.602881728922061,,1-4 px
NGA,NG001014,2026-08-20,2,MFED,0.0,0.0,0.0,0.0,10,0.0,0.0,2.906549296469915e-05,0.002201541094109416,0.0,0.0,0.0002629171643186513,0.0002512848469387924,9,3.602881728922061,,1-4 px
NGA,NG001014,2026-08-20,2,SFED,2.0066218e-05,0.0,0.0,0.00010033109,10,0.00020066218,4.0132436e-05,0.00012127549877659856,0.007205043453723192,0.0,0.0,0.0010970194201900885,0.0008209400653620075,9,3.602881728922061,5.043764638488357,1-4 px
NGA,NG001015,2026-08-20,2,MFED,0.0,0.0,0.0,0.0,8,0.0,0.0,0.0,0.0,0.0,0.0,0.0,0.0,7,2.882305383137649,,1-4 px
NGA,NG001015,2026-08-20,2,SFED,0.0,0.0,0.0,0.0,8,0.0,0.0,0.0,0.0,0.0,0.0,0.0,0.0,7,2.882305383137649,,1-4 px
NGA,NG001016,2026-08-20,2,MFED,0.0,0.0,0.0,0.0,4,0.0,0.0,0.0,0.0,0.0,0.0,0.0,0.0,4,1.4411526915688244,,1-4 px
NGA,NG001016,2026-08-20,2,SFED,0.0,0.0,0.0,0.0,4,0.0,0.0,0.0,0.0,0.0,0.0,0.0,0.0,4,1.4411526915688244,,1-4 px
NGA,NG001017,2026-08-20,2,MFED,0.0,0.0,0.0,0.0,14,0.0,0.0,0.0,0.0,0.0,0.0,0.0,0.0,12,5.044034420490886,,4-16 px
NGA,NG001017,2026-08-20,2,SFED,0.0,0.0,0.0,0.0,14,0.0,0.0,0.0,0.0,0.0,0.0,0.0,0.0,12,5.044034420490886,,4-16 px
NGA,NG002,2026-08-20,1,MFED,0.018561244,0.0,0.0,0.4253,1244,23.090189,0.048729748,0.02013704592325029,0.4253000020980835,0.0,0.0,25.074702023503683,0.05223944884728676,1245,448.1984870779044,0.0848974305413091,>64 px
NGA,NG002,2026-08-20,1,SFED,0.011742893,0.0,0.0,0.3017,1244,14.608158,0.037985288,0.013069410985596884,0.30169999599456787,0.0,0.0,16.274064593961658,0.041463698175275815,1245,448.1984870779044,0.11296347378766738,>64 px
NGA,NG002001,2026-08-20,2,MFED,0.04573631,0.0037,0.0,0.22413614,52,2.378288,0.07295344,0.04183430646991242,0.22484198212623596,0.0,0.003700000001117587,2.1597894095262817,0.06667812713076009,52,18.734984990394718,0.08531522394542933,16-64 px
NGA,NG002001,2026-08-20,2,SFED,0.032935705,0.002,0.0,0.18418595,52,1.7126566,0.060103424,0.030478862447481596,0.22243402898311615,0.0,0.0010999999940395355,1.57353927633109,0.05551690205631054,52,18.734984990394718,0.07459511045895045,16-64 px
NGA,NG002002,2026-08-20,2,MFED,0.03484574,0.0002,0.0,0.31602642,153,5.331398,0.062745035,0.03856208618352096,0.3361999988555908,0.0,0.0003000000142492354,6.002648746246438,0.06995280163522642,156,55.12409045250754,0.10665137785912877,16-64 px
NGA,NG002002,2026-08-20,2,SFED,0.028754668,0.0002,0.0,0.25320128,153,4.399464,0.051466484,0.03218910520818793,0.30169999599456787,0.0,0.00019999999494757503,5.010618230071124,0.05791266339070135,156,55.12409045250754,0.11943929271546196,16-64 px
NGA,NG002003,2026-08-20,2,MFED,0.018612122,0.0,0.0,0.0906,66,1.2284,0.031415954,0.015130403585104422,0.1354999989271164,0.0,0.0,1.0409249676528243,0.030407939073001683,69,23.779019410885603,0.18706724654478282,16-64 px
NGA,NG002003,2026-08-20,2,SFED,2.4242425e-05,0.0,0.0,0.0005,66,0.0016000001,8.8865934e-05,1.864620990971676e-05,0.0005000000237487257,0.0,0.0,0.0012828015682428827,7.81545464814836e-05,69,23.779019410885603,0.23084386526031286,16-64 px
NGA,NG002004,2026-08-20,2,MFED,1.5068493e-05,0.0,0.0,0.0001,73,0.0011,3.577415e-05,1.3230367910530973e-05,0.00019999999494757503,0.0,0.0,0.0009447194893917224,3.646363253770068e-05,71,26.301036621131047,0.12198466624824576,16-64 px
NGA,NG002004,2026-08-20,2,SFED,0.0,0.0,0.0,0.0,73,0.0,0.0,0.0,0.0,0.0,0.0,0.0,0.0,71,26.301036621131047,,16-64 px
NGA,NG002005,2026-08-20,2,MFED,0.071462065,0.051200002,0.0,0.4253,38,2.7155583,0.100791566,0.08752413412354451,0.4253000020980835,0.0,0.05260000005364418,3.4396184754532544,0.11153786081679305,39,13.690950569903832,0.2247635738422127,4-16 px
NGA,NG002005,2026-08-20,2,SFED,0.059276592,0.03,0.0,0.289,38,2.2525105,0.081009656,0.07399324659921425,0.289000004529953,0.0,0.029999999329447746,2.9078669627530958,0.08890095602812301,39,13.690950569903832,0.24827092959754235,4-16 px
NGA,NG002006,2026-08-20,2,MFED,0.0,0.0,0.0,0.0,21,0.0,0.0,0.00024128001590749398,0.0075052534230053425,0.0,0.0,0.005475623014031127,0.0012876868487958083,23,7.566051630736329,,4-16 px
NGA,NG002006,2026-08-20,2,SFED,0.0,0.0,0.0,0.0,21,0.0,0.0,0.0,0.0,0.0,0.0,0.0,0.0,23,7.566051630736329,,4-16 px
NGA,NG002007,2026-08-20,2,MFED,7.358012e-05,0.0,0.0,0.0049014706,87,0.006401471,0.0005267924,6.964889997212175e-05,0.0049014706164598465,0.0,0.0,0.0061175883398474655,0.0004940568547873467,88,31.34507104162193,0.053427746895197435,16-64 px
NGA,NG002007,2026-08-20,2,SFED,4.598736e-06,0.0,0.0,0.00030009003,87,0.00040009004,3.3599077e-05,3.7982176677606967e-06,0.00030009003239683807,0.0,0.0,0.00033361520606637116,3.107420944154793e-05,88,31.34507104162193,0.17407355678588707,16-64 px
NGA,NG002008,2026-08-20,2,MFED,0.021526562,0.0,0.0,0.1853,91,1.9589171,0.04558243,0.026275242813693433,0.18529999256134033,0.0,0.0,2.247802476918062,0.04897312670303966,86,32.78622373319076,0.22059634110144638,16-64 px
NGA,NG002008,2026-08-20,2,SFED,0.005188173,0.0,0.0,0.07234469,91,0.47212374,0.016828008,0.005751995007585095,0.07234469056129456,0.0,0.0,0.49207342124092296,0.01705399748525996,86,32.78622373319076,0.10867448089820736,16-64 px
NGA,NG002009,2026-08-20,2,MFED,0.03367049,0.0064026266,0.0,0.1442808,36,1.2121376,0.047940645,0.039322997073924934,0.24761269986629486,0.0,0.00782268587499857,1.4324746771728023,0.048544127629686774,36,12.97037422411942,0.16787718485608427,4-16 px
NGA,NG002009,2026-08-20,2,SFED,0.038137455,0.0,0.0,0.15380356,36,1.3729484,0.055366963,0.044626773054170614,0.19598044455051422,0.0,0.00570000009611249,1.625682859418331,0.05437045831990464,36,12.97037422411942,0.17015603306960606,4-16 px
NGA,NG002010,2026-08-20,2,MFED,0.0,0.0,0.0,0.0,29,0.0,0.0,0.0,0.0,0.0,0.0,0.0,0.0,27,10.448357013873977,,4-16 px
NGA,NG002010,2026-08-20,2,SFED,0.0,0.0,0.0,0.0,29,0.0,0.0,0.0,0.0,0.0,0.0,0.0,0.0,27,10.448357013873977,,4-16 px
NGA,NG002011,2026-08-20,2,MFED,0.01042087,0.0001,0.0,0.07911076,46,0.47936,0.024202464,0.009042168429135584,0.0791107565164566,0.0,9.999999747378752e-05,0.40440437192678036,0.02231526469090795,45,16.573255953041482,0.13230196431434382,16-64 px
NGA,NG002011,2026-08-20,2,SFED,0.0014721383,5e-05,0.0,0.01170117,46,0.067718364,0.0033710732,0.0012231744957878065,0.011701170355081558,0.0,0.0,0.05470558501565232,0.0030191197029475255,45,16.573255953041482,0.1691171299681515,16-64 px
NGA,NG002012,2026-08-20,2,MFED,0.0020694148,0.0,0.0,0.0825,67,0.1386508,0.01003229,0.002326880430979062,0.08730000257492065,0.0,0.0,0.16140329997503444,0.009890796361635161,69,24.13930758377781,0.12441470457206628,16-64 px
NGA,NG002012,2026-08-20,2,SFED,0.00037043073,0.0,0.0,0.017507004,67,0.024818858,0.0021497703,0.00037311677006923445,0.06419999897480011,0.0,0.0,0.025881122709799653,0.00217353032486007,69,24.13930758377781,0.007251126463602118,16-64 px
NGA,NG002013,2026-08-20,2,MFED,0.0,0.0,0.0,0.0,27,0.0,0.0,0.0,0.0,0.0,0.0,0.0,0.0,27,9.727780668089565,,4-16 px
NGA,NG002013,2026-08-20,2,SFED,0.0,0.0,0.0,0.0,27,0.0,0.0,0.0,0.0,0.0,0.0,0.0,0.0,27,9.727780668089565,,4-16 px
NGA,NG002014,2026-08-20,2,MFED,7.692308e-06,0.0,0.0,0.0001,26,0.0002,2.6646934e-05,1.1165051634977377e-05,9.999999747378752e-05,0.0,0.0,0.00027777777076052094,3.1493598671487735e-05,25,9.367492495197359,0.4514566544887929,4-16 px
NGA,NG002014,2026-08-20,2,SFED,0.0,0.0,0.0,0.0,26,0.0,0.0,0.0,0.0,0.0,0.0,0.0,0.0,25,9.367492495197359,,4-16 px
NGA,NG002015,2026-08-20,2,MFED,2.3529412e-05,0.0,0.0,0.0002,17,0.0004,6.443795e-05,6.423709580352801e-05,0.0017020425293594599,0.0,0.0,0.001065762001015305,0.0002430785730926502,17,6.124898939167504,1.7300765443491746,4-16 px
NGA,NG002015,2026-08-20,2,SFED,0.0,0.0,0.0,0.0,17,0.0,0.0,0.0,0.0,0.0,0.0,0.0,0.0,17,6.124898939167504,,4-16 px
NGA,NG002016,2026-08-20,2,MFED,0.082055755,0.070721,0.0,0.22484198,30,2.4616728,0.0742712,0.08689167187070165,0.24761269986629486,0.0,0.047072093933820724,2.3879380141279145,0.08095332717096344,27,10.808645186766183,0.058934524101346204,4-16 px
NGA,NG002016,2026-08-20,2,SFED,0.045788713,0.034047283,0.0,0.22243403,30,1.3736613,0.05221225,0.05420214652760911,0.22243402898311615,0.0,0.05216461420059204,1.489571593618411,0.05969843945848446,27,10.808645186766183,0.18374470423768205,4-16 px
NGA,NG002017,2026-08-20,2,MFED,0.0059979567,0.0,0.0,0.22484198,38,0.22792235,0.03597938,0.005843203531179496,0.22484198212623596,0.0,0.0,0.23229659860718302,0.035063221839680206,40,13.690950569903832,0.02580098132760847,4-16 px
NGA,NG002017,2026-08-20,2,SFED,0.0059345895,0.0,0.0,0.22243403,38,0.2255144,0.03559395,0.005693488418801107,0.22243402898311615,0.0,0.0,0.2263446732326836,0.03469584600621266,40,13.690950569903832,0.0406264125259032,4-16 px
NGA,NG002018,2026-08-20,2,MFED,0.013483972,0.0,0.0,0.1759,130,1.7529165,0.03816497,0.012043320703313088,0.17589999735355377,0.0,0.0,1.603486857522205,0.033429581171428795,133,46.8374624759868,0.10684175973421721,16-64 px
NGA,NG002018,2026-08-20,2,SFED,0.0023055673,0.0,0.0,0.058537573,130,0.29972374,0.010903207,0.001946827730694561,0.09687434881925583,0.0,0.0,0.25920697097850526,0.009957959698457737,133,46.8374624759868,0.1555970928740353,16-64 px
NGA,NG002019,2026-08-20,2,MFED,0.0029057353,0.0,0.0,0.1344,184,0.5346553,0.016822306,0.00507695791131716,0.13439999520778656,0.0,0.0,0.9289558069797968,0.02166600145360828,183,66.29302381216593,0.7472196835400525,>64 px
NGA,NG002019,2026-08-20,2,SFED,0.0007872143,0.0,0.0,0.06120163,184,0.14484744,0.006037562,0.000632561274506592,0.06120162829756737,0.0,0.0,0.1157428285772391,0.0051099455974691925,183,66.29302381216593,0.19645606729121676,>64 px
NGA,NG002020,2026-08-20,2,MFED,0.11634419,0.11634419,0.115943514,0.116744876,2,0.23268838,0.00040068105,0.10236603300703881,0.11674487590789795,0.011800000444054604,0.11594351381063461,0.2140631982616977,0.03506688814406771,2,0.7205763457844122,0.12014486493017994,<1 px
NGA,NG002020,2026-08-20,2,SFED,0.12209081,0.12209081,0.07794437,0.16623725,2,0.24418162,0.04414644,0.10320202977556334,0.1662372499704361,0.00039999998989515007,0.07794436812400818,0.21581139672900082,0.05469922962340094,2,0.7205763457844122,0.1547109092358111,<1 px
NGA,NG002021,2026-08-20,2,MFED,0.07837167,0.044378392,0.0002,0.3362,31,2.4295216,0.088879846,0.09153361811074266,0.3361999988555908,0.0,0.08730000257492065,2.8050136265756414,0.09948615368450447,31,11.16893335965839,0.16794267763775683,4-16 px
NGA,NG002021,2026-08-20,2,SFED,0.0650319,0.014408644,0.0,0.3017,31,2.0159888,0.08683325,0.07425129382916719,0.30169999599456787,0.0,0.014408644288778305,2.2754032374171156,0.09638138782502947,31,11.16893335965839,0.14176725313526417,4-16 px
NGA,NG003,2026-08-20,1,MFED,0.0009302469,0.0,0.0,0.06160581,213,0.19814259,0.007266129,0.0007988412400977171,0.10692422091960907,0.0,0.0,0.17557768486963332,0.007235693407373022,220,76.7413808260399,0.14125890653576262,>64 px
NGA,NG003,2026-08-20,1,SFED,0.00093400275,0.0,0.0,0.06160581,213,0.19894259,0.0072657503,0.0008014881354257565,0.10692422091960907,0.0,0.0,0.17615944721546883,0.007235472584909211,220,76.7413808260399,0.14187818459232965,>64 px
NGA,NG003001,2026-08-20,2,MFED,0.0,0.0,0.0,0.0,6,0.0,0.0,0.0,0.0,0.0,0.0,0.0,0.0,6,2.1617290373532367,,1-4 px
NGA,NG003001,2026-08-20,2,SFED,0.0,0.0,0.0,0.0,6,0.0,0.0,0.0,0.0,0.0,0.0,0.0,0.0,6,2.1617290373532367,,1-4 px
NGA,NG003002,2026-08-20,2,MFED,0.0,0.0,0.0,0.0,4,0.0,0.0,0.0,0.0,0.0,0.0,0.0,0.0,4,1.4411526915688244,,1-4 px
NGA,NG003002,2026-08-20,2,SFED,0.0,0.0,0.0,0.0,4,0.0,0.0,0.0,0.0,0.0,0.0,0.0,0.0,4,1.4411526915688244,,1-4 px
NGA,NG003003,2026-08-20,2,MFED,0.0,0.0,0.0,0.0,6,0.0,0.0,0.0,0.0,0.0,0.0,0.0,0.0,5,2.1617290373532367,,1-4 px
NGA,NG003003,2026-08-20,2,SFED,0.0,0.0,0.0,0.0,6,0.0,0.0,0.0,0.0,0.0,0.0,0.0,0.0,5,2.1617290373532367,,1-4 px
NGA,NG003004,2026-08-20,2,MFED,0.0,0.0,0.0,0.0,5,0.0,0.0,0.0,0.0,0.0,0.0,0.0,0.0,6,1.8014408644610305,,1-4 px
NGA,NG003004,2026-08-20,2,SFED,0.0,0.0,0.0,0.0,5,0.0,0.0,0.0,0.0,0.0,0.0,0.0,0.0,6,1.8014408644610305,,1-4 px
NGA,NG003005,2026-08-20,2,MFED,0.0,0.0,0.0,0.0,10,0.0,0.0,1.7963259036518023e-07,9.999999747378752e-05,0.0,0.0,1.694660901432536e-06,4.234500054930526e-06,9,3.602881728922061,,1-4 px
NGA,NG003005,2026-08-20,2,SFED,0.0,0.0,0.0,0.0,10,0.0,0.0,1.7963259036518023e-07,9.999999747378752e-05,0.0,0.0,1.694660901432536e-06,4.234500054930526e-06,9,3.602881728922061,,1-4 px
NGA,NG003006,2026-08-20,2,MFED,0.0,0.0,0.0,0.0,9,0.0,0.0,0.0,0.0,0.0,0.0,0.0,0.0,7,3.242593556029855,,1-4 px
NGA,NG003006,2026-08-20,2,SFED,0.0,0.0,0.0,0.0,9,0.0,0.0,0.0,0.0,0.0,0.0,0.0,0.0,7,3.242593556029855,,1-4 px
NGA,NG003007,2026-08-20,2,MFED,0.0,0.0,0.0,0.0,6,0.0,0.0,0.0,0.0,0.0,0.0,0.0,0.0,6,2.1617290373532367,,1-4 px
NGA,NG003007,2026-08-20,2,SFED,0.0,0.0,0.0,0.0,6,0.0,0.0,0.0,0.0,0.0,0.0,0.0,0.0,6,2.1617290373532367,,1-4 px
NGA,NG003008,2026-08-20,2,MFED,0.0,0.0,0.0,0.0,6,0.0,0.0,0.0,0.0,0.0,0.0,0.0,0.0,8,2.1617290373532367,,1-4 px
NGA,NG003008,2026-08-20,2,SFED,0.0,0.0,0.0,0.0,6,0.0,0.0,0.0,0.0,0.0,0.0,0.0,0.0,8,2.1617290373532367,,1-4 px
NGA,NG003009,2026-08-20,2,MFED,0.00017142856,0.0,0.0,0.0004,7,0.0011999999,0.00019794866,0.00016105570624120585,0.00039999998989515007,0.0,0.0,0.0009198300869661267,0.0001961671574457683,6,2.522017210245443,0.06050831762685376,1-4 px
NGA,NG003009,2026-08-20,2,SFED,0.00017142856,0.0,0.0,0.0004,7,0.0011999999,0.00019794866,0.0001610676175483544,0.00039999998989515007,0.0,0.0,0.0009198981154697175,0.0001961695217751793,6,2.522017210245443,0.060438834997188426,1-4 px
NGA,NG003010,2026-08-20,2,MFED,0.012331163,0.0,0.0,0.06160581,10,0.123311624,0.024637341,0.010893251573147605,0.10692422091960907,0.0,0.0,0.11948032015058858,0.02619758242010499,11,3.602881728922061,0.11660793283264473,1-4 px
NGA,NG003010,2026-08-20,2,SFED,0.012351162,0.0,0.0,0.06160581,10,0.12351162,0.024627484,0.010905587543537066,0.10692422091960907,0.0,0.0,0.11961562462617181,0.026192543771322144,11,3.602881728922061,0.11703955113396901,1-4 px
NGA,NG003011,2026-08-20,2,MFED,0.0,0.0,0.0,0.0,3,0.0,0.0,0.0,0.0,0.0,0.0,0.0,0.0,4,1.0808645186766184,,1-4 px
NGA,NG003011,2026-08-20,2,SFED,0.0,0.0,0.0,0.0,3,0.0,0.0,0.0,0.0,0.0,0.0,0.0,0.0,4,1.0808645186766184,,1-4 px
NGA,NG003012,2026-08-20,2,MFED,1e-05,0.0,0.0,0.0001,10,0.0001,3e-05,3.2603276344033796e-06,9.999999747378752e-05,0.0,0.0,2.793498473659693e-05,1.775958949188869e-05,9,3.602881728922061,0.6739672365596621,1-4 px
NGA,NG003012,2026-08-20,2,SFED,3.0000001e-05,0.0,0.0,0.0003,10,0.0003,9e-05,9.780983614870327e-06,0.0003000000142492354,0.0,0.0,8.380496030740388e-05,5.327877235220678e-05,9,3.602881728922061,0.673967223705415,1-4 px
NGA,NG003013,2026-08-20,2,MFED,0.0,0.0,0.0,0.0,11,0.0,0.0,0.0,0.0,0.0,0.0,0.0,0.0,11,3.9631699018142674,,1-4 px
NGA,NG003013,2026-08-20,2,SFED,0.0,0.0,0.0,0.0,11,0.0,0.0,0.0,0.0,0.0,0.0,0.0,0.0,11,3.9631699018142674,,1-4 px
NGA,NG003014,2026-08-20,2,MFED,0.0,0.0,0.0,0.0,3,0.0,0.0,0.0,0.0,0.0,0.0,0.0,0.0,4,1.0808645186766184,,1-4 px
NGA,NG003014,2026-08-20,2,SFED,0.0,0.0,0.0,0.0,3,0.0,0.0,0.0,0.0,0.0,0.0,0.0,0.0,4,1.0808645186766184,,1-4 px
NGA,NG003015,2026-08-20,2,MFED,1.6666667e-05,0.0,0.0,0.0001,12,0.0002,3.7267797e-05,2.1445316419917502e-05,9.999999747378752e-05,0.0,0.0,0.00026799808924551693,4.10442443159323e-05,12,4.3234580747064735,0.2867189594606709,4-16 px
NGA,NG003015,2026-08-20,2,SFED,1.6666667e-05,0.0,0.0,0.0001,12,0.0002,3.7267797e-05,2.1445316419917502e-05,9.999999747378752e-05,0.0,0.0,0.00026799808924551693,4.10442443159323e-05,12,4.3234580747064735,0.2867189594606709,4-16 px
NGA,NG003016,2026-08-20,2,MFED,0.014175736,0.004636436,0.0,0.06160581,5,0.070878685,0.02380551,0.009084306506642704,0.06160581111907959,0.0,9.999999747378752e-05,0.05342392414144214,0.019913813470442205,6,1.8014408644610305,0.35916508979549955,1-4 px
NGA,NG003016,2026-08-20,2,SFED,0.014175736,0.004636436,0.0,0.06160581,5,0.070878685,0.02380551,0.009103244061770332,0.06160581111907959,0.0,0.0003000000142492354,0.05353529406360658,0.01990535390834116,6,1.8014408644610305,0.3578291764342725,1-4 px
NGA,NG003017,2026-08-20,2,MFED,0.0,0.0,0.0,0.0,6,0.0,0.0,0.0,0.0,0.0,0.0,0.0,0.0,8,2.1617290373532367,,1-4 px
NGA,NG003017,2026-08-20,2,SFED,0.0,0.0,0.0,0.0,6,0.0,0.0,0.0,0.0,0.0,0.0,0.0,0.0,8,2.1617290373532367,,1-4 px
NGA,NG003018,2026-08-20,2,MFED,0.0,0.0,0.0,0.0,11,0.0,0.0,0.0,0.0,0.0,0.0,0.0,0.0,11,3.9631699018142674,,1-4 px
NGA,NG003018,2026-08-20,2,SFED,0.0,0.0,0.0,0.0,11,0.0,0.0,0.0,0.0,0.0,0.0,0.0,0.0,11,3.9631699018142674,,1-4 px
NGA,NG003019,2026-08-20,2,MFED,0.0,0.0,0.0,0.0,4,0.0,0.0,0.0,0.0,0.0,0.0,0.0,0.0,4,1.4411526915688244,,1-4 px
NGA,NG003019,2026-08-20,2,SFED,0.0,0.0,0.0,0.0,4,0.0,0.0,0.0,0.0,0.0,0.0,0.0,0.0,4,1.4411526915688244,,1-4 px
NGA,NG003020,2026-08-20,2,MFED,0.0,0.0,0.0,0.0,3,0.0,0.0,1.8367900070622766e-06,9.999999747378752e-05,0.0,0.0,7.826468399142573e-06,1.3427777125647491e-05,4,1.0808645186766184,,1-4 px
NGA,NG003020,2026-08-20,2,SFED,0.0,0.0,0.0,0.0,3,0.0,0.0,5.510370422119027e-06,0.0003000000142492354,0.0,0.0,2.3479406905779335e-05,4.028333430794066e-05,4,1.0808645186766184,,1-4 px
NGA,NG003021,2026-08-20,2,MFED,0.0,0.0,0.0,0.0,7,0.0,0.0,0.0,0.0,0.0,0.0,0.0,0.0,7,2.522017210245443,,1-4 px
NGA,NG003021,2026-08-20,2,SFED,0.0,0.0,0.0,0.0,7,0.0,0.0,0.0,0.0,0.0,0.0,0.0,0.0,7,2.522017210245443,,1-4 px
NGA,NG003022,2026-08-20,2,MFED,2.8571429e-05,0.0,0.0,0.0001,7,0.0002,4.5175395e-05,1.893422419948861e-05,9.999999747378752e-05,0.0,0.0,0.00014509261943599245,3.917802350911142e-05,8,2.522017210245443,0.33730216295836624,1-4 px
NGA,NG003022,2026-08-20,2,SFED,2.8571429e-05,0.0,0.0,0.0001,7,0.0002,4.5175395e-05,1.893422419948861e-05,9.999999747378752e-05,0.0,0.0,0.00014509261943599245,3.917802350911142e-05,8,2.522017210245443,0.33730216295836624,1-4 px
NGA,NG003023,2026-08-20,2,MFED,0.0,0.0,0.0,0.0,8,0.0,0.0,0.0,0.0,0.0,0.0,0.0,0.0,10,2.882305383137649,,1-4 px
NGA,NG003023,2026-08-20,2,SFED,0.0,0.0,0.0,0.0,8,0.0,0.0,2.6695125325243047e-06,0.00024557954748161137,0.0,0.0,2.620674368151164e-05,2.5464708570343085e-05,10,2.882305383137649,,1-4 px
NGA,NG003024,2026-08-20,2,MFED,0.0,0.0,0.0,0.0,5,0.0,0.0,0.0,0.0,0.0,0.0,0.0,0.0,5,1.8014408644610305,,1-4 px
NGA,NG003024,2026-08-20,2,SFED,0.0,0.0,0.0,0.0,5,0.0,0.0,0.0,0.0,0.0,0.0,0.0,0.0,5,1.8014408644610305,,1-4 px
NGA,NG003025,2026-08-20,2,MFED,0.0,0.0,0.0,0.0,1,0.0,0.0,0.0,0.0,0.0,0.0,0.0,0.0,2,0.3602881728922061,,<1 px
NGA,NG003025,2026-08-20,2,SFED,0.0,0.0,0.0,0.0,1,0.0,0.0,0.0,0.0,0.0,0.0,0.0,0.0,2,0.3602881728922061,,<1 px
NGA,NG003026,2026-08-20,2,MFED,0.0,0.0,0.0,0.0,16,0.0,0.0,0.0,0.0,0.0,0.0,0.0,0.0,18,5.764610766275298,,4-16 px
NGA,NG003026,2026-08-20,2,SFED,0.0,0.0,0.0,0.0,16,0.0,0.0,0.0,0.0,0.0,0.0,0.0,0.0,18,5.764610766275298,,4-16 px
NGA,NG003027,2026-08-20,2,MFED,0.0,0.0,0.0,0.0,2,0.0,0.0,0.0,0.0,0.0,0.0,0.0,0.0,2,0.7205763457844122,,<1 px
NGA,NG003027,2026-08-20,2,SFED,0.0,0.0,0.0,0.0,2,0.0,0.0,0.0,0.0,0.0,0.0,0.0,0.0,2,0.7205763457844122,,<1 px
NGA,NG003028,2026-08-20,2,MFED,0.0,0.0,0.0,0.0,6,0.0,0.0,0.0,0.0,0.0,0.0,0.0,0.0,7,2.1617290373532367,,1-4 px
NGA,NG003028,2026-08-20,2,SFED,0.0,0.0,0.0,0.0,6,0.0,0.0,0.0,0.0,0.0,0.0,0.0,0.0,7,2.1617290373532367,,1-4 px
NGA,NG003029,2026-08-20,2,MFED,8.094493e-05,0.0,0.0,0.0003,13,0.001052284,0.00012313326,2.8939843115350706e-05,0.00039999998989515007,0.0,0.0,0.0003272591032241292,8.155083895619106e-05,11,4.6837462475986795,0.6424749133101888,4-16 px
NGA,NG003029,2026-08-20,2,SFED,8.094493e-05,0.0,0.0,0.0003,13,0.001052284,0.00012313326,2.8939843115350706e-05,0.00039999998989515007,0.0,0.0,0.0003272591032241292,8.155083895619106e-05,11,4.6837462475986795,0.6424749133101888,4-16 px
NGA,NG003030,2026-08-20,2,MFED,0.0,0.0,0.0,0.0,5,0.0,0.0,0.0,0.0,0.0,0.0,0.0,0.0,4,1.8014408644610305,,1-4 px
NGA,NG003030,2026-08-20,2,SFED,0.0,0.0,0.0,0.0,5,0.0,0.0,0.0,0.0,0.0,0.0,0.0,0.0,4,1.8014408644610305,,1-4 px
NGA,NG003031,2026-08-20,2,MFED,0.00024000001,0.0003,0.0001,0.0004,5,0.0012,0.000120000004,0.00016291413451309205,0.00039999998989515007,0.0,9.999999747378752e-05,0.0009758096603054952,0.00014597325078276088,6,1.8014408644610305,0.3211911344791525,1-4 px
NGA,NG003031,2026-08-20,2,SFED,0.00032000002,0.0003,0.0003,0.0004,5,0.0016000001,3.999999e-05,0.00020253040392650425,0.00039999998989515007,0.0,0.0003000000142492354,0.0012130999268278647,0.0001505893385449016,6,1.8014408644610305,0.36709252728639125,1-4 px
NGA,NG004,2026-08-20,1,MFED,2.5353283e-05,0.0,0.0,0.0008821676,157,0.0039804657,0.00012155434,3.6042705052611615e-05,0.0008821676019579172,0.0,0.0,0.005661022377954368,0.00014480181213270284,157,56.56524314407636,0.42161885120012327,16-64 px
NGA,NG004,2026-08-20,1,SFED,2.5353283e-05,0.0,0.0,0.0008821676,157,0.0039804657,0.00012155434,3.6042705052611615e-05,0.0008821676019579172,0.0,0.0,0.005661022377954368,0.00014480181213270284,157,56.56524314407636,0.42161885120012327,16-64 px
NGA,NG004001,2026-08-20,2,MFED,0.0,0.0,0.0,0.0,6,0.0,0.0,0.0,0.0,0.0,0.0,0.0,0.0,6,2.1617290373532367,,1-4 px
NGA,NG004001,2026-08-20,2,SFED,0.0,0.0,0.0,0.0,6,0.0,0.0,0.0,0.0,0.0,0.0,0.0,0.0,6,2.1617290373532367,,1-4 px
NGA,NG004002,2026-08-20,2,MFED,4.8466423e-05,0.0,0.0,0.00022943673,9,0.00043619782,9.082976e-05,0.00012337961943234774,0.0008332465076819062,0.0,0.0,0.0010439043994229207,0.0002210301772115379,8,3.242593556029855,1.5456720714121557,1-4 px
NGA,NG004002,2026-08-20,2,SFED,4.8466423e-05,0.0,0.0,0.00022943673,9,0.00043619782,9.082976e-05,0.00012337961943234774,0.0008332465076819062,0.0,0.0,0.0010439043994229207,0.0002210301772115379,8,3.242593556029855,1.5456720714121557,1-4 px
NGA,NG004003,2026-08-20,2,MFED,0.000103690945,0.0,0.0,0.0008821676,31,0.0032144194,0.00024946674,0.00012596999172858364,0.0008821676019579172,0.0,0.0,0.003928395805340423,0.0002725469284946405,31,11.16893335965839,0.21486009919751087,4-16 px
NGA,NG004003,2026-08-20,2,SFED,0.000103690945,0.0,0.0,0.0008821676,31,0.0032144194,0.00024946674,0.00012596999172858364,0.0008821676019579172,0.0,0.0,0.003928395805340423,0.0002725469284946405,31,11.16893335965839,0.21486009919751087,4-16 px
NGA,NG004004,2026-08-20,2,MFED,2.5102921e-05,0.0,0.0,0.000100411686,4,0.000100411686,4.3479537e-05,5.032592140483154e-05,0.00010041168570751324,0.0,0.00010041168570751324,0.00016568880249294326,5.0205699256137014e-05,3,1.4411526915688244,1.0047834833576355,1-4 px
NGA,NG004004,2026-08-20,2,SFED,2.5102921e-05,0.0,0.0,0.000100411686,4,0.000100411686,4.3479537e-05,5.032592140483154e-05,0.00010041168570751324,0.0,0.00010041168570751324,0.00016568880249294326,5.0205699256137014e-05,3,1.4411526915688244,1.0047834833576355,1-4 px
NGA,NG004005,2026-08-20,2,MFED,0.0,0.0,0.0,0.0,11,0.0,0.0,0.0,0.0,0.0,0.0,0.0,0.0,11,3.9631699018142674,,1-4 px
NGA,NG004005,2026-08-20,2,SFED,0.0,0.0,0.0,0.0,11,0.0,0.0,0.0,0.0,0.0,0.0,0.0,0.0,11,3.9631699018142674,,1-4 px
NGA,NG004006,2026-08-20,2,MFED,0.0,0.0,0.0,0.0,7,0.0,0.0,1.2108603369963942e-05,0.00010041168570751324,0.0,0.0,6.863171936603393e-05,3.269903668872606e-05,6,2.522017210245443,,1-4 px
NGA,NG004006,2026-08-20,2,SFED,0.0,0.0,0.0,0.0,7,0.0,0.0,1.2108603369963942e-05,0.00010041168570751324,0.0,0.0,6.863171936603393e-05,3.269903668872606e-05,6,2.522017210245443,,1-4 px
NGA,NG004007,2026-08-20,2,MFED,0.0,0.0,0.0,0.0,20,0.0,0.0,7.0760009349548e-06,0.00020676107669714838,0.0,0.0,0.0001366121310979026,3.758951692679492e-05,19,7.205763457844122,,4-16 px
NGA,NG004007,2026-08-20,2,SFED,0.0,0.0,0.0,0.0,20,0.0,0.0,7.0760009349548e-06,0.00020676107669714838,0.0,0.0,0.0001366121310979026,3.758951692679492e-05,19,7.205763457844122,,4-16 px
NGA,NG004008,2026-08-20,2,MFED,0.0,0.0,0.0,0.0,2,0.0,0.0,0.0,0.0,0.0,0.0,0.0,0.0,2,0.7205763457844122,,<1 px
NGA,NG004008,2026-08-20,2,SFED,0.0,0.0,0.0,0.0,2,0.0,0.0,0.0,0.0,0.0,0.0,0.0,0.0,2,0.7205763457844122,,<1 px
NGA,NG004009,2026-08-20,2,MFED,0.0,0.0,0.0,0.0,2,0.0,0.0,0.0,0.0,0.0,0.0,0.0,0.0,4,0.7205763457844122,,<1 px
NGA,NG004009,2026-08-20,2,SFED,0.0,0.0,0.0,0.0,2,0.0,0.0,0.0,0.0,0.0,0.0,0.0,0.0,4,0.7205763457844122,,<1 px
NGA,NG004010,2026-08-20,2,MFED,0.0,0.0,0.0,0.0,3,0.0,0.0,1.0110462672709908e-06,0.00022943672956898808,0.0,0.0,4.374555727561106e-06,1.5197004127492582e-05,4,1.0808645186766184,,1-4 px
NGA,NG004010,2026-08-20,2,SFED,0.0,0.0,0.0,0.0,3,0.0,0.0,1.0110462672709908e-06,0.00022943672956898808,0.0,0.0,4.374555727561106e-06,1.5197004127492582e-05,4,1.0808645186766184,,1-4 px
NGA,NG004011,2026-08-20,2,MFED,0.0,0.0,0.0,0.0,5,0.0,0.0,0.0,0.0,0.0,0.0,0.0,0.0,4,1.8014408644610305,,1-4 px
NGA,NG004011,2026-08-20,2,SFED,0.0,0.0,0.0,0.0,5,0.0,0.0,0.0,0.0,0.0,0.0,0.0,0.0,4,1.8014408644610305,,1-4 px
NGA,NG004012,2026-08-20,2,MFED,0.0,0.0,0.0,0.0,7,0.0,0.0,0.0,0.0,0.0,0.0,0.0,0.0,8,2.522017210245443,,1-4 px
NGA,NG004012,2026-08-20,2,SFED,0.0,0.0,0.0,0.0,7,0.0,0.0,0.0,0.0,0.0,0.0,0.0,0.0,8,2.522017210245443,,1-4 px
NGA,NG004013,2026-08-20,2,MFED,0.0,0.0,0.0,0.0,3,0.0,0.0,8.244891516598144e-06,0.00010041168570751324,0.0,0.0,2.62573588193829e-05,2.7566378426204682e-05,3,1.0808645186766184,,1-4 px
NGA,NG004013,2026-08-20,2,SFED,0.0,0.0,0.0,0.0,3,0.0,0.0,8.244891516598144e-06,0.00010041168570751324,0.0,0.0,2.62573588193829e-05,2.7566378426204682e-05,3,1.0808645186766184,,1-4 px
NGA,NG004014,2026-08-20,2,MFED,0.0,0.0,0.0,0.0,3,0.0,0.0,0.0,0.0,0.0,0.0,0.0,0.0,2,1.0808645186766184,,1-4 px
NGA,NG004014,2026-08-20,2,SFED,0.0,0.0,0.0,0.0,3,0.0,0.0,0.0,0.0,0.0,0.0,0.0,0.0,2,1.0808645186766184,,1-4 px
NGA,NG004015,2026-08-20,2,MFED,0.0,0.0,0.0,0.0,5,0.0,0.0,0.0,0.0,0.0,0.0,0.0,0.0,5,1.8014408644610305,,1-4 px
NGA,NG004015,2026-08-20,2,SFED,0.0,0.0,0.0,0.0,5,0.0,0.0,0.0,0.0,0.0,0.0,0.0,0.0,5,1.8014408644610305,,1-4 px
NGA,NG004016,2026-08-20,2,MFED,0.0,0.0,0.0,0.0,18,0.0,0.0,7.1787210002014095e-06,0.00043421622831374407,0.0,0.0,0.00012140638447754677,5.5367708293060054e-05,17,6.48518711205971,,4-16 px
NGA,NG004016,2026-08-20,2,SFED,0.0,0.0,0.0,0.0,18,0.0,0.0,7.1787210002014095e-06,0.00043421622831374407,0.0,0.0,0.00012140638447754677,5.5367708293060054e-05,17,6.48518711205971,,4-16 px
NGA,NG004017,2026-08-20,2,MFED,0.00022943673,0.00022943673,0.00022943673,0.00022943673,1,0.00022943673,0.0,0.00011316689635316702,0.00022943672956898808,0.0,0.0,0.00013912686724203827,0.00011470787315844905,1,0.3602881728922061,0.5067620761803613,<1 px
NGA,NG004017,2026-08-20,2,SFED,0.00022943673,0.00022943673,0.00022943673,0.00022943673,1,0.00022943673,0.0,0.00011316689635316702,0.00022943672956898808,0.0,0.0,0.00013912686724203827,0.00011470787315844905,1,0.3602881728922061,0.5067620761803613,<1 px
NGA,NG004018,2026-08-20,2,MFED,,,,,0,0.0,,0.0,0.0,0.0,0.0,0.0,0.0,0,0.0,,
NGA,NG004018,2026-08-20,2,SFED,,,,,0,0.0,,0.0,0.0,0.0,0.0,0.0,0.0,0,0.0,,
NGA,NG004019,2026-08-20,2,MFED,0.0,0.0,0.0,0.0,9,0.0,0.0,1.7488340666260882e-06,0.00010041168570751324,0.0,0.0,1.8343474743554693e-05,1.3135636873028238e-05,10,3.242593556029855,,1-4 px
NGA,NG004019,2026-08-20,2,SFED,0.0,0.0,0.0,0.0,9,0.0,0.0,1.7488340666260882e-06,0.00010041168570751324,0.0,0.0,1.8343474743554693e-05,1.3135636873028238e-05,10,3.242593556029855,,1-4 px
NGA,NG004020,2026-08-20,2,MFED,0.0,0.0,0.0,0.0,6,0.0,0.0,0.0,0.0,0.0,0.0,0.0,0.0,6,2.1617290373532367,,1-4 px
NGA,NG004020,2026-08-20,2,SFED,0.0,0.0,0.0,0.0,6,0.0,0.0,0.0,0.0,0.0,0.0,0.0,0.0,6,2.1617290373532367,,1-4 px
NGA,NG004021,2026-08-20,2,MFED,0.0,0.0,0.0,0.0,5,0.0,0.0,1.875739084510356e-06,0.00022943672956898808,0.0,0.0,8.280922819522766e-06,2.0660228555406255e-05,4,1.8014408644610305,,1-4 px
NGA,NG004021,2026-08-20,2,SFED,0.0,0.0,0.0,0.0,5,0.0,0.0,1.875739084510356e-06,0.00022943672956898808,0.0,0.0,8.280922819522766e-06,2.0660228555406255e-05,4,1.8014408644610305,,1-4 px
NGA,NG005,2026-08-20,1,MFED,0.012297733,0.0,0.0,0.3107,1609,19.787052,0.045813102,0.012297256881841195,0.310699999332428,0.0,0.0,19.72980518445858,0.04588336607049199,1604,579.7036701835597,3.871592909074471e-05,>64 px
NGA,NG005,2026-08-20,1,SFED,0.004138987,0.0,0.0,0.29811734,1609,6.6596303,0.027293876,0.004352813666958024,0.3003999888896942,0.0,0.0,6.983684774459413,0.028773220490500066,1604,579.7036701835597,0.051661594239852365,>64 px
NGA,NG005001,2026-08-20,2,MFED,0.0,0.0,0.0,0.0,195,0.0,0.0,0.0,0.0,0.0,0.0,0.0,0.0,198,70.2561937139802,,>64 px
NGA,NG005001,2026-08-20,2,SFED,0.0,0.0,0.0,0.0,195,0.0,0.0,0.0,0.0,0.0,0.0,0.0,0.0,198,70.2561937139802,,>64 px
NGA,NG005002,2026-08-20,2,MFED,0.0015974859,0.0,0.0,0.15697268,118,0.18850334,0.014420265,0.0023289649456411576,0.15697267651557922,0.0,0.0,0.28089458903047,0.018293900974027954,121,42.514004401280324,0.4578938979312166,16-64 px
NGA,NG005002,2026-08-20,2,SFED,0.0,0.0,0.0,0.0,118,0.0,0.0,0.0,0.0,0.0,0.0,0.0,0.0,121,42.514004401280324,,16-64 px
NGA,NG005003,2026-08-20,2,MFED,0.00014848655,0.0,0.0,0.0028030833,31,0.0046030832,0.00050269533,0.00013094141616289996,0.002803083276376128,0.0,0.0,0.003841811892342705,0.0004885563632881491,29,11.16893335965839,0.11815975141923653,4-16 px
NGA,NG005003,2026-08-20,2,SFED,0.0,0.0,0.0,0.0,31,0.0,0.0,0.0,0.0,0.0,0.0,0.0,0.0,29,11.16893335965839,,4-16 px
NGA,NG005004,2026-08-20,2,MFED,0.0,0.0,0.0,0.0,35,0.0,0.0,2.0374895834442534e-05,0.002099999925121665,0.0,0.0,0.0007419566421400064,0.00020584494977148862,36,12.610086051227213,,4-16 px
NGA,NG005004,2026-08-20,2,SFED,0.0,0.0,0.0,0.0,35,0.0,0.0,0.0,0.0,0.0,0.0,0.0,0.0,36,12.610086051227213,,4-16 px
NGA,NG005005,2026-08-20,2,MFED,0.0,0.0,0.0,0.0,105,0.0,0.0,0.0,0.0,0.0,0.0,0.0,0.0,101,37.83025815368164,,16-64 px
NGA,NG005005,2026-08-20,2,SFED,0.0,0.0,0.0,0.0,105,0.0,0.0,0.0,0.0,0.0,0.0,0.0,0.0,101,37.83025815368164,,16-64 px
NGA,NG005006,2026-08-20,2,MFED,3.4782606e-05,0.0,0.0,0.0008,23,0.0008,0.0001631449,0.002787724004528683,0.06859602779150009,0.0,0.0,0.06330242813872261,0.012852278445137406,23,8.286627976520741,79.14707134159768,4-16 px
NGA,NG005006,2026-08-20,2,SFED,0.0,0.0,0.0,0.0,23,0.0,0.0,0.0,0.0,0.0,0.0,0.0,0.0,23,8.286627976520741,,4-16 px
NGA,NG005007,2026-08-20,2,MFED,0.06093565,0.0027,0.0,0.2971,99,6.032629,0.08651886,0.06023308466855503,0.2971000075340271,0.0,0.0027000000700354576,5.873679531214091,0.08414901874720052,98,35.66852911632841,0.011529627261627158,16-64 px
NGA,NG005007,2026-08-20,2,SFED,0.0034515394,0.0,0.0,0.2644024,99,0.3417024,0.027335368,0.004169275749247912,0.2644023895263672,0.0,0.0,0.40657040500416786,0.030673546616266405,98,35.66852911632841,0.2079467350851947,16-64 px
NGA,NG005008,2026-08-20,2,MFED,3.881254e-06,0.0,0.0,0.00021088148,163,0.00063264446,2.8344673e-05,2.8999226575921835e-06,0.0002108814805978909,0.0,0.0,0.00046880463502212757,2.4558713977576145e-05,162,58.726972181429595,0.25283873263842466,16-64 px
NGA,NG005008,2026-08-20,2,SFED,0.0,0.0,0.0,0.0,163,0.0,0.0,0.0,0.0,0.0,0.0,0.0,0.0,162,58.726972181429595,,16-64 px
NGA,NG005009,2026-08-20,2,MFED,5.0000002e-05,0.0,0.0,0.0006,24,0.0012,0.00014142136,4.801170191992937e-05,0.0006000000284984708,0.0,0.0,0.0011932196786511077,0.00013224784127647388,25,8.646916149412947,0.0397660000107726,4-16 px
NGA,NG005009,2026-08-20,2,SFED,1.2500001e-05,0.0,0.0,0.0003,24,0.0003,5.9947895e-05,8.985172545605085e-06,0.0003000000142492354,0.0,0.0,0.00022330565817833077,5.113529667498829e-05,25,8.646916149412947,0.2811862538566929,4-16 px
NGA,NG005010,2026-08-20,2,MFED,0.10233347,0.0726,0.0,0.3107,57,5.833008,0.09822969,0.10079268680166541,0.310699999332428,0.0,0.07259999960660934,5.529975666978188,0.09877853695921625,55,20.53642585485575,0.015056493230754208,16-64 px
NGA,NG005010,2026-08-20,2,SFED,0.04177909,0.0,0.0,0.29811734,57,2.381408,0.0808583,0.03798481077305068,0.29811733961105347,0.0,0.0,2.0840309545778513,0.0801905015013484,55,20.53642585485575,0.0908176608669389,16-64 px
NGA,NG005011,2026-08-20,2,MFED,0.0,0.0,0.0,0.0,14,0.0,0.0,0.0007347060613292928,0.1871280074119568,0.0,0.0,0.009319244372546375,0.007536887845139841,13,5.044034420490886,,4-16 px
NGA,NG005011,2026-08-20,2,SFED,0.0002593473,0.0,0.0,0.0009077155,14,0.003630862,0.00041006407,0.00021411302711433274,0.004842126742005348,0.0,0.0,0.002715877448205502,0.0004120851404687647,13,5.044034420490886,0.17441582343701767,4-16 px
NGA,NG005012,2026-08-20,2,MFED,0.0048165456,0.0,0.0,0.187128,44,0.21192801,0.027979242,0.007948887576540982,0.1871280074119568,0.0,0.0,0.34976251780200446,0.03654922284726598,44,15.85267960725707,0.6503295591224094,4-16 px
NGA,NG005012,2026-08-20,2,SFED,0.00016004834,0.0,0.0,0.0048421267,44,0.0070421267,0.00073080143,0.00026097505988470444,0.004842126742005348,0.0,0.0,0.01148327903116778,0.000947866806960589,44,15.85267960725707,0.630601478807618,4-16 px
NGA,NG005013,2026-08-20,2,MFED,0.0,0.0,0.0,0.0,76,0.0,0.0,0.0,0.0,0.0,0.0,0.0,0.0,75,27.381901139807663,,16-64 px
NGA,NG005013,2026-08-20,2,SFED,0.0,0.0,0.0,0.0,76,0.0,0.0,0.0,0.0,0.0,0.0,0.0,0.0,75,27.381901139807663,,16-64 px
NGA,NG005014,2026-08-20,2,MFED,0.0,0.0,0.0,0.0,34,0.0,0.0,2.539990476311413e-06,0.0003000000142492354,0.0,0.0,8.395641199168142e-05,2.748719024321318e-05,33,12.249797878335007,,4-16 px
NGA,NG005014,2026-08-20,2,SFED,0.0,0.0,0.0,0.0,34,0.0,0.0,0.0,0.0,0.0,0.0,0.0,0.0,33,12.249797878335007,,4-16 px
NGA,NG005015,2026-08-20,2,MFED,2.580645e-06,0.0,0.0,0.0004,155,0.0004,3.2024964e-05,1.018393601058523e-06,0.00039999998989515007,0.0,0.0,0.00015666188876286,2.015738833792754e-05,154,55.84466679829195,0.6053724549256008,16-64 px
NGA,NG005015,2026-08-20,2,SFED,6.4516126e-07,0.0,0.0,0.0001,155,0.0001,8.006241e-06,1.7182970351492237e-07,9.999999747378752e-05,0.0,0.0,2.6432968422258425e-05,4.141671699978624e-06,154,55.84466679829195,0.7336639470340758,16-64 px
NGA,NG005016,2026-08-20,2,MFED,0.0005790275,0.0,0.0,0.0027,46,0.026635265,0.0009365383,0.0004236415296222347,0.0027000000700354576,0.0,0.0,0.019242613427501866,0.0007924278751966669,45,16.573255953041482,0.26835680581279014,16-64 px
NGA,NG005016,2026-08-20,2,SFED,8.710522e-05,0.0,0.0,0.0008,46,0.0040068403,0.00020071314,5.5339648722977836e-05,0.0007999999797903001,0.0,0.0,0.0025136333270715295,0.00015364836142665026,45,16.573255953041482,0.36468045516700565,16-64 px
NGA,NG005017,2026-08-20,2,MFED,0.006884871,0.0,0.0,0.15697268,81,0.5576745,0.022563253,0.005058345795974663,0.15697267651557922,0.0,0.0,0.4093641939521177,0.021039453939419688,81,29.183342004268695,0.2652954868762737,16-64 px
NGA,NG005017,2026-08-20,2,SFED,0.0,0.0,0.0,0.0,81,0.0,0.0,0.0,0.0,0.0,0.0,0.0,0.0,81,29.183342004268695,,16-64 px
NGA,NG005018,2026-08-20,2,MFED,0.0014449792,0.0,0.0,0.072,229,0.33090025,0.009442495,0.0010620154818470444,0.07199999690055847,0.0,0.0,0.24123513514846667,0.007936106339807071,227,82.5059915923152,0.26503060954299934,>64 px
NGA,NG005018,2026-08-20,2,SFED,0.0,0.0,0.0,0.0,229,0.0,0.0,0.0,0.0,0.0,0.0,0.0,0.0,227,82.5059915923152,,>64 px
NGA,NG005019,2026-08-20,2,MFED,6.253149e-05,0.0,0.0,0.00021251726,20,0.0012506298,9.557067e-05,6.062786453825232e-05,0.00039999998989515007,0.0,0.0,0.0013223335583827823,9.285961484068565e-05,22,7.205763457844122,0.030442669153536456,4-16 px
NGA,NG005019,2026-08-20,2,SFED,0.0,0.0,0.0,0.0,20,0.0,0.0,1.5495217487454704e-06,0.00010230178304482251,0.0,0.0,3.3796087383505494e-05,1.2494711685891674e-05,22,7.205763457844122,,4-16 px
NGA,NG005020,2026-08-20,2,MFED,0.10994812,0.0936,0.0,0.27905107,60,6.596887,0.092478365,0.10982027954962605,0.2790510654449463,0.0,0.09359999746084213,6.94522045144828,0.09417436235164886,63,21.617290373532366,0.001162734300267713,16-64 px
NGA,NG005020,2026-08-20,2,SFED,0.065357335,0.0013,0.0,0.29041013,60,3.92144,0.083920166,0.0707774699855166,0.3003999888896942,0.0,0.0013000000035390258,4.476087058429369,0.09036458508568129,63,21.617290373532366,0.0829307832933609,16-64 px
NGA,NG006,2026-08-20,1,MFED,0.0,0.0,0.0,0.0,312,0.0,0.0,0.0,0.0,0.0,0.0,0.0,0.0,311,112.4099099423683,,>64 px
NGA,NG006,2026-08-20,1,SFED,0.0,0.0,0.0,0.0,312,0.0,0.0,0.0,0.0,0.0,0.0,0.0,0.0,311,112.4099099423683,,>64 px
NGA,NG006001,2026-08-20,2,MFED,0.0,0.0,0.0,0.0,35,0.0,0.0,0.0,0.0,0.0,0.0,0.0,0.0,31,12.610086051227213,,4-16 px
NGA,NG006001,2026-08-20,2,SFED,0.0,0.0,0.0,0.0,35,0.0,0.0,0.0,0.0,0.0,0.0,0.0,0.0,31,12.610086051227213,,4-16 px
NGA,NG006002,2026-08-20,2,MFED,0.0,0.0,0.0,0.0,58,0.0,0.0,0.0,0.0,0.0,0.0,0.0,0.0,59,20.896714027747954,,16-64 px
NGA,NG006002,2026-08-20,2,SFED,0.0,0.0,0.0,0.0,58,0.0,0.0,0.0,0.0,0.0,0.0,0.0,0.0,59,20.896714027747954,,16-64 px
NGA,NG006003,2026-08-20,2,MFED,0.0,0.0,0.0,0.0,12,0.0,0.0,0.0,0.0,0.0,0.0,0.0,0.0,11,4.3234580747064735,,4-16 px
NGA,NG006003,2026-08-20,2,SFED,0.0,0.0,0.0,0.0,12,0.0,0.0,0.0,0.0,0.0,0.0,0.0,0.0,11,4.3234580747064735,,4-16 px
NGA,NG006004,2026-08-20,2,MFED,0.0,0.0,0.0,0.0,46,0.0,0.0,0.0,0.0,0.0,0.0,0.0,0.0,46,16.573255953041482,,16-64 px
NGA,NG006004,2026-08-20,2,SFED,0.0,0.0,0.0,0.0,46,0.0,0.0,0.0,0.0,0.0,0.0,0.0,0.0,46,16.573255953041482,,16-64 px
NGA,NG006005,2026-08-20,2,MFED,0.0,0.0,0.0,0.0,22,0.0,0.0,0.0,0.0,0.0,0.0,0.0,0.0,22,7.926339803628535,,4-16 px
NGA,NG006005,2026-08-20,2,SFED,0.0,0.0,0.0,0.0,22,0.0,0.0,0.0,0.0,0.0,0.0,0.0,0.0,22,7.926339803628535,,4-16 px
NGA,NG006006,2026-08-20,2,MFED,0.0,0.0,0.0,0.0,30,0.0,0.0,0.0,0.0,0.0,0.0,0.0,0.0,31,10.808645186766183,,4-16 px
NGA,NG006006,2026-08-20,2,SFED,0.0,0.0,0.0,0.0,30,0.0,0.0,0.0,0.0,0.0,0.0,0.0,0.0,31,10.808645186766183,,4-16 px
NGA,NG006007,2026-08-20,2,MFED,0.0,0.0,0.0,0.0,90,0.0,0.0,0.0,0.0,0.0,0.0,0.0,0.0,88,32.42593556029855,,16-64 px
NGA,NG006007,2026-08-20,2,SFED,0.0,0.0,0.0,0.0,90,0.0,0.0,0.0,0.0,0.0,0.0,0.0,0.0,88,32.42593556029855,,16-64 px
NGA,NG006008,2026-08-20,2,MFED,0.0,0.0,0.0,0.0,20,0.0,0.0,0.0,0.0,0.0,0.0,0.0,0.0,22,7.205763457844122,,4-16 px
NGA,NG006008,2026-08-20,2,SFED,0.0,0.0,0.0,0.0,20,0.0,0.0,0.0,0.0,0.0,0.0,0.0,0.0,22,7.205763457844122,,4-16 px
NGA,NG007,2026-08-20,1,MFED,0.0023108553,0.0,0.0,0.1485,1027,2.3732483,0.015905688,0.002333122272850075,0.148499995470047,0.0,0.0,2.4062547000001904,0.015429878984275542,1031,370.01595356029566,0.009635814432030753,>64 px
NGA,NG007,2026-08-20,1,SFED,0.0018448719,0.0,0.0,0.1458246,1027,1.8946835,0.014268721,0.0015257014619603055,0.14582459628582,0.0,0.0,1.5735250382546315,0.012349864170701545,1031,370.01595356029566,0.17300411916930086,>64 px
NGA,NG007001,2026-08-20,2,MFED,0.0,0.0,0.0,0.0,38,0.0,0.0,0.0,0.0,0.0,0.0,0.0,0.0,39,13.690950569903832,,4-16 px
NGA,NG007001,2026-08-20,2,SFED,0.0,0.0,0.0,0.0,38,0.0,0.0,0.0,0.0,0.0,0.0,0.0,0.0,39,13.690950569903832,,4-16 px
NGA,NG007002,2026-08-20,2,MFED,0.018620772,0.0,0.0,0.13945538,34,0.63310623,0.045785397,0.01283242458179198,0.1394553780555725,0.0,0.0,0.44093513009996654,0.03696842269363469,34,12.249797878335007,0.31085432001466,4-16 px
NGA,NG007002,2026-08-20,2,SFED,0.016409812,0.0,0.0,0.13863021,34,0.5579336,0.044629496,0.009213215707876811,0.138630211353302,0.0,0.0,0.31657544066582155,0.03418375409497853,34,12.249797878335007,0.43855446315431207,4-16 px
NGA,NG007003,2026-08-20,2,MFED,0.0,0.0,0.0,0.0,31,0.0,0.0,0.0,0.0,0.0,0.0,0.0,0.0,30,11.16893335965839,,4-16 px
NGA,NG007003,2026-08-20,2,SFED,0.0,0.0,0.0,0.0,31,0.0,0.0,0.0,0.0,0.0,0.0,0.0,0.0,30,11.16893335965839,,4-16 px
NGA,NG007004,2026-08-20,2,MFED,5.3335814e-05,0.0,0.0,0.0017252534,38,0.002026761,0.00027619133,0.00012169445376639892,0.0018075491534546018,0.0,0.0,0.004675032292011356,0.00043109380563757815,38,13.690950569903832,1.2816648821821475,4-16 px
NGA,NG007004,2026-08-20,2,SFED,0.0,0.0,0.0,0.0,38,0.0,0.0,0.0,0.0,0.0,0.0,0.0,0.0,38,13.690950569903832,,4-16 px
NGA,NG007005,2026-08-20,2,MFED,0.00022857143,0.0,0.0,0.0047,63,0.0144,0.001000544,0.0005601623945150576,0.148499995470047,0.0,0.0,0.03486080372218324,0.007379920213100476,62,22.698154892208986,1.4507104606864365,16-64 px
NGA,NG007005,2026-08-20,2,SFED,0.0,0.0,0.0,0.0,63,0.0,0.0,0.0,0.0,0.0,0.0,0.0,0.0,62,22.698154892208986,,16-64 px
NGA,NG007006,2026-08-20,2,MFED,6.889791e-05,0.0,0.0,0.0018075492,91,0.00626971,0.0002478199,0.00031055548551524873,0.03929999843239784,0.0,0.0,0.029160777048049508,0.003193476662303681,94,32.78622373319076,3.5074732385241982,16-64 px
NGA,NG007006,2026-08-20,2,SFED,4.3497817e-05,0.0,0.0,0.0013760983,91,0.003958301,0.00020623181,0.0001400875779517416,0.015399999916553497,0.0,0.0,0.013154050784433529,0.0012621156544493576,94,32.78622373319076,2.220565711418152,16-64 px
NGA,NG007007,2026-08-20,2,MFED,0.0047888886,0.0,0.0,0.1485,63,0.3017,0.02602861,0.005999571666617271,0.148499995470047,0.0,0.0,0.3919981710361947,0.02909711734933156,65,22.698154892208986,0.25281086442839185,16-64 px
NGA,NG007007,2026-08-20,2,SFED,4.3685657e-05,0.0,0.0,0.0013760983,63,0.0027521965,0.00024126194,3.038907951870482e-05,0.0025045538786798716,0.0,0.0,0.0019855523448597053,0.00022186033439130777,65,22.698154892208986,0.30436940621712943,16-64 px
NGA,NG007008,2026-08-20,2,MFED,0.0048799966,0.0,0.0,0.1247702,48,0.23423985,0.022293918,0.005767605439435471,0.12477020174264908,0.0,0.0,0.2706367970467502,0.023063394703983435,47,17.293832298825894,0.18188718398604428,16-64 px
NGA,NG007008,2026-08-20,2,SFED,0.003928214,0.0,0.0,0.10748867,48,0.18855426,0.017510269,0.004147542196516136,0.10748866945505142,0.0,0.0,0.19461760126768268,0.01635939801933226,47,17.293832298825894,0.05583407536252766,16-64 px
NGA,NG007009,2026-08-20,2,MFED,0.0038131734,0.0,0.0,0.074944966,89,0.33937243,0.015719857,0.005879733497091042,0.07494496554136276,0.0,0.0,0.5182790471845675,0.01886614518700742,88,32.065647387406344,0.5419528251956865,16-64 px
NGA,NG007009,2026-08-20,2,SFED,0.0028403357,0.0,0.0,0.06365729,89,0.25278986,0.013093663,0.0038957854821018065,0.06365729123353958,0.0,0.0,0.3434005960811205,0.015201199168088955,88,32.065647387406344,0.3715933233180171,16-64 px
NGA,NG007010,2026-08-20,2,MFED,0.0,0.0,0.0,0.0,56,0.0,0.0,0.0,0.0,0.0,0.0,0.0,0.0,55,20.176137681963542,,16-64 px
NGA,NG007010,2026-08-20,2,SFED,0.0,0.0,0.0,0.0,56,0.0,0.0,0.0,0.0,0.0,0.0,0.0,0.0,55,20.176137681963542,,16-64 px
NGA,NG007011,2026-08-20,2,MFED,5.5771736e-05,0.0,0.0,0.001997687,79,0.004405967,0.00031462396,0.00038735503715939604,0.07494496554136276,0.0,0.0,0.029804668907353424,0.004288890624016646,77,28.462765658484283,5.945364533020741,16-64 px
NGA,NG007011,2026-08-20,2,SFED,3.858679e-05,0.0,0.0,0.0006,79,0.0030483564,0.00012233492,0.00012486593448167427,0.06273764371871948,0.0,0.0,0.009607691853771243,0.0025047427864288677,77,28.462765658484283,2.235976210554811,16-64 px
NGA,NG007012,2026-08-20,2,MFED,1.9456465e-06,0.0,0.0,0.00010117362,52,0.00010117362,1.3894695e-05,2.081970712452418e-06,0.00010117361671291292,0.0,0.0,0.00011094847519476451,1.4363352840533495e-05,53,18.734984990394718,0.07006628000123233,16-64 px
NGA,NG007012,2026-08-20,2,SFED,0.0,0.0,0.0,0.0,52,0.0,0.0,0.0,0.0,0.0,0.0,0.0,0.0,53,18.734984990394718,,16-64 px
NGA,NG007013,2026-08-20,2,MFED,0.030700434,0.0001,0.0,0.13103232,27,0.8289117,0.048793986,0.0251791118544782,0.1310323178768158,0.0,0.0,0.6704930719553075,0.0462501083318472,27,9.727780668089565,0.17984508445456499,4-16 px
NGA,NG007013,2026-08-20,2,SFED,0.0327863,0.0025045539,0.0,0.1458246,27,0.88523006,0.052790783,0.026055686811322778,0.14582459628582,0.0,0.0,0.6938353343436959,0.048579390168728726,27,9.727780668089565,0.20528736663414962,4-16 px
NGA,NG007014,2026-08-20,2,MFED,0.0,0.0,0.0,0.0,16,0.0,0.0,0.0,0.0,0.0,0.0,0.0,0.0,16,5.764610766275298,,4-16 px
NGA,NG007014,2026-08-20,2,SFED,0.0,0.0,0.0,0.0,16,0.0,0.0,0.0,0.0,0.0,0.0,0.0,0.0,16,5.764610766275298,,4-16 px
NGA,NG007015,2026-08-20,2,MFED,0.0,0.0,0.0,0.0,22,0.0,0.0,0.0,0.0,0.0,0.0,0.0,0.0,20,7.926339803628535,,4-16 px
NGA,NG007015,2026-08-20,2,SFED,0.0,0.0,0.0,0.0,22,0.0,0.0,0.0,0.0,0.0,0.0,0.0,0.0,20,7.926339803628535,,4-16 px
NGA,NG007016,2026-08-20,2,MFED,0.0,0.0,0.0,0.0,19,0.0,0.0,0.0,0.0,0.0,0.0,0.0,0.0,20,6.845475284951916,,4-16 px
NGA,NG007016,2026-08-20,2,SFED,0.0,0.0,0.0,0.0,19,0.0,0.0,0.0,0.0,0.0,0.0,0.0,0.0,20,6.845475284951916,,4-16 px
NGA,NG007017,2026-08-20,2,MFED,0.0,0.0,0.0,0.0,38,0.0,0.0,0.0,0.0,0.0,0.0,0.0,0.0,39,13.690950569903832,,4-16 px
NGA,NG007017,2026-08-20,2,SFED,0.0,0.0,0.0,0.0,38,0.0,0.0,0.0,0.0,0.0,0.0,0.0,0.0,39,13.690950569903832,,4-16 px
NGA,NG007018,2026-08-20,2,MFED,0.0,0.0,0.0,0.0,30,0.0,0.0,0.0,0.0,0.0,0.0,0.0,0.0,30,10.808645186766183,,4-16 px
NGA,NG007018,2026-08-20,2,SFED,0.0,0.0,0.0,0.0,30,0.0,0.0,0.0,0.0,0.0,0.0,0.0,0.0,30,10.808645186766183,,4-16 px
NGA,NG007019,2026-08-20,2,MFED,4.6511627e-06,0.0,0.0,0.0001,43,0.0002,2.1059035e-05,5.5907267880826965e-06,9.999999747378752e-05,0.0,0.0,0.0002496218452707208,2.297425599809318e-05,45,15.492391434364864,0.2020062828769022,4-16 px
NGA,NG007019,2026-08-20,2,SFED,0.0,0.0,0.0,0.0,43,0.0,0.0,0.0,0.0,0.0,0.0,0.0,0.0,45,15.492391434364864,,4-16 px
NGA,NG007020,2026-08-20,2,MFED,0.00056763197,0.0002,0.0,0.003,15,0.00851448,0.0007993985,0.0008827866882641982,0.148499995470047,0.0,0.00019999999494757503,0.013816223847819865,0.0040779484445092875,16,5.404322593383092,0.5552095986845107,4-16 px
NGA,NG007020,2026-08-20,2,SFED,0.0,0.0,0.0,0.0,15,0.0,0.0,7.945407057993457e-06,0.0013760982546955347,0.0,0.0,0.00012435113027263063,0.00010426184005681642,16,5.404322593383092,,4-16 px
NGA,NG007021,2026-08-20,2,MFED,0.0,0.0,0.0,0.0,59,0.0,0.0,0.0,0.0,0.0,0.0,0.0,0.0,58,21.257002200640162,,16-64 px
NGA,NG007021,2026-08-20,2,SFED,0.0,0.0,0.0,0.0,59,0.0,0.0,0.0,0.0,0.0,0.0,0.0,0.0,58,21.257002200640162,,16-64 px
NGA,NG007022,2026-08-20,2,MFED,0.0,0.0,0.0,0.0,46,0.0,0.0,2.7322335426838886e-05,0.0017252534162253141,0.0,0.0,0.0012343875453231412,0.00019933144407635898,45,16.573255953041482,,16-64 px
NGA,NG007022,2026-08-20,2,SFED,9.061747e-06,0.0,0.0,0.000104210085,46,0.00041684034,2.9363415e-05,4.967381799823075e-06,0.00010421008482808247,0.0,0.0,0.0002244198429883587,2.220307178720598e-05,45,16.573255953041482,0.4518295644511952,16-64 px
NGA,NG007023,2026-08-20,2,MFED,0.0,0.0,0.0,0.0,30,0.0,0.0,0.0,0.0,0.0,0.0,0.0,0.0,32,10.808645186766183,,4-16 px
NGA,NG007023,2026-08-20,2,SFED,0.0,0.0,0.0,0.0,30,0.0,0.0,0.0,0.0,0.0,0.0,0.0,0.0,32,10.808645186766183,,4-16 px
NGA,NG008,2026-08-20,1,MFED,0.015010791,0.0,0.0,0.8801,2390,35.87579,0.08460892,0.015516139669402585,0.8801000118255615,0.0,0.0,37.16331879653779,0.08509965858417946,2395,861.0887332123726,0.03366569219454089,>64 px
NGA,NG008,2026-08-20,1,SFED,0.012925226,0.0,0.0,0.8883,2390,30.89129,0.08067531,0.013122124028909705,0.8883000016212463,0.0,0.0,31.42931740526518,0.08041238688501628,2395,861.0887332123726,0.015233623683617246,>64 px
NGA,NG008001,2026-08-20,2,MFED,0.20705383,0.0096,0.0,0.8801,130,26.916998,0.2822143,0.20573816637789122,0.8801000118255615,0.0,0.009600000455975533,26.899676027350132,0.27993566982906715,131,46.8374624759868,0.006354210507039527,16-64 px
NGA,NG008001,2026-08-20,2,SFED,0.19459817,0.0058,0.0,0.8883,130,25.297762,0.27721977,0.1928449634633686,0.8883000016212463,0.0,0.008299999870359898,25.21392667193635,0.2735903729415151,131,46.8374624759868,0.009009368056397373,16-64 px
NGA,NG008002,2026-08-20,2,MFED,0.0,0.0,0.0,0.0,82,0.0,0.0,0.0,0.0,0.0,0.0,0.0,0.0,83,29.5436301771609,,16-64 px
NGA,NG008002,2026-08-20,2,SFED,0.0,0.0,0.0,0.0,82,0.0,0.0,0.0,0.0,0.0,0.0,0.0,0.0,83,29.5436301771609,,16-64 px
NGA,NG008003,2026-08-20,2,MFED,0.0,0.0,0.0,0.0,165,0.0,0.0,0.0,0.0,0.0,0.0,0.0,0.0,166,59.44754852721401,,16-64 px
NGA,NG008003,2026-08-20,2,SFED,0.0,0.0,0.0,0.0,165,0.0,0.0,0.0,0.0,0.0,0.0,0.0,0.0,166,59.44754852721401,,16-64 px
NGA,NG008004,2026-08-20,2,MFED,0.0,0.0,0.0,0.0,32,0.0,0.0,0.0,0.0,0.0,0.0,0.0,0.0,31,11.529221532550595,,4-16 px
NGA,NG008004,2026-08-20,2,SFED,0.0,0.0,0.0,0.0,32,0.0,0.0,0.0,0.0,0.0,0.0,0.0,0.0,31,11.529221532550595,,4-16 px
NGA,NG008005,2026-08-20,2,MFED,0.0,0.0,0.0,0.0,108,0.0,0.0,0.0,0.0,0.0,0.0,0.0,0.0,109,38.91112267235826,,16-64 px
NGA,NG008005,2026-08-20,2,SFED,0.0,0.0,0.0,0.0,108,0.0,0.0,0.0,0.0,0.0,0.0,0.0,0.0,109,38.91112267235826,,16-64 px
NGA,NG008006,2026-08-20,2,MFED,0.0,0.0,0.0,0.0,50,0.0,0.0,0.0,0.0,0.0,0.0,0.0,0.0,50,18.014408644610306,,16-64 px
NGA,NG008006,2026-08-20,2,SFED,0.0,0.0,0.0,0.0,50,0.0,0.0,0.0,0.0,0.0,0.0,0.0,0.0,50,18.014408644610306,,16-64 px
NGA,NG008007,2026-08-20,2,MFED,0.0,0.0,0.0,0.0,191,0.0,0.0,0.0,0.0,0.0,0.0,0.0,0.0,193,68.81504102241136,,>64 px
NGA,NG008007,2026-08-20,2,SFED,0.0,0.0,0.0,0.0,191,0.0,0.0,0.0,0.0,0.0,0.0,0.0,0.0,193,68.81504102241136,,>64 px
NGA,NG008008,2026-08-20,2,MFED,0.0,0.0,0.0,0.0,63,0.0,0.0,0.0,0.0,0.0,0.0,0.0,0.0,63,22.698154892208986,,16-64 px
NGA,NG008008,2026-08-20,2,SFED,0.0,0.0,0.0,0.0,63,0.0,0.0,0.0,0.0,0.0,0.0,0.0,0.0,63,22.698154892208986,,16-64 px
NGA,NG008009,2026-08-20,2,MFED,0.0,0.0,0.0,0.0,87,0.0,0.0,0.0,0.0,0.0,0.0,0.0,0.0,87,31.34507104162193,,16-64 px
NGA,NG008009,2026-08-20,2,SFED,0.0,0.0,0.0,0.0,87,0.0,0.0,0.0,0.0,0.0,0.0,0.0,0.0,87,31.34507104162193,,16-64 px
NGA,NG008010,2026-08-20,2,MFED,0.0,0.0,0.0,0.0,84,0.0,0.0,0.0,0.0,0.0,0.0,0.0,0.0,84,30.264206522945315,,16-64 px
NGA,NG008010,2026-08-20,2,SFED,0.0,0.0,0.0,0.0,84,0.0,0.0,0.0,0.0,0.0,0.0,0.0,0.0,84,30.264206522945315,,16-64 px
NGA,NG008011,2026-08-20,2,MFED,0.0,0.0,0.0,0.0,99,0.0,0.0,0.0,0.0,0.0,0.0,0.0,0.0,97,35.66852911632841,,16-64 px
NGA,NG008011,2026-08-20,2,SFED,0.0,0.0,0.0,0.0,99,0.0,0.0,0.0,0.0,0.0,0.0,0.0,0.0,97,35.66852911632841,,16-64 px
NGA,NG008012,2026-08-20,2,MFED,0.0,0.0,0.0,0.0,70,0.0,0.0,0.0,0.0,0.0,0.0,0.0,0.0,66,25.220172102454427,,16-64 px
NGA,NG008012,2026-08-20,2,SFED,0.0,0.0,0.0,0.0,70,0.0,0.0,0.0,0.0,0.0,0.0,0.0,0.0,66,25.220172102454427,,16-64 px
NGA,NG008013,2026-08-20,2,MFED,2.1458614e-05,0.0,0.0,0.0006008412,28,0.0006008412,0.00011150223,2.0981975609994184e-05,0.0006008411874063313,0.0,0.0,0.0005873170070926805,0.00011030227485932102,28,10.088068840981771,0.02221198396158373,4-16 px
NGA,NG008013,2026-08-20,2,SFED,0.0,0.0,0.0,0.0,28,0.0,0.0,0.0,0.0,0.0,0.0,0.0,0.0,28,10.088068840981771,,4-16 px
NGA,NG008014,2026-08-20,2,MFED,0.017610844,0.0,0.0,0.2848,83,1.4617,0.05389562,0.018213415247463272,0.2847999930381775,0.0,0.0,1.5550321757670797,0.05725549669105611,85,29.903918350053107,0.03421592102361884,16-64 px
NGA,NG008014,2026-08-20,2,SFED,0.0,0.0,0.0,0.0,83,0.0,0.0,0.0,0.0,0.0,0.0,0.0,0.0,85,29.903918350053107,,16-64 px
NGA,NG008015,2026-08-20,2,MFED,0.0041958,0.0,0.0,0.2425,61,0.2559438,0.030775815,0.008289343184219112,0.344813734292984,0.0,0.0,0.5169373187527119,0.049508974203881076,62,21.977578546424574,0.975628767867656,16-64 px
NGA,NG008015,2026-08-20,2,SFED,0.00018196918,0.0,0.0,0.0049,61,0.01110012,0.0007398509,0.00032012198307628523,0.007229641545563936,0.0,0.0,0.019963342803841825,0.0012356761082730743,62,21.977578546424574,0.7592099006891455,16-64 px
NGA,NG008016,2026-08-20,2,MFED,0.0026705584,0.0,0.0,0.1645,197,0.5261,0.020138383,0.0031248694993626746,0.2847999930381775,0.0,0.0,0.6174233449402676,0.0217301885296406,198,70.9767700597646,0.17011839148047633,>64 px
NGA,NG008016,2026-08-20,2,SFED,0.0,0.0,0.0,0.0,197,0.0,0.0,0.0,0.0,0.0,0.0,0.0,0.0,198,70.9767700597646,,>64 px
NGA,NG008017,2026-08-20,2,MFED,0.036598127,0.0,0.0,0.36923558,164,6.002093,0.07989985,0.04049507017870984,0.3692355751991272,0.0,0.0,6.634280539576917,0.08693055754586589,164,59.0872603543218,0.10647930640575783,16-64 px
NGA,NG008017,2026-08-20,2,SFED,0.033511203,0.0,0.0,0.33259547,164,5.495837,0.07204803,0.03714781172602555,0.3702999949455261,0.0,0.0,6.0859014031640895,0.07880368942364349,164,59.0872603543218,0.10851919359700529,16-64 px
NGA,NG008018,2026-08-20,2,MFED,0.0,0.0,0.0,0.0,24,0.0,0.0,0.0,0.0,0.0,0.0,0.0,0.0,25,8.646916149412947,,4-16 px
NGA,NG008018,2026-08-20,2,SFED,0.0,0.0,0.0,0.0,24,0.0,0.0,0.0,0.0,0.0,0.0,0.0,0.0,25,8.646916149412947,,4-16 px
NGA,NG008019,2026-08-20,2,MFED,0.0,0.0,0.0,0.0,91,0.0,0.0,0.0,0.0,0.0,0.0,0.0,0.0,95,32.78622373319076,,16-64 px
NGA,NG008019,2026-08-20,2,SFED,0.0,0.0,0.0,0.0,91,0.0,0.0,0.0,0.0,0.0,0.0,0.0,0.0,95,32.78622373319076,,16-64 px
NGA,NG008020,2026-08-20,2,MFED,0.0042217947,0.0,0.0,0.1052,156,0.6586,0.01630864,0.005525456081964412,0.2847999930381775,0.0,0.0,0.8680961179066887,0.020536445238155645,157,56.20495497118415,0.30879317318874167,16-64 px
NGA,NG008020,2026-08-20,2,SFED,0.0,0.0,0.0,0.0,156,0.0,0.0,0.0,0.0,0.0,0.0,0.0,0.0,157,56.20495497118415,,16-64 px
NGA,NG008021,2026-08-20,2,MFED,0.00012016824,0.0,0.0,0.0006008412,5,0.0006008412,0.00024033648,0.0002330590537168686,0.0006008411874063313,0.0,0.0,0.0010816862415180656,0.00029277116670129425,5,1.8014408644610305,0.9394396865333853,1-4 px
NGA,NG008021,2026-08-20,2,SFED,0.0,0.0,0.0,0.0,5,0.0,0.0,0.0,0.0,0.0,0.0,0.0,0.0,5,1.8014408644610305,,1-4 px
NGA,NG008022,2026-08-20,2,MFED,2.019794e-06,0.0,0.0,0.000100989695,100,0.00020197939,1.4138557e-05,2.4692935164762837e-05,0.04209260269999504,0.0,0.0,0.0024290120975077423,0.0009585552882965353,98,36.02881728922061,11.225472085154642,16-64 px
NGA,NG008022,2026-08-20,2,SFED,4.0160314e-05,0.0,0.0,0.0020120726,100,0.0040160315,0.00021467982,7.60889666110211e-05,0.004209260456264019,0.0,0.0,0.007484773241893702,0.0003517414338727635,98,36.02881728922061,0.8946307693466018,16-64 px
NGA,NG008023,2026-08-20,2,MFED,0.0,0.0,0.0,0.0,90,0.0,0.0,0.0,0.0,0.0,0.0,0.0,0.0,90,32.42593556029855,,16-64 px
NGA,NG008023,2026-08-20,2,SFED,0.0,0.0,0.0,0.0,90,0.0,0.0,0.0,0.0,0.0,0.0,0.0,0.0,90,32.42593556029855,,16-64 px
NGA,NG008024,2026-08-20,2,MFED,0.0008054208,0.0,0.0,0.05235235,65,0.05235235,0.0064433664,0.001067410942204749,0.05235235020518303,0.0,0.0,0.0671954123050054,0.007398790802530435,63,23.4187312379934,0.32528355637791956,16-64 px
NGA,NG008024,2026-08-20,2,SFED,0.0011473012,0.0,0.0,0.074574575,65,0.074574575,0.009178409,0.0015204994020297318,0.07457457482814789,0.0,0.0,0.09571813459010223,0.010539386984129937,63,23.4187312379934,0.3252835454453738,16-64 px
NGA,NG008025,2026-08-20,2,MFED,1.2765958e-05,0.0,0.0,0.0006,47,0.0006,8.658294e-05,1.208842404913858e-05,0.04209260269999504,0.0,0.0,0.0005798572512093537,0.000528722122610255,48,16.933544125933686,0.053073490517626595,16-64 px
NGA,NG008025,2026-08-20,2,SFED,0.00017022873,0.0,0.0,0.00250025,47,0.00800075,0.0006112734,0.0001318188565532126,0.004209260456264019,0.0,0.0,0.006323083927879978,0.0005988141993371602,48,16.933544125933686,0.22563684430229497,16-64 px
NGA,NG008026,2026-08-20,2,MFED,0.0,0.0,0.0,0.0,78,0.0,0.0,0.0,0.0,0.0,0.0,0.0,0.0,77,28.102477485592075,,16-64 px
NGA,NG008026,2026-08-20,2,SFED,0.0,0.0,0.0,0.0,78,0.0,0.0,0.0,0.0,0.0,0.0,0.0,0.0,77,28.102477485592075,,16-64 px
NGA,NG008027,2026-08-20,2,MFED,0.0,0.0,0.0,0.0,40,0.0,0.0,0.0,0.0,0.0,0.0,0.0,0.0,40,14.411526915688244,,4-16 px
NGA,NG008027,2026-08-20,2,SFED,0.0,0.0,0.0,0.0,40,0.0,0.0,0.0,0.0,0.0,0.0,0.0,0.0,40,14.411526915688244,,4-16 px
NGA,NG009,2026-08-20,1,MFED,0.00087037944,0.0,0.0,0.10692422,685,0.59620994,0.008721688,0.000657539033907693,0.10692422091960907,0.0,0.0,0.45007711590910116,0.007122857814385673,684,246.79739843116118,0.24453749285749096,>64 px
NGA,NG009,2026-08-20,1,SFED,0.0008718135,0.0,0.0,0.10692422,685,0.5971922,0.008721565,0.0006584992343813466,0.10692422091960907,0.0,0.0,0.45073436093577013,0.007122785642948794,684,246.79739843116118,0.24467878235270893,>64 px
NGA,NG009001,2026-08-20,2,MFED,0.0,0.0,0.0,0.0,10,0.0,0.0,0.0,0.0,0.0,0.0,0.0,0.0,9,3.602881728922061,,1-4 px
NGA,NG009001,2026-08-20,2,SFED,0.0,0.0,0.0,0.0,10,0.0,0.0,0.0,0.0,0.0,0.0,0.0,0.0,9,3.602881728922061,,1-4 px
NGA,NG009002,2026-08-20,2,MFED,0.0,0.0,0.0,0.0,165,0.0,0.0,5.760487686470987e-06,0.003957921173423529,0.0,0.0,0.0009454090593447561,0.0001508852973789795,164,59.44754852721401,,16-64 px
NGA,NG009002,2026-08-20,2,SFED,0.0,0.0,0.0,0.0,165,0.0,0.0,5.760487686470987e-06,0.003957921173423529,0.0,0.0,0.0009454090593447561,0.0001508852973789795,164,59.44754852721401,,16-64 px
NGA,NG009003,2026-08-20,2,MFED,0.0,0.0,0.0,0.0,25,0.0,0.0,0.0,0.0,0.0,0.0,0.0,0.0,26,9.007204322305153,,4-16 px
NGA,NG009003,2026-08-20,2,SFED,0.0,0.0,0.0,0.0,25,0.0,0.0,0.0,0.0,0.0,0.0,0.0,0.0,26,9.007204322305153,,4-16 px
NGA,NG009005,2026-08-20,2,MFED,,,,,0,0.0,,0.0,0.0,0.0,0.0,0.0,0.0,0,0.0,,
NGA,NG009005,2026-08-20,2,SFED,,,,,0,0.0,,0.0,0.0,0.0,0.0,0.0,0.0,0,0.0,,
NGA,NG009006,2026-08-20,2,MFED,0.0,0.0,0.0,0.0,9,0.0,0.0,0.0,0.0,0.0,0.0,0.0,0.0,10,3.242593556029855,,1-4 px
NGA,NG009006,2026-08-20,2,SFED,0.0,0.0,0.0,0.0,9,0.0,0.0,0.0,0.0,0.0,0.0,0.0,0.0,10,3.242593556029855,,1-4 px
NGA,NG009007,2026-08-20,2,MFED,0.0012943179,0.0,0.0,0.03864269,42,0.05436135,0.005966408,0.0011650476915603194,0.03864268958568573,0.0,0.0,0.04916436038550412,0.005399573486545601,42,15.132103261472658,0.09987516083929657,4-16 px
NGA,NG009007,2026-08-20,2,SFED,0.0012943179,0.0,0.0,0.03864269,42,0.05436135,0.005966408,0.0011650476915603194,0.03864268958568573,0.0,0.0,0.04916436038550412,0.005399573486545601,42,15.132103261472658,0.09987516083929657,4-16 px
NGA,NG009008,2026-08-20,2,MFED,0.0,0.0,0.0,0.0,98,0.0,0.0,0.0,0.0,0.0,0.0,0.0,0.0,94,35.308240943436196,,16-64 px
NGA,NG009008,2026-08-20,2,SFED,0.0,0.0,0.0,0.0,98,0.0,0.0,0.0,0.0,0.0,0.0,0.0,0.0,94,35.308240943436196,,16-64 px
NGA,NG009009,2026-08-20,2,MFED,0.0,0.0,0.0,0.0,5,0.0,0.0,0.0,0.0,0.0,0.0,0.0,0.0,6,1.8014408644610305,,1-4 px
NGA,NG009009,2026-08-20,2,SFED,0.0,0.0,0.0,0.0,5,0.0,0.0,0.0,0.0,0.0,0.0,0.0,0.0,6,1.8014408644610305,,1-4 px
NGA,NG009010,2026-08-20,2,MFED,0.0,0.0,0.0,0.0,5,0.0,0.0,0.0,0.0,0.0,0.0,0.0,0.0,4,1.8014408644610305,,1-4 px
NGA,NG009010,2026-08-20,2,SFED,0.0,0.0,0.0,0.0,5,0.0,0.0,0.0,0.0,0.0,0.0,0.0,0.0,4,1.8014408644610305,,1-4 px
NGA,NG009011,2026-08-20,2,MFED,0.0,0.0,0.0,0.0,28,0.0,0.0,0.0,0.0,0.0,0.0,0.0,0.0,27,10.088068840981771,,4-16 px
NGA,NG009011,2026-08-20,2,SFED,0.0,0.0,0.0,0.0,28,0.0,0.0,0.0,0.0,0.0,0.0,0.0,0.0,27,10.088068840981771,,4-16 px
NGA,NG009012,2026-08-20,2,MFED,0.0,0.0,0.0,0.0,63,0.0,0.0,0.0,0.0,0.0,0.0,0.0,0.0,64,22.698154892208986,,16-64 px
NGA,NG009012,2026-08-20,2,SFED,0.0,0.0,0.0,0.0,63,0.0,0.0,0.0,0.0,0.0,0.0,0.0,0.0,64,22.698154892208986,,16-64 px
NGA,NG009013,2026-08-20,2,MFED,0.0,0.0,0.0,0.0,29,0.0,0.0,0.0,0.0,0.0,0.0,0.0,0.0,31,10.448357013873977,,4-16 px
NGA,NG009013,2026-08-20,2,SFED,0.0,0.0,0.0,0.0,29,0.0,0.0,4.1911694600992885e-08,9.999999747378752e-05,0.0,0.0,1.2863530555914936e-06,2.0468055022588536e-06,31,10.448357013873977,,4-16 px
NGA,NG009014,2026-08-20,2,MFED,0.0,0.0,0.0,0.0,39,0.0,0.0,0.0,0.0,0.0,0.0,0.0,0.0,37,14.051238742796038,,4-16 px
NGA,NG009014,2026-08-20,2,SFED,0.0,0.0,0.0,0.0,39,0.0,0.0,0.0,0.0,0.0,0.0,0.0,0.0,37,14.051238742796038,,4-16 px
NGA,NG009015,2026-08-20,2,MFED,0.0,0.0,0.0,0.0,15,0.0,0.0,0.0,0.0,0.0,0.0,0.0,0.0,15,5.404322593383092,,4-16 px
NGA,NG009015,2026-08-20,2,SFED,0.0,0.0,0.0,0.0,15,0.0,0.0,0.0,0.0,0.0,0.0,0.0,0.0,15,5.404322593383092,,4-16 px
NGA,NG009016,2026-08-20,2,MFED,0.01260113,0.0,0.0,0.10692422,43,0.5418486,0.032072596,0.009050056017042863,0.10692422091960907,0.0,0.0,0.39996734570899756,0.026102732102140955,44,15.492391434364864,0.2818059954112955,4-16 px
NGA,NG009016,2026-08-20,2,SFED,0.012623974,0.0,0.0,0.10692422,43,0.5428309,0.0320637,0.009064898385563082,0.10692422091960907,0.0,0.0,0.400623304382611,0.026097651222845984,44,15.492391434364864,0.28192989104991173,4-16 px
NGA,NG009017,2026-08-20,2,MFED,0.0,0.0,0.0,0.0,28,0.0,0.0,0.0,0.0,0.0,0.0,0.0,0.0,30,10.088068840981771,,4-16 px
NGA,NG009017,2026-08-20,2,SFED,0.0,0.0,0.0,0.0,28,0.0,0.0,0.0,0.0,0.0,0.0,0.0,0.0,30,10.088068840981771,,4-16 px
NGA,NG009018,2026-08-20,2,MFED,0.0,0.0,0.0,0.0,21,0.0,0.0,0.0,0.0,0.0,0.0,0.0,0.0,22,7.566051630736329,,4-16 px
NGA,NG009018,2026-08-20,2,SFED,0.0,0.0,0.0,0.0,21,0.0,0.0,0.0,0.0,0.0,0.0,0.0,0.0,22,7.566051630736329,,4-16 px
NGA,NG009019,2026-08-20,2,MFED,0.0,0.0,0.0,0.0,60,0.0,0.0,0.0,0.0,0.0,0.0,0.0,0.0,58,21.617290373532366,,16-64 px
NGA,NG009019,2026-08-20,2,SFED,0.0,0.0,0.0,0.0,60,0.0,0.0,0.0,0.0,0.0,0.0,0.0,0.0,58,21.617290373532366,,16-64 px
NGA,NG010,2026-08-20,1,MFED,0.004634182,0.0,0.0,0.293277,560,2.595142,0.025141023,0.005829653872312163,0.29327699542045593,0.0,0.0,3.2508062318977604,0.03116557730609039,558,201.76137681963542,0.2579682611326365,>64 px
NGA,NG010,2026-08-20,1,SFED,0.004690083,0.0,0.0,0.2733938,560,2.6264465,0.024846608,0.005852487044371342,0.27339380979537964,0.0,0.0,3.2635387576445307,0.030337237169251803,558,201.76137681963542,0.2478429580822645,>64 px
NGA,NG010001,2026-08-20,2,MFED,1.5384616e-05,0.0,0.0,0.0002,13,0.0002,5.329387e-05,1.394856493473506e-05,0.00019999999494757503,0.0,0.0,0.00018444188301069915,5.0942619217453017e-05,13,4.6837462475986795,0.09334331550848846,4-16 px
NGA,NG010001,2026-08-20,2,SFED,1.5384616e-05,0.0,0.0,0.0002,13,0.0002,5.329387e-05,1.394856493473506e-05,0.00019999999494757503,0.0,0.0,0.00018444188301069915,5.0942619217453017e-05,13,4.6837462475986795,0.09334331550848846,4-16 px
NGA,NG010002,2026-08-20,2,MFED,0.00010344827,0.0,0.0,0.0028,29,0.0029999998,0.00051090366,0.0002848811587490831,0.00279999990016222,0.0,0.0,0.008103736287233867,0.0008286838520515526,28,10.448357013873977,1.753851357292714,4-16 px
NGA,NG010002,2026-08-20,2,SFED,0.00010344827,0.0,0.0,0.0028,29,0.0029999998,0.00051090366,0.0002848811587490831,0.00279999990016222,0.0,0.0,0.008103736287233867,0.0008286838520515526,28,10.448357013873977,1.753851357292714,4-16 px
NGA,NG010003,2026-08-20,2,MFED,0.0,0.0,0.0,0.0,5,0.0,0.0,2.577294177471943e-07,0.000210260710446164,0.0,0.0,1.082343538500264e-06,7.356897853418175e-06,4,1.8014408644610305,,1-4 px
NGA,NG010003,2026-08-20,2,SFED,0.0,0.0,0.0,0.0,5,0.0,0.0,0.0,0.0,0.0,0.0,0.0,0.0,4,1.8014408644610305,,1-4 px
NGA,NG010004,2026-08-20,2,MFED,0.00018189885,0.0,0.0,0.0013464388,62,0.011277729,0.00039424867,0.00021896151566648433,0.0037359914276748896,0.0,0.0,0.01381446131744765,0.00046330520028003627,63,22.33786671931678,0.20375426049413917,16-64 px
NGA,NG010004,2026-08-20,2,SFED,0.00027550847,0.0,0.0,0.004828797,62,0.017081525,0.00089957105,0.00031438705386351457,0.004828797187656164,0.0,0.0,0.019834936660372386,0.0008987008597814198,63,22.33786671931678,0.14111574814202466,16-64 px
NGA,NG010005,2026-08-20,2,MFED,0.00019166668,0.0,0.0,0.001,12,0.0023,0.0003707163,0.0002845657067215414,0.001703065587207675,0.0,0.0,0.0035290747765823883,0.0004592042800064406,12,4.3234580747064735,0.4846905404817436,4-16 px
NGA,NG010005,2026-08-20,2,SFED,0.00019166668,0.0,0.0,0.001,12,0.0023,0.0003707163,0.0002800737421272129,0.001402524532750249,0.0,0.0,0.0034733671541503637,0.0004466035269964578,12,4.3234580747064735,0.46125420509820964,4-16 px
NGA,NG010006,2026-08-20,2,MFED,0.00032242815,0.0,0.0,0.0024086714,19,0.006126135,0.000713023,0.0002602832336191125,0.002408671425655484,0.0,0.0,0.004566735453396776,0.0006661134756110824,18,6.845475284951916,0.19274035589289426,4-16 px
NGA,NG010006,2026-08-20,2,SFED,0.00026438138,0.0,0.0,0.0019068647,19,0.005023246,0.0005746642,0.00021268683832325412,0.0019068646943196654,0.0,0.0,0.003731644607055288,0.0005350672690168394,18,6.845475284951916,0.19553019080521436,4-16 px
NGA,NG010007,2026-08-20,2,MFED,0.0,0.0,0.0,0.0,14,0.0,0.0,0.0,0.0,0.0,0.0,0.0,0.0,15,5.044034420490886,,4-16 px
NGA,NG010007,2026-08-20,2,SFED,0.0,0.0,0.0,0.0,14,0.0,0.0,0.0,0.0,0.0,0.0,0.0,0.0,15,5.044034420490886,,4-16 px
NGA,NG010008,2026-08-20,2,MFED,0.0,0.0,0.0,0.0,14,0.0,0.0,0.0,0.0,0.0,0.0,0.0,0.0,14,5.044034420490886,,4-16 px
NGA,NG010008,2026-08-20,2,SFED,0.0,0.0,0.0,0.0,14,0.0,0.0,0.0,0.0,0.0,0.0,0.0,0.0,14,5.044034420490886,,4-16 px
NGA,NG010009,2026-08-20,2,MFED,0.0,0.0,0.0,0.0,14,0.0,0.0,3.163986938598673e-06,0.0005000000237487257,0.0,0.0,4.979170991877651e-05,3.9648237427310326e-05,16,5.044034420490886,,4-16 px
NGA,NG010009,2026-08-20,2,SFED,0.0,0.0,0.0,0.0,14,0.0,0.0,0.0,0.0,0.0,0.0,0.0,0.0,16,5.044034420490886,,4-16 px
NGA,NG010010,2026-08-20,2,MFED,0.0,0.0,0.0,0.0,20,0.0,0.0,0.0,0.0,0.0,0.0,0.0,0.0,23,7.205763457844122,,4-16 px
NGA,NG010010,2026-08-20,2,SFED,0.0,0.0,0.0,0.0,20,0.0,0.0,0.0,0.0,0.0,0.0,0.0,0.0,23,7.205763457844122,,4-16 px
NGA,NG010011,2026-08-20,2,MFED,0.0,0.0,0.0,0.0,57,0.0,0.0,0.0,0.0,0.0,0.0,0.0,0.0,53,20.53642585485575,,16-64 px
NGA,NG010011,2026-08-20,2,SFED,0.0,0.0,0.0,0.0,57,0.0,0.0,0.0,0.0,0.0,0.0,0.0,0.0,53,20.53642585485575,,16-64 px
NGA,NG010012,2026-08-20,2,MFED,0.0,0.0,0.0,0.0,26,0.0,0.0,0.0,0.0,0.0,0.0,0.0,0.0,27,9.367492495197359,,4-16 px
NGA,NG010012,2026-08-20,2,SFED,0.0,0.0,0.0,0.0,26,0.0,0.0,0.0,0.0,0.0,0.0,0.0,0.0,27,9.367492495197359,,4-16 px
NGA,NG010013,2026-08-20,2,MFED,0.013097268,0.00090065063,0.0,0.09592476,16,0.20955628,0.03137575,0.020777908579238915,0.17148151993751526,0.0,0.0005006508436053991,0.3258616652948514,0.0413678364489649,16,5.764610766275298,0.5864307410704976,4-16 px
NGA,NG010013,2026-08-20,2,SFED,0.016918527,0.0012504453,0.0,0.12852664,16,0.27069643,0.04218823,0.025557629224542,0.1666848361492157,0.0,0.0012002401053905487,0.4008224210024259,0.0503930635594322,16,5.764610766275298,0.51062969161216,4-16 px
NGA,NG010014,2026-08-20,2,MFED,0.00025523984,0.00011296882,0.0,0.0008821676,18,0.0045943167,0.00031793417,0.00022175854948897747,0.0008821676019579172,0.0,0.0,0.0036985833676093007,0.00031594841786808354,17,6.48518711205971,0.13117580120338002,4-16 px
NGA,NG010014,2026-08-20,2,SFED,0.00025523984,0.00011296882,0.0,0.0008821676,18,0.0045943167,0.00031793417,0.00022175854948897747,0.0008821676019579172,0.0,0.0,0.0036985833676093007,0.00031594841786808354,17,6.48518711205971,0.13117580120338002,4-16 px
NGA,NG010015,2026-08-20,2,MFED,6.839813e-05,0.0,0.0,0.00043421623,8,0.000547185,0.0001431255,0.00010602505646914429,0.00043421622831374407,0.0,0.0,0.000923048464935049,0.00016367623884886405,9,2.882305383137649,0.5501163038981371,1-4 px
NGA,NG010015,2026-08-20,2,SFED,6.839813e-05,0.0,0.0,0.00043421623,8,0.000547185,0.0001431255,0.00010602505646914429,0.00043421622831374407,0.0,0.0,0.000923048464935049,0.00016367623884886405,9,2.882305383137649,0.5501163038981371,1-4 px
NGA,NG010016,2026-08-20,2,MFED,0.0,0.0,0.0,0.0,8,0.0,0.0,0.0,0.0,0.0,0.0,0.0,0.0,7,2.882305383137649,,1-4 px
NGA,NG010016,2026-08-20,2,SFED,0.0,0.0,0.0,0.0,8,0.0,0.0,0.0,0.0,0.0,0.0,0.0,0.0,7,2.882305383137649,,1-4 px
NGA,NG010017,2026-08-20,2,MFED,0.019564724,0.0,0.0,0.08082527,14,0.27390614,0.031153105,0.01737899539560163,0.10271476954221725,0.0,0.0,0.2435553270571863,0.031149669960183667,14,5.044034420490886,0.11171783483367155,4-16 px
NGA,NG010017,2026-08-20,2,SFED,0.017958852,0.0,0.0,0.07210465,14,0.25142393,0.028345307,0.016592918522468362,0.12128335237503052,0.0,0.0,0.23253897049744424,0.03045882414148701,14,5.044034420490886,0.07605906421700223,4-16 px
NGA,NG010018,2026-08-20,2,MFED,0.000118695614,0.00015186837,0.0,0.00020475019,6,0.00071217364,9.163089e-05,0.00010845728219382817,0.000210260710446164,0.0,0.00020368672267068177,0.0005870242772403376,9.883233610164665e-05,5,2.1617290373532367,0.08625703563209869,1-4 px
NGA,NG010018,2026-08-20,2,SFED,0.0004095004,0.0,0.0,0.0024570024,6,0.0024570024,0.0009156707,8.173843870911234e-05,0.0024570024106651545,0.0,0.0,0.0004424087247568958,0.0004406249749953941,5,2.1617290373532367,0.8003947280415055,1-4 px
NGA,NG010019,2026-08-20,2,MFED,5.1853705e-05,0.0,0.0,0.0005,27,0.0014000501,0.00013976333,0.00011050580136109184,0.0013006504159420729,0.0,0.0,0.0029975520008175306,0.0002586693451852706,27,9.727780668089565,1.1311071477166739,4-16 px
NGA,NG010019,2026-08-20,2,SFED,1.1111111e-05,0.0,0.0,0.0003,27,0.0003,5.6655776e-05,5.776996064521464e-05,0.0013006504159420729,0.0,0.0,0.001567053122879613,0.00022530806787857602,27,9.727780668089565,4.1992965100622826,4-16 px
NGA,NG010020,2026-08-20,2,MFED,6.5789325e-05,0.0,0.0,0.0012686331,24,0.0015789438,0.00025493233,7.011396788350377e-05,0.0012686330592259765,0.0,0.0,0.0017617969362738648,0.00023810769048087803,25,8.646916149412947,0.06573472038972529,4-16 px
NGA,NG010020,2026-08-20,2,SFED,8.369455e-05,0.0,0.0,0.002008669,24,0.002008669,0.00040138492,7.6579182431425e-05,0.0024570024106651545,0.0,0.0,0.00192425237171301,0.0003878791952179823,25,8.646916149412947,0.08501590089886377,4-16 px
NGA,NG010021,2026-08-20,2,MFED,0.0,0.0,0.0,0.0,15,0.0,0.0,0.0,0.0,0.0,0.0,0.0,0.0,13,5.404322593383092,,4-16 px
NGA,NG010021,2026-08-20,2,SFED,0.0,0.0,0.0,0.0,15,0.0,0.0,0.0,0.0,0.0,0.0,0.0,0.0,13,5.404322593383092,,4-16 px
NGA,NG010022,2026-08-20,2,MFED,0.0022225168,5.0025013e-05,0.0,0.008790017,4,0.008890067,0.003791968,0.00781986463499306,0.0959247574210167,0.0,0.00010005002695834264,0.028704347184133953,0.023568300639848487,4,1.4411526915688244,2.518472677008812,1-4 px
NGA,NG010022,2026-08-20,2,SFED,0.0004069452,0.0,0.0,0.0016277808,4,0.0016277808,0.0007048498,0.008998153196083679,0.12852664291858673,0.0,0.0,0.03302948649527867,0.0317003876398369,4,1.4411526915688244,21.111461681041277,1-4 px
NGA,NG010023,2026-08-20,2,MFED,9.8579134e-05,0.0,0.0,0.0017767559,59,0.005816169,0.0003628172,0.00011975274268653525,0.002424242440611124,0.0,0.0,0.007180919442002808,0.0004134946258454179,60,21.257002200640162,0.2147879356146023,16-64 px
NGA,NG010023,2026-08-20,2,SFED,0.00032499863,0.0,0.0,0.0034913244,59,0.019174919,0.0007112268,0.0002786220378847591,0.01459853071719408,0.0,0.0,0.016707445390660526,0.0006383584387587079,60,21.257002200640162,0.14269780803457816,16-64 px
NGA,NG010024,2026-08-20,2,MFED,0.10758478,0.10271477,0.00020475019,0.293277,19,2.0441108,0.07555382,0.1190666680400852,0.29327699542045593,0.0,0.11592931300401688,2.2770062364254473,0.09468065673633036,19,6.845475284951916,0.10672409275815031,4-16 px
NGA,NG010024,2026-08-20,2,SFED,0.07869655,0.07210465,0.0,0.2733938,19,1.4952344,0.081855945,0.09701286757998348,0.27339380979537964,0.0,0.07210464775562286,1.8552539357091125,0.09725439093050707,19,6.845475284951916,0.2327461315646426,4-16 px
NGA,NG010025,2026-08-20,2,MFED,0.00037062858,0.0,0.0,0.0028169015,57,0.021125829,0.00081203226,0.005932508018412286,0.29327699542045593,0.0,0.00010114291217178106,0.32828041707868605,0.03355557064608166,55,20.53642585485575,15.00661238378402,16-64 px
NGA,NG010025,2026-08-20,2,SFED,0.009662758,0.00012006243,0.0,0.12649895,57,0.5507772,0.03211589,0.012312143780593412,0.27339380979537964,0.0,0.0002639218873810023,0.6813030311769676,0.040779103495294254,55,20.53642585485575,0.27418525648613074,16-64 px
NGA,NG011,2026-08-20,1,MFED,0.0,0.0,0.0,0.0,203,0.0,0.0,0.0,0.0,0.0,0.0,0.0,0.0,207,73.13849909711784,,>64 px
NGA,NG011,2026-08-20,1,SFED,0.0,0.0,0.0,0.0,203,0.0,0.0,0.0,0.0,0.0,0.0,0.0,0.0,207,73.13849909711784,,>64 px
NGA,NG011001,2026-08-20,2,MFED,0.0,0.0,0.0,0.0,15,0.0,0.0,0.0,0.0,0.0,0.0,0.0,0.0,15,5.404322593383092,,4-16 px
NGA,NG011001,2026-08-20,2,SFED,0.0,0.0,0.0,0.0,15,0.0,0.0,0.0,0.0,0.0,0.0,0.0,0.0,15,5.404322593383092,,4-16 px
NGA,NG011002,2026-08-20,2,MFED,0.0,0.0,0.0,0.0,7,0.0,0.0,0.0,0.0,0.0,0.0,0.0,0.0,8,2.522017210245443,,1-4 px
NGA,NG011002,2026-08-20,2,SFED,0.0,0.0,0.0,0.0,7,0.0,0.0,0.0,0.0,0.0,0.0,0.0,0.0,8,2.522017210245443,,1-4 px
NGA,NG011003,2026-08-20,2,MFED,0.0,0.0,0.0,0.0,12,0.0,0.0,0.0,0.0,0.0,0.0,0.0,0.0,12,4.3234580747064735,,4-16 px
NGA,NG011003,2026-08-20,2,SFED,0.0,0.0,0.0,0.0,12,0.0,0.0,0.0,0.0,0.0,0.0,0.0,0.0,12,4.3234580747064735,,4-16 px
NGA,NG011004,2026-08-20,2,MFED,0.0,0.0,0.0,0.0,15,0.0,0.0,0.0,0.0,0.0,0.0,0.0,0.0,17,5.404322593383092,,4-16 px
NGA,NG011004,2026-08-20,2,SFED,0.0,0.0,0.0,0.0,15,0.0,0.0,0.0,0.0,0.0,0.0,0.0,0.0,17,5.404322593383092,,4-16 px
NGA,NG011005,2026-08-20,2,MFED,0.0,0.0,0.0,0.0,12,0.0,0.0,0.0,0.0,0.0,0.0,0.0,0.0,14,4.3234580747064735,,4-16 px
NGA,NG011005,2026-08-20,2,SFED,0.0,0.0,0.0,0.0,12,0.0,0.0,0.0,0.0,0.0,0.0,0.0,0.0,14,4.3234580747064735,,4-16 px
NGA,NG011006,2026-08-20,2,MFED,0.0,0.0,0.0,0.0,11,0.0,0.0,0.0,0.0,0.0,0.0,0.0,0.0,9,3.9631699018142674,,1-4 px
NGA,NG011006,2026-08-20,2,SFED,0.0,0.0,0.0,0.0,11,0.0,0.0,0.0,0.0,0.0,0.0,0.0,0.0,9,3.9631699018142674,,1-4 px
NGA,NG011007,2026-08-20,2,MFED,0.0,0.0,0.0,0.0,20,0.0,0.0,0.0,0.0,0.0,0.0,0.0,0.0,21,7.205763457844122,,4-16 px
NGA,NG011007,2026-08-20,2,SFED,0.0,0.0,0.0,0.0,20,0.0,0.0,0.0,0.0,0.0,0.0,0.0,0.0,21,7.205763457844122,,4-16 px
NGA,NG011008,2026-08-20,2,MFED,0.0,0.0,0.0,0.0,21,0.0,0.0,0.0,0.0,0.0,0.0,0.0,0.0,23,7.566051630736329,,4-16 px
NGA,NG011008,2026-08-20,2,SFED,0.0,0.0,0.0,0.0,21,0.0,0.0,0.0,0.0,0.0,0.0,0.0,0.0,23,7.566051630736329,,4-16 px
NGA,NG011009,2026-08-20,2,MFED,0.0,0.0,0.0,0.0,6,0.0,0.0,0.0,0.0,0.0,0.0,0.0,0.0,9,2.1617290373532367,,1-4 px
NGA,NG011009,2026-08-20,2,SFED,0.0,0.0,0.0,0.0,6,0.0,0.0,0.0,0.0,0.0,0.0,0.0,0.0,9,2.1617290373532367,,1-4 px
NGA,NG011010,2026-08-20,2,MFED,0.0,0.0,0.0,0.0,36,0.0,0.0,0.0,0.0,0.0,0.0,0.0,0.0,35,12.97037422411942,,4-16 px
NGA,NG011010,2026-08-20,2,SFED,0.0,0.0,0.0,0.0,36,0.0,0.0,0.0,0.0,0.0,0.0,0.0,0.0,35,12.97037422411942,,4-16 px
NGA,NG011011,2026-08-20,2,MFED,0.0,0.0,0.0,0.0,12,0.0,0.0,0.0,0.0,0.0,0.0,0.0,0.0,11,4.3234580747064735,,4-16 px
NGA,NG011011,2026-08-20,2,SFED,0.0,0.0,0.0,0.0,12,0.0,0.0,0.0,0.0,0.0,0.0,0.0,0.0,11,4.3234580747064735,,4-16 px
NGA,NG011012,2026-08-20,2,MFED,0.0,0.0,0.0,0.0,22,0.0,0.0,0.0,0.0,0.0,0.0,0.0,0.0,20,7.926339803628535,,4-16 px
NGA,NG011012,2026-08-20,2,SFED,0.0,0.0,0.0,0.0,22,0.0,0.0,0.0,0.0,0.0,0.0,0.0,0.0,20,7.926339803628535,,4-16 px
NGA,NG011013,2026-08-20,2,MFED,0.0,0.0,0.0,0.0,14,0.0,0.0,0.0,0.0,0.0,0.0,0.0,0.0,14,5.044034420490886,,4-16 px
NGA,NG011013,2026-08-20,2,SFED,0.0,0.0,0.0,0.0,14,0.0,0.0,0.0,0.0,0.0,0.0,0.0,0.0,14,5.044034420490886,,4-16 px
NGA,NG012,2026-08-20,1,MFED,1.0474702e-05,0.0,0.0,0.0016,640,0.00670381,0.000110965615,1.2073791033522692e-05,0.0027000000700354576,0.0,0.0,0.00770698389602877,0.00012534531858391195,638,230.5844306510119,0.15266200733182597,>64 px
NGA,NG012,2026-08-20,1,SFED,1.1485733e-05,0.0,0.0,0.0018,640,0.0073508695,0.00012479887,1.2675138814972397e-05,0.002400000113993883,0.0,0.0,0.00809083828399007,0.00013096056897075997,638,230.5844306510119,0.10355506391907224,>64 px
NGA,NG012001,2026-08-20,2,MFED,1.3333333e-05,0.0,0.0,0.0001,45,0.00059999997,3.3993463e-05,9.09379199633977e-06,0.00010005002695834264,0.0,0.0,0.0003996641312944367,2.875208056291421e-05,44,16.212967780149274,0.31796558322365687,16-64 px
NGA,NG012001,2026-08-20,2,SFED,6.6666666e-06,0.0,0.0,0.0001,45,0.00029999999,2.4944382e-05,4.489800267252146e-06,0.00010005002695834264,0.0,0.0,0.00019732275867087186,2.0708011054929537e-05,44,16.212967780149274,0.3265299531774777,16-64 px
NGA,NG012002,2026-08-20,2,MFED,0.0,0.0,0.0,0.0,3,0.0,0.0,0.0,0.0,0.0,0.0,0.0,0.0,2,1.0808645186766184,,1-4 px
NGA,NG012002,2026-08-20,2,SFED,0.0,0.0,0.0,0.0,3,0.0,0.0,0.0,0.0,0.0,0.0,0.0,0.0,2,1.0808645186766184,,1-4 px
NGA,NG012003,2026-08-20,2,MFED,0.0,0.0,0.0,0.0,8,0.0,0.0,0.0,0.0,0.0,0.0,0.0,0.0,9,2.882305383137649,,1-4 px
NGA,NG012003,2026-08-20,2,SFED,0.0,0.0,0.0,0.0,8,0.0,0.0,0.0,0.0,0.0,0.0,0.0,0.0,9,2.882305383137649,,1-4 px
NGA,NG012004,2026-08-20,2,MFED,0.0,0.0,0.0,0.0,11,0.0,0.0,0.0,0.0,0.0,0.0,0.0,0.0,11,3.9631699018142674,,1-4 px
NGA,NG012004,2026-08-20,2,SFED,0.0,0.0,0.0,0.0,11,0.0,0.0,0.0,0.0,0.0,0.0,0.0,0.0,11,3.9631699018142674,,1-4 px
NGA,NG012005,2026-08-20,2,MFED,0.0,0.0,0.0,0.0,43,0.0,0.0,2.5374059115900597e-06,0.0007017543539404869,0.0,0.0,0.00010834203186404314,4.212122051190448e-05,43,15.492391434364864,,4-16 px
NGA,NG012005,2026-08-20,2,SFED,0.0,0.0,0.0,0.0,43,0.0,0.0,2.5374059115900597e-06,0.0007017543539404869,0.0,0.0,0.00010834203186404314,4.212122051190448e-05,43,15.492391434364864,,4-16 px
NGA,NG012006,2026-08-20,2,MFED,0.0,0.0,0.0,0.0,15,0.0,0.0,0.0,0.0,0.0,0.0,0.0,0.0,17,5.404322593383092,,4-16 px
NGA,NG012006,2026-08-20,2,SFED,0.0,0.0,0.0,0.0,15,0.0,0.0,0.0,0.0,0.0,0.0,0.0,0.0,17,5.404322593383092,,4-16 px
NGA,NG012007,2026-08-20,2,MFED,0.0,0.0,0.0,0.0,21,0.0,0.0,0.0,0.0,0.0,0.0,0.0,0.0,22,7.566051630736329,,4-16 px
NGA,NG012007,2026-08-20,2,SFED,0.0,0.0,0.0,0.0,21,0.0,0.0,0.0,0.0,0.0,0.0,0.0,0.0,22,7.566051630736329,,4-16 px
NGA,NG012008,2026-08-20,2,MFED,0.0,0.0,0.0,0.0,36,0.0,0.0,0.0,0.0,0.0,0.0,0.0,0.0,37,12.97037422411942,,4-16 px
NGA,NG012008,2026-08-20,2,SFED,0.0,0.0,0.0,0.0,36,0.0,0.0,0.0,0.0,0.0,0.0,0.0,0.0,37,12.97037422411942,,4-16 px
NGA,NG012009,2026-08-20,2,MFED,0.0,0.0,0.0,0.0,33,0.0,0.0,0.0,0.0,0.0,0.0,0.0,0.0,31,11.889509705442801,,4-16 px
NGA,NG012009,2026-08-20,2,SFED,0.0,0.0,0.0,0.0,33,0.0,0.0,0.0,0.0,0.0,0.0,0.0,0.0,31,11.889509705442801,,4-16 px
NGA,NG012010,2026-08-20,2,MFED,0.0,0.0,0.0,0.0,13,0.0,0.0,0.0,0.0,0.0,0.0,0.0,0.0,11,4.6837462475986795,,4-16 px
NGA,NG012010,2026-08-20,2,SFED,0.0,0.0,0.0,0.0,13,0.0,0.0,0.0,0.0,0.0,0.0,0.0,0.0,11,4.6837462475986795,,4-16 px
NGA,NG012011,2026-08-20,2,MFED,0.0,0.0,0.0,0.0,27,0.0,0.0,0.0,0.0,0.0,0.0,0.0,0.0,28,9.727780668089565,,4-16 px
NGA,NG012011,2026-08-20,2,SFED,0.0,0.0,0.0,0.0,27,0.0,0.0,0.0,0.0,0.0,0.0,0.0,0.0,28,9.727780668089565,,4-16 px
NGA,NG012012,2026-08-20,2,MFED,0.0,0.0,0.0,0.0,9,0.0,0.0,0.0,0.0,0.0,0.0,0.0,0.0,8,3.242593556029855,,1-4 px
NGA,NG012012,2026-08-20,2,SFED,0.0,0.0,0.0,0.0,9,0.0,0.0,0.0,0.0,0.0,0.0,0.0,0.0,8,3.242593556029855,,1-4 px
NGA,NG012013,2026-08-20,2,MFED,0.0,0.0,0.0,0.0,76,0.0,0.0,7.689799521314172e-06,0.001703065587207675,0.0,0.0,0.000605730995606544,0.00011418012051402913,79,27.381901139807663,,16-64 px
NGA,NG012013,2026-08-20,2,SFED,0.0,0.0,0.0,0.0,76,0.0,0.0,6.332775767172546e-06,0.001402524532750249,0.0,0.0,0.0004988372661433005,9.403068289100367e-05,79,27.381901139807663,,16-64 px
NGA,NG012014,2026-08-20,2,MFED,1.3659187e-06,0.0,0.0,0.00010380982,76,0.00010380982,1.1829203e-05,1.9144166648445928e-06,0.0001186521039926447,0.0,0.0,0.0001463649304632797,1.4009276232018414e-05,76,27.381901139807663,0.40155974498672053,16-64 px
NGA,NG012014,2026-08-20,2,SFED,5.932493e-06,0.0,0.0,0.00024324981,76,0.00045086944,3.6201483e-05,4.330179126121343e-06,0.0002432498149573803,0.0,0.0,0.00033105978355017334,2.9897625236953986e-05,76,27.381901139807663,0.27009115288946106,16-64 px
NGA,NG012015,2026-08-20,2,MFED,6.3157895e-05,0.0,0.0,0.0016,95,0.006,0.00028099545,7.10128330597355e-05,0.0027000000700354576,0.0,0.0,0.006436543133072664,0.00030625154523367197,91,34.22737642475958,0.1243698520942711,16-64 px
NGA,NG012015,2026-08-20,2,SFED,6.947368e-05,0.0,0.0,0.0018,95,0.0066,0.0003155859,7.673589297449103e-05,0.002400000113993883,0.0,0.0,0.006955276443761683,0.00032631416210173966,91,34.22737642475958,0.10453185975596843,16-64 px
NGA,NG012016,2026-08-20,2,MFED,0.0,0.0,0.0,0.0,38,0.0,0.0,2.571491638549666e-07,9.999999747378752e-05,0.0,0.0,1.0338669588589858e-05,5.064463450693659e-06,40,13.690950569903832,,4-16 px
NGA,NG012016,2026-08-20,2,SFED,0.0,0.0,0.0,0.0,38,0.0,0.0,0.0,0.0,0.0,0.0,0.0,0.0,40,13.690950569903832,,4-16 px
NGA,NG012017,2026-08-20,2,MFED,0.0,0.0,0.0,0.0,26,0.0,0.0,0.0,0.0,0.0,0.0,0.0,0.0,24,9.367492495197359,,4-16 px
NGA,NG012017,2026-08-20,2,SFED,0.0,0.0,0.0,0.0,26,0.0,0.0,0.0,0.0,0.0,0.0,0.0,0.0,24,9.367492495197359,,4-16 px
NGA,NG012018,2026-08-20,2,MFED,0.0,0.0,0.0,0.0,65,0.0,0.0,0.0,0.0,0.0,0.0,0.0,0.0,65,23.4187312379934,,16-64 px
NGA,NG012018,2026-08-20,2,SFED,0.0,0.0,0.0,0.0,65,0.0,0.0,0.0,0.0,0.0,0.0,0.0,0.0,65,23.4187312379934,,16-64 px
NGA,NG013,2026-08-20,1,MFED,0.00025675687,0.0,0.0,0.0472,185,0.04750002,0.003460725,0.0002744105593148241,0.047200001776218414,0.0,0.0,0.05176850926985826,0.0035713237246221283,189,66.65331198505812,0.06875644384831492,>64 px
NGA,NG013,2026-08-20,1,SFED,1.0811892e-06,0.0,0.0,0.00010001,185,0.00020002,1.03421835e-05,1.4725704953851066e-06,0.00010001000191550702,0.0,0.0,0.0002778055608764084,1.2045883703585417e-05,189,66.65331198505812,0.36199149546176257,>64 px
NGA,NG013001,2026-08-20,2,MFED,0.0,0.0,0.0,0.0,10,0.0,0.0,0.0,0.0,0.0,0.0,0.0,0.0,12,3.602881728922061,,1-4 px
NGA,NG013001,2026-08-20,2,SFED,0.0,0.0,0.0,0.0,10,0.0,0.0,0.0,0.0,0.0,0.0,0.0,0.0,12,3.602881728922061,,1-4 px
NGA,NG013002,2026-08-20,2,MFED,0.0,0.0,0.0,0.0,13,0.0,0.0,0.0,0.0,0.0,0.0,0.0,0.0,14,4.6837462475986795,,4-16 px
NGA,NG013002,2026-08-20,2,SFED,0.0,0.0,0.0,0.0,13,0.0,0.0,0.0,0.0,0.0,0.0,0.0,0.0,14,4.6837462475986795,,4-16 px
NGA,NG013003,2026-08-20,2,MFED,0.0,0.0,0.0,0.0,7,0.0,0.0,0.0,0.0,0.0,0.0,0.0,0.0,8,2.522017210245443,,1-4 px
NGA,NG013003,2026-08-20,2,SFED,0.0,0.0,0.0,0.0,7,0.0,0.0,0.0,0.0,0.0,0.0,0.0,0.0,8,2.522017210245443,,1-4 px
NGA,NG013004,2026-08-20,2,MFED,0.0,0.0,0.0,0.0,10,0.0,0.0,0.0,0.0,0.0,0.0,0.0,0.0,10,3.602881728922061,,1-4 px
NGA,NG013004,2026-08-20,2,SFED,0.0,0.0,0.0,0.0,10,0.0,0.0,0.0,0.0,0.0,0.0,0.0,0.0,10,3.602881728922061,,1-4 px
NGA,NG013005,2026-08-20,2,MFED,0.0,0.0,0.0,0.0,12,0.0,0.0,0.0,0.0,0.0,0.0,0.0,0.0,11,4.3234580747064735,,4-16 px
NGA,NG013005,2026-08-20,2,SFED,0.0,0.0,0.0,0.0,12,0.0,0.0,0.0,0.0,0.0,0.0,0.0,0.0,11,4.3234580747064735,,4-16 px
NGA,NG013006,2026-08-20,2,MFED,0.0,0.0,0.0,0.0,12,0.0,0.0,0.0,0.0,0.0,0.0,0.0,0.0,12,4.3234580747064735,,4-16 px
NGA,NG013006,2026-08-20,2,SFED,0.0,0.0,0.0,0.0,12,0.0,0.0,0.0,0.0,0.0,0.0,0.0,0.0,12,4.3234580747064735,,4-16 px
NGA,NG013007,2026-08-20,2,MFED,0.0,0.0,0.0,0.0,9,0.0,0.0,0.0,0.0,0.0,0.0,0.0,0.0,8,3.242593556029855,,1-4 px
NGA,NG013007,2026-08-20,2,SFED,0.0,0.0,0.0,0.0,9,0.0,0.0,0.0,0.0,0.0,0.0,0.0,0.0,8,3.242593556029855,,1-4 px
NGA,NG013008,2026-08-20,2,MFED,0.0,0.0,0.0,0.0,10,0.0,0.0,0.0,0.0,0.0,0.0,0.0,0.0,8,3.602881728922061,,1-4 px
NGA,NG013008,2026-08-20,2,SFED,0.0,0.0,0.0,0.0,10,0.0,0.0,0.0,0.0,0.0,0.0,0.0,0.0,8,3.602881728922061,,1-4 px
NGA,NG013009,2026-08-20,2,MFED,0.0,0.0,0.0,0.0,11,0.0,0.0,0.0,0.0,0.0,0.0,0.0,0.0,12,3.9631699018142674,,1-4 px
NGA,NG013009,2026-08-20,2,SFED,0.0,0.0,0.0,0.0,11,0.0,0.0,0.0,0.0,0.0,0.0,0.0,0.0,12,3.9631699018142674,,1-4 px
NGA,NG013010,2026-08-20,2,MFED,1.4285714e-05,0.0,0.0,0.0001,7,0.0001,3.499271e-05,1.6919773941932333e-05,9.999999747378752e-05,0.0,0.0,0.00013154906198854088,3.749264729522572e-05,8,2.522017210245443,0.18438419962294736,1-4 px
NGA,NG013010,2026-08-20,2,SFED,0.0,0.0,0.0,0.0,7,0.0,0.0,0.0,0.0,0.0,0.0,0.0,0.0,8,2.522017210245443,,1-4 px
NGA,NG013011,2026-08-20,2,MFED,5.7148573e-06,0.0,0.0,0.00010001,35,0.00020002,2.321386e-05,7.914312230964647e-06,0.00010001000191550702,0.0,0.0,0.0002778055608764084,2.699766736756157e-05,35,12.610086051227213,0.3848661157234228,4-16 px
NGA,NG013011,2026-08-20,2,SFED,5.7148573e-06,0.0,0.0,0.00010001,35,0.00020002,2.321386e-05,7.914312230964647e-06,0.00010001000191550702,0.0,0.0,0.0002778055608764084,2.699766736756157e-05,35,12.610086051227213,0.3848661157234228,4-16 px
NGA,NG013012,2026-08-20,2,MFED,0.0,0.0,0.0,0.0,3,0.0,0.0,0.0,0.0,0.0,0.0,0.0,0.0,3,1.0808645186766184,,1-4 px
NGA,NG013012,2026-08-20,2,SFED,0.0,0.0,0.0,0.0,3,0.0,0.0,0.0,0.0,0.0,0.0,0.0,0.0,3,1.0808645186766184,,1-4 px
NGA,NG013013,2026-08-20,2,MFED,0.0,0.0,0.0,0.0,10,0.0,0.0,0.0,0.0,0.0,0.0,0.0,0.0,11,3.602881728922061,,1-4 px
NGA,NG013013,2026-08-20,2,SFED,0.0,0.0,0.0,0.0,10,0.0,0.0,0.0,0.0,0.0,0.0,0.0,0.0,11,3.602881728922061,,1-4 px
NGA,NG013014,2026-08-20,2,MFED,0.0036307694,0.0,0.0,0.0472,13,0.0472,0.012577354,0.003787810876630496,0.047200001776218414,0.0,0.0,0.05135915465527173,0.012812275334418876,14,4.6837462475986795,0.04325294705593146,4-16 px
NGA,NG013014,2026-08-20,2,SFED,0.0,0.0,0.0,0.0,13,0.0,0.0,0.0,0.0,0.0,0.0,0.0,0.0,14,4.6837462475986795,,4-16 px
NGA,NG013015,2026-08-20,2,MFED,0.0,0.0,0.0,0.0,6,0.0,0.0,0.0,0.0,0.0,0.0,0.0,0.0,6,2.1617290373532367,,1-4 px
NGA,NG013015,2026-08-20,2,SFED,0.0,0.0,0.0,0.0,6,0.0,0.0,0.0,0.0,0.0,0.0,0.0,0.0,6,2.1617290373532367,,1-4 px
NGA,NG013016,2026-08-20,2,MFED,0.0,0.0,0.0,0.0,16,0.0,0.0,0.0,0.0,0.0,0.0,0.0,0.0,17,5.764610766275298,,4-16 px
NGA,NG013016,2026-08-20,2,SFED,0.0,0.0,0.0,0.0,16,0.0,0.0,0.0,0.0,0.0,0.0,0.0,0.0,17,5.764610766275298,,4-16 px
NGA,NG014,2026-08-20,1,MFED,0.0,0.0,0.0,0.0,249,0.0,0.0,0.0,0.0,0.0,0.0,0.0,0.0,250,89.71175505015933,,>64 px
NGA,NG014,2026-08-20,1,SFED,0.0,0.0,0.0,0.0,249,0.0,0.0,0.0,0.0,0.0,0.0,0.0,0.0,250,89.71175505015933,,>64 px
NGA,NG014001,2026-08-20,2,MFED,0.0,0.0,0.0,0.0,14,0.0,0.0,0.0,0.0,0.0,0.0,0.0,0.0,12,5.044034420490886,,4-16 px
NGA,NG014001,2026-08-20,2,SFED,0.0,0.0,0.0,0.0,14,0.0,0.0,0.0,0.0,0.0,0.0,0.0,0.0,12,5.044034420490886,,4-16 px
NGA,NG014002,2026-08-20,2,MFED,0.0,0.0,0.0,0.0,15,0.0,0.0,0.0,0.0,0.0,0.0,0.0,0.0,14,5.404322593383092,,4-16 px
NGA,NG014002,2026-08-20,2,SFED,0.0,0.0,0.0,0.0,15,0.0,0.0,0.0,0.0,0.0,0.0,0.0,0.0,14,5.404322593383092,,4-16 px
NGA,NG014003,2026-08-20,2,MFED,0.0,0.0,0.0,0.0,14,0.0,0.0,0.0,0.0,0.0,0.0,0.0,0.0,13,5.044034420490886,,4-16 px
NGA,NG014003,2026-08-20,2,SFED,0.0,0.0,0.0,0.0,14,0.0,0.0,0.0,0.0,0.0,0.0,0.0,0.0,13,5.044034420490886,,4-16 px
NGA,NG014004,2026-08-20,2,MFED,0.0,0.0,0.0,0.0,3,0.0,0.0,0.0,0.0,0.0,0.0,0.0,0.0,3,1.0808645186766184,,1-4 px
NGA,NG014004,2026-08-20,2,SFED,0.0,0.0,0.0,0.0,3,0.0,0.0,0.0,0.0,0.0,0.0,0.0,0.0,3,1.0808645186766184,,1-4 px
NGA,NG014005,2026-08-20,2,MFED,0.0,0.0,0.0,0.0,2,0.0,0.0,0.0,0.0,0.0,0.0,0.0,0.0,2,0.7205763457844122,,<1 px
NGA,NG014005,2026-08-20,2,SFED,0.0,0.0,0.0,0.0,2,0.0,0.0,0.0,0.0,0.0,0.0,0.0,0.0,2,0.7205763457844122,,<1 px
NGA,NG014006,2026-08-20,2,MFED,0.0,0.0,0.0,0.0,21,0.0,0.0,0.0,0.0,0.0,0.0,0.0,0.0,21,7.566051630736329,,4-16 px
NGA,NG014006,2026-08-20,2,SFED,0.0,0.0,0.0,0.0,21,0.0,0.0,0.0,0.0,0.0,0.0,0.0,0.0,21,7.566051630736329,,4-16 px
NGA,NG014007,2026-08-20,2,MFED,0.0,0.0,0.0,0.0,12,0.0,0.0,0.0,0.0,0.0,0.0,0.0,0.0,11,4.3234580747064735,,4-16 px
NGA,NG014007,2026-08-20,2,SFED,0.0,0.0,0.0,0.0,12,0.0,0.0,0.0,0.0,0.0,0.0,0.0,0.0,11,4.3234580747064735,,4-16 px
NGA,NG014008,2026-08-20,2,MFED,0.0,0.0,0.0,0.0,11,0.0,0.0,0.0,0.0,0.0,0.0,0.0,0.0,10,3.9631699018142674,,1-4 px
NGA,NG014008,2026-08-20,2,SFED,0.0,0.0,0.0,0.0,11,0.0,0.0,0.0,0.0,0.0,0.0,0.0,0.0,10,3.9631699018142674,,1-4 px
NGA,NG014009,2026-08-20,2,MFED,0.0,0.0,0.0,0.0,5,0.0,0.0,0.0,0.0,0.0,0.0,0.0,0.0,6,1.8014408644610305,,1-4 px
NGA,NG014009,2026-08-20,2,SFED,0.0,0.0,0.0,0.0,5,0.0,0.0,0.0,0.0,0.0,0.0,0.0,0.0,6,1.8014408644610305,,1-4 px
NGA,NG014010,2026-08-20,2,MFED,0.0,0.0,0.0,0.0,29,0.0,0.0,0.0,0.0,0.0,0.0,0.0,0.0,28,10.448357013873977,,4-16 px
NGA,NG014010,2026-08-20,2,SFED,0.0,0.0,0.0,0.0,29,0.0,0.0,0.0,0.0,0.0,0.0,0.0,0.0,28,10.448357013873977,,4-16 px
NGA,NG014011,2026-08-20,2,MFED,0.0,0.0,0.0,0.0,24,0.0,0.0,0.0,0.0,0.0,0.0,0.0,0.0,25,8.646916149412947,,4-16 px
NGA,NG014011,2026-08-20,2,SFED,0.0,0.0,0.0,0.0,24,0.0,0.0,0.0,0.0,0.0,0.0,0.0,0.0,25,8.646916149412947,,4-16 px
NGA,NG014012,2026-08-20,2,MFED,0.0,0.0,0.0,0.0,7,0.0,0.0,0.0,0.0,0.0,0.0,0.0,0.0,8,2.522017210245443,,1-4 px
NGA,NG014012,2026-08-20,2,SFED,0.0,0.0,0.0,0.0,7,0.0,0.0,0.0,0.0,0.0,0.0,0.0,0.0,8,2.522017210245443,,1-4 px
NGA,NG014013,2026-08-20,2,MFED,0.0,0.0,0.0,0.0,17,0.0,0.0,0.0,0.0,0.0,0.0,0.0,0.0,18,6.124898939167504,,4-16 px
NGA,NG014013,2026-08-20,2,SFED,0.0,0.0,0.0,0.0,17,0.0,0.0,0.0,0.0,0.0,0.0,0.0,0.0,18,6.124898939167504,,4-16 px
NGA,NG014014,2026-08-20,2,MFED,0.0,0.0,0.0,0.0,12,0.0,0.0,0.0,0.0,0.0,0.0,0.0,0.0,13,4.3234580747064735,,4-16 px
NGA,NG014014,2026-08-20,2,SFED,0.0,0.0,0.0,0.0,12,0.0,0.0,0.0,0.0,0.0,0.0,0.0,0.0,13,4.3234580747064735,,4-16 px
NGA,NG014015,2026-08-20,2,MFED,0.0,0.0,0.0,0.0,9,0.0,0.0,0.0,0.0,0.0,0.0,0.0,0.0,8,3.242593556029855,,1-4 px
NGA,NG014015,2026-08-20,2,SFED,0.0,0.0,0.0,0.0,9,0.0,0.0,0.0,0.0,0.0,0.0,0.0,0.0,8,3.242593556029855,,1-4 px
NGA,NG014016,2026-08-20,2,MFED,0.0,0.0,0.0,0.0,28,0.0,0.0,0.0,0.0,0.0,0.0,0.0,0.0,29,10.088068840981771,,4-16 px
NGA,NG014016,2026-08-20,2,SFED,0.0,0.0,0.0,0.0,28,0.0,0.0,0.0,0.0,0.0,0.0,0.0,0.0,29,10.088068840981771,,4-16 px
NGA,NG014017,2026-08-20,2,MFED,0.0,0.0,0.0,0.0,26,0.0,0.0,0.0,0.0,0.0,0.0,0.0,0.0,28,9.367492495197359,,4-16 px
NGA,NG014017,2026-08-20,2,SFED,0.0,0.0,0.0,0.0,26,0.0,0.0,0.0,0.0,0.0,0.0,0.0,0.0,28,9.367492495197359,,4-16 px
NGA,NG015,2026-08-20,1,MFED,0.022285689,0.0004,0.0,0.1864,242,5.3931365,0.040820856,0.02230312126510021,0.18639999628067017,0.0,0.0003000000142492354,5.4171766361131874,0.04081115416471152,243,87.18973783991387,0.0007822179112438658,>64 px
NGA,NG015,2026-08-20,1,SFED,0.021187821,0.0004,0.0,0.1787,242,5.127453,0.040391326,0.021563942076279666,0.17870000004768372,0.0,0.00039999998989515007,5.2376383471004475,0.040363183444724476,243,87.18973783991387,0.017751758252048038,>64 px
NGA,NG015001,2026-08-20,2,MFED,0.046437424,0.030914623,0.0,0.14828591,28,1.3002479,0.049833808,0.0395400298910912,0.148285910487175,0.0,0.0,1.0814752760598214,0.0491467089217852,27,10.088068840981771,0.14853093722228863,4-16 px
NGA,NG015001,2026-08-20,2,SFED,0.047874816,0.03046387,0.0,0.13772996,28,1.3404949,0.050992537,0.04025737233666892,0.1377299576997757,0.0,0.0,1.1010955980853085,0.04944296292064077,27,10.088068840981771,0.15911170631613664,4-16 px
NGA,NG015002,2026-08-20,2,MFED,0.009002095,0.0004,0.0,0.1373,57,0.51311946,0.024236802,0.008984657265672647,0.13729999959468842,0.0,0.00039999998989515007,0.5090123491217516,0.02310657894411712,57,20.53642585485575,0.001937075128328767,16-64 px
NGA,NG015002,2026-08-20,2,SFED,0.008977534,0.0004,0.0,0.1373,57,0.51171947,0.024190856,0.008974984979759114,0.13729999959468842,0.0,0.00039999998989515007,0.508464380197769,0.023081159833902246,57,20.53642585485575,0.00028393323165207187,16-64 px
NGA,NG015003,2026-08-20,2,MFED,0.010012252,0.0,0.0,0.0779,34,0.34041658,0.024932025,0.007145127774923095,0.0778999999165535,0.0,0.0,0.2459781663092595,0.021337894529324046,34,12.249797878335007,0.28636157230929715,4-16 px
NGA,NG015003,2026-08-20,2,SFED,0.0007570876,0.00010073537,0.0,0.0036303631,34,0.02574098,0.0011932141,0.0008098136187263876,0.0284000001847744,0.0,9.999999747378752e-05,0.027878643358302525,0.00243547117893348,34,12.249797878335007,0.06964322058159125,4-16 px
NGA,NG015004,2026-08-20,2,MFED,0.05095601,0.0541,0.0,0.1864,33,1.6815484,0.05146289,0.05609916065095657,0.18639999628067017,0.0,0.054099999368190765,1.8474552457045954,0.05491236979996099,33,11.889509705442801,0.10093315098565538,4-16 px
NGA,NG015004,2026-08-20,2,SFED,0.051656015,0.0563,0.0,0.1787,33,1.7046485,0.0510192,0.056844089123878054,0.17870000004768372,0.0,0.056299999356269836,1.871987199462981,0.05420559951825371,33,11.889509705442801,0.10043504369971347,4-16 px
NGA,NG015005,2026-08-20,2,MFED,0.014872549,0.0,0.0,0.1373,51,0.7585,0.038236734,0.011618616297992537,0.13729999959468842,0.0,0.0,0.5850821871529628,0.03335979953708793,50,18.37469681750251,0.21878782863700524,16-64 px
NGA,NG015005,2026-08-20,2,SFED,0.014850981,0.0,0.0,0.1373,51,0.7574,0.038212687,0.01160557755676,0.13729999959468842,0.0,0.0,0.5844255913034748,0.03334357964410264,50,18.37469681750251,0.21853125010664276,16-64 px
NGA,NG015006,2026-08-20,2,MFED,0.020494984,0.0021,0.0,0.14828591,39,0.79930437,0.037748713,0.02788957573188117,0.148285910487175,0.0,0.002199999988079071,1.1481733973960817,0.04018484745375044,41,14.051238742796038,0.3608000734170453,4-16 px
NGA,NG015006,2026-08-20,2,SFED,0.020191,0.0022,0.0,0.13772996,39,0.78744906,0.036822762,0.02778302658934027,0.1377299576997757,0.0,0.0025017510633915663,1.1437869236771223,0.03966520760040887,41,14.051238742796038,0.376010429861833,4-16 px
NGA,NG016,2026-08-20,1,MFED,3.1327483e-05,0.0,0.0,0.0053,575,0.018013302,0.00038329014,2.5348470162669805e-05,0.0052999998442828655,0.0,0.0,0.014588010476583733,0.00034198688890401644,575,207.1656994130185,0.19085519373931814,>64 px
NGA,NG016,2026-08-20,1,SFED,3.2673204e-05,0.0,0.0,0.0057,575,0.018787092,0.00041137438,2.5641530844807162e-05,0.00570000009611249,0.0,0.0,0.014756666504890738,0.000366658974946085,575,207.1656994130185,0.2152122318702763,>64 px
NGA,NG016001,2026-08-20,2,MFED,0.0,0.0,0.0,0.0,83,0.0,0.0,0.0,0.0,0.0,0.0,0.0,0.0,81,29.903918350053107,,16-64 px
NGA,NG016001,2026-08-20,2,SFED,0.0,0.0,0.0,0.0,83,0.0,0.0,0.0,0.0,0.0,0.0,0.0,0.0,81,29.903918350053107,,16-64 px
NGA,NG016002,2026-08-20,2,MFED,0.0003275146,0.0,0.0,0.0053,55,0.018013302,0.0011995356,0.0002717710903590771,0.0052999998442828655,0.0,0.0,0.01437232807812349,0.0010973789209922412,53,19.815849509071338,0.17020160212986798,16-64 px
NGA,NG016002,2026-08-20,2,SFED,0.00034158348,0.0,0.0,0.0057,55,0.018787092,0.001289842,0.0002790386723918319,0.00570000009611249,0.0,0.0,0.014756666504890738,0.001179955491378672,53,19.815849509071338,0.1831025540467241,16-64 px
NGA,NG016003,2026-08-20,2,MFED,0.0,0.0,0.0,0.0,25,0.0,0.0,0.0,0.0,0.0,0.0,0.0,0.0,25,9.007204322305153,,4-16 px
NGA,NG016003,2026-08-20,2,SFED,0.0,0.0,0.0,0.0,25,0.0,0.0,0.0,0.0,0.0,0.0,0.0,0.0,25,9.007204322305153,,4-16 px
NGA,NG016004,2026-08-20,2,MFED,0.0,0.0,0.0,0.0,124,0.0,0.0,0.0,0.0,0.0,0.0,0.0,0.0,122,44.67573343863356,,16-64 px
NGA,NG016004,2026-08-20,2,SFED,0.0,0.0,0.0,0.0,124,0.0,0.0,0.0,0.0,0.0,0.0,0.0,0.0,122,44.67573343863356,,16-64 px
NGA,NG016005,2026-08-20,2,MFED,0.0,0.0,0.0,0.0,51,0.0,0.0,0.0,0.0,0.0,0.0,0.0,0.0,53,18.37469681750251,,16-64 px
NGA,NG016005,2026-08-20,2,SFED,0.0,0.0,0.0,0.0,51,0.0,0.0,0.0,0.0,0.0,0.0,0.0,0.0,53,18.37469681750251,,16-64 px
NGA,NG016006,2026-08-20,2,MFED,0.0,0.0,0.0,0.0,2,0.0,0.0,0.0,0.0,0.0,0.0,0.0,0.0,1,0.7205763457844122,,<1 px
NGA,NG016006,2026-08-20,2,SFED,0.0,0.0,0.0,0.0,2,0.0,0.0,0.0,0.0,0.0,0.0,0.0,0.0,1,0.7205763457844122,,<1 px
NGA,NG016007,2026-08-20,2,MFED,0.0,0.0,0.0,0.0,37,0.0,0.0,0.0,0.0,0.0,0.0,0.0,0.0,38,13.330662397011626,,4-16 px
NGA,NG016007,2026-08-20,2,SFED,0.0,0.0,0.0,0.0,37,0.0,0.0,0.0,0.0,0.0,0.0,0.0,0.0,38,13.330662397011626,,4-16 px
NGA,NG016008,2026-08-20,2,MFED,0.0,0.0,0.0,0.0,56,0.0,0.0,0.0,0.0,0.0,0.0,0.0,0.0,57,20.176137681963542,,16-64 px
NGA,NG016008,2026-08-20,2,SFED,0.0,0.0,0.0,0.0,56,0.0,0.0,0.0,0.0,0.0,0.0,0.0,0.0,57,20.176137681963542,,16-64 px
NGA,NG016009,2026-08-20,2,MFED,0.0,0.0,0.0,0.0,51,0.0,0.0,0.0,0.0,0.0,0.0,0.0,0.0,52,18.37469681750251,,16-64 px
NGA,NG016009,2026-08-20,2,SFED,0.0,0.0,0.0,0.0,51,0.0,0.0,0.0,0.0,0.0,0.0,0.0,0.0,52,18.37469681750251,,16-64 px
NGA,NG016010,2026-08-20,2,MFED,0.0,0.0,0.0,0.0,26,0.0,0.0,7.542429477131301e-06,0.00039999998989515007,0.0,0.0,0.00021568239846023974,5.440664915449124e-05,29,9.367492495197359,,4-16 px
NGA,NG016010,2026-08-20,2,SFED,0.0,0.0,0.0,0.0,26,0.0,0.0,0.0,0.0,0.0,0.0,0.0,0.0,29,9.367492495197359,,4-16 px
NGA,NG016011,2026-08-20,2,MFED,0.0,0.0,0.0,0.0,65,0.0,0.0,0.0,0.0,0.0,0.0,0.0,0.0,65,23.4187312379934,,16-64 px
NGA,NG016011,2026-08-20,2,SFED,0.0,0.0,0.0,0.0,65,0.0,0.0,0.0,0.0,0.0,0.0,0.0,0.0,65,23.4187312379934,,16-64 px
NGA,NG017,2026-08-20,1,MFED,3.6602462e-06,0.0,0.0,0.00010014019,164,0.00060028036,1.8782928e-05,3.880928555848535e-06,0.0001001401906250976,0.0,0.0,0.0006428329702338245,1.932023253314656e-05,166,59.0872603543218,0.06029166995611788,16-64 px
NGA,NG017,2026-08-20,1,SFED,3.6602462e-06,0.0,0.0,0.00010014019,164,0.00060028036,1.8782928e-05,3.880928555848535e-06,0.0001001401906250976,0.0,0.0,0.0006428329702338245,1.932023253314656e-05,166,59.0872603543218,0.06029166995611788,16-64 px
NGA,NG017001,2026-08-20,2,MFED,0.0,0.0,0.0,0.0,6,0.0,0.0,0.0,0.0,0.0,0.0,0.0,0.0,6,2.1617290373532367,,1-4 px
NGA,NG017001,2026-08-20,2,SFED,0.0,0.0,0.0,0.0,6,0.0,0.0,0.0,0.0,0.0,0.0,0.0,0.0,6,2.1617290373532367,,1-4 px
NGA,NG017002,2026-08-20,2,MFED,0.0,0.0,0.0,0.0,4,0.0,0.0,0.0,0.0,0.0,0.0,0.0,0.0,4,1.4411526915688244,,1-4 px
NGA,NG017002,2026-08-20,2,SFED,0.0,0.0,0.0,0.0,4,0.0,0.0,0.0,0.0,0.0,0.0,0.0,0.0,4,1.4411526915688244,,1-4 px
NGA,NG017003,2026-08-20,2,MFED,0.0,0.0,0.0,0.0,7,0.0,0.0,0.0,0.0,0.0,0.0,0.0,0.0,6,2.522017210245443,,1-4 px
NGA,NG017003,2026-08-20,2,SFED,0.0,0.0,0.0,0.0,7,0.0,0.0,0.0,0.0,0.0,0.0,0.0,0.0,6,2.522017210245443,,1-4 px
NGA,NG017004,2026-08-20,2,MFED,0.0,0.0,0.0,0.0,4,0.0,0.0,0.0,0.0,0.0,0.0,0.0,0.0,4,1.4411526915688244,,1-4 px
NGA,NG017004,2026-08-20,2,SFED,0.0,0.0,0.0,0.0,4,0.0,0.0,0.0,0.0,0.0,0.0,0.0,0.0,4,1.4411526915688244,,1-4 px
NGA,NG017005,2026-08-20,2,MFED,0.0,0.0,0.0,0.0,4,0.0,0.0,0.0,0.0,0.0,0.0,0.0,0.0,6,1.4411526915688244,,1-4 px
NGA,NG017005,2026-08-20,2,SFED,0.0,0.0,0.0,0.0,4,0.0,0.0,0.0,0.0,0.0,0.0,0.0,0.0,6,1.4411526915688244,,1-4 px
NGA,NG017006,2026-08-20,2,MFED,0.0,0.0,0.0,0.0,3,0.0,0.0,0.0,0.0,0.0,0.0,0.0,0.0,3,1.0808645186766184,,1-4 px
NGA,NG017006,2026-08-20,2,SFED,0.0,0.0,0.0,0.0,3,0.0,0.0,0.0,0.0,0.0,0.0,0.0,0.0,3,1.0808645186766184,,1-4 px
NGA,NG017007,2026-08-20,2,MFED,0.0,0.0,0.0,0.0,2,0.0,0.0,0.0,0.0,0.0,0.0,0.0,0.0,4,0.7205763457844122,,<1 px
NGA,NG017007,2026-08-20,2,SFED,0.0,0.0,0.0,0.0,2,0.0,0.0,0.0,0.0,0.0,0.0,0.0,0.0,4,0.7205763457844122,,<1 px
NGA,NG017008,2026-08-20,2,MFED,0.0,0.0,0.0,0.0,6,0.0,0.0,0.0,0.0,0.0,0.0,0.0,0.0,6,2.1617290373532367,,1-4 px
NGA,NG017008,2026-08-20,2,SFED,0.0,0.0,0.0,0.0,6,0.0,0.0,0.0,0.0,0.0,0.0,0.0,0.0,6,2.1617290373532367,,1-4 px
NGA,NG017009,2026-08-20,2,MFED,0.0,0.0,0.0,0.0,4,0.0,0.0,0.0,0.0,0.0,0.0,0.0,0.0,5,1.4411526915688244,,1-4 px
NGA,NG017009,2026-08-20,2,SFED,0.0,0.0,0.0,0.0,4,0.0,0.0,0.0,0.0,0.0,0.0,0.0,0.0,5,1.4411526915688244,,1-4 px
NGA,NG017010,2026-08-20,2,MFED,0.0,0.0,0.0,0.0,1,0.0,0.0,0.0,0.0,0.0,0.0,0.0,0.0,2,0.3602881728922061,,<1 px
NGA,NG017010,2026-08-20,2,SFED,0.0,0.0,0.0,0.0,1,0.0,0.0,0.0,0.0,0.0,0.0,0.0,0.0,2,0.3602881728922061,,<1 px
NGA,NG017011,2026-08-20,2,MFED,0.0,0.0,0.0,0.0,7,0.0,0.0,0.0,0.0,0.0,0.0,0.0,0.0,7,2.522017210245443,,1-4 px
NGA,NG017011,2026-08-20,2,SFED,0.0,0.0,0.0,0.0,7,0.0,0.0,0.0,0.0,0.0,0.0,0.0,0.0,7,2.522017210245443,,1-4 px
NGA,NG017012,2026-08-20,2,MFED,0.0,0.0,0.0,0.0,17,0.0,0.0,2.3343853480361156e-06,0.00010003000352298841,0.0,0.0,4.130157014765124e-05,1.5100770862751613e-05,18,6.124898939167504,,4-16 px
NGA,NG017012,2026-08-20,2,SFED,0.0,0.0,0.0,0.0,17,0.0,0.0,2.3343853480361156e-06,0.00010003000352298841,0.0,0.0,4.130157014765124e-05,1.5100770862751613e-05,18,6.124898939167504,,4-16 px
NGA,NG017013,2026-08-20,2,MFED,0.0,0.0,0.0,0.0,3,0.0,0.0,0.0,0.0,0.0,0.0,0.0,0.0,3,1.0808645186766184,,1-4 px
NGA,NG017013,2026-08-20,2,SFED,0.0,0.0,0.0,0.0,3,0.0,0.0,0.0,0.0,0.0,0.0,0.0,0.0,3,1.0808645186766184,,1-4 px
NGA,NG017014,2026-08-20,2,MFED,0.0,0.0,0.0,0.0,1,0.0,0.0,0.0,0.0,0.0,0.0,0.0,0.0,1,0.3602881728922061,,<1 px
NGA,NG017014,2026-08-20,2,SFED,0.0,0.0,0.0,0.0,1,0.0,0.0,0.0,0.0,0.0,0.0,0.0,0.0,1,0.3602881728922061,,<1 px
NGA,NG017015,2026-08-20,2,MFED,0.0,0.0,0.0,0.0,3,0.0,0.0,0.0,0.0,0.0,0.0,0.0,0.0,2,1.0808645186766184,,1-4 px
NGA,NG017015,2026-08-20,2,SFED,0.0,0.0,0.0,0.0,3,0.0,0.0,0.0,0.0,0.0,0.0,0.0,0.0,2,1.0808645186766184,,1-4 px
NGA,NG017016,2026-08-20,2,MFED,0.0,0.0,0.0,0.0,3,0.0,0.0,0.0,0.0,0.0,0.0,0.0,0.0,3,1.0808645186766184,,1-4 px
NGA,NG017016,2026-08-20,2,SFED,0.0,0.0,0.0,0.0,3,0.0,0.0,0.0,0.0,0.0,0.0,0.0,0.0,3,1.0808645186766184,,1-4 px
NGA,NG017017,2026-08-20,2,MFED,0.0,0.0,0.0,0.0,14,0.0,0.0,0.0,0.0,0.0,0.0,0.0,0.0,14,5.044034420490886,,4-16 px
NGA,NG017017,2026-08-20,2,SFED,0.0,0.0,0.0,0.0,14,0.0,0.0,0.0,0.0,0.0,0.0,0.0,0.0,14,5.044034420490886,,4-16 px
NGA,NG017018,2026-08-20,2,MFED,8.333333e-06,0.0,0.0,0.0001,24,0.0002,2.763854e-05,9.138176483100665e-06,9.999999747378752e-05,0.0,0.0,0.00026719545477493236,2.8815123733706174e-05,29,8.646916149412947,0.0965812218353286,4-16 px
NGA,NG017018,2026-08-20,2,SFED,8.333333e-06,0.0,0.0,0.0001,24,0.0002,2.763854e-05,9.138176483100665e-06,9.999999747378752e-05,0.0,0.0,0.00026719545477493236,2.8815123733706174e-05,29,8.646916149412947,0.0965812218353286,4-16 px
NGA,NG017019,2026-08-20,2,MFED,0.0,0.0,0.0,0.0,11,0.0,0.0,0.0,0.0,0.0,0.0,0.0,0.0,10,3.9631699018142674,,1-4 px
NGA,NG017019,2026-08-20,2,SFED,0.0,0.0,0.0,0.0,11,0.0,0.0,0.0,0.0,0.0,0.0,0.0,0.0,10,3.9631699018142674,,1-4 px
NGA,NG017020,2026-08-20,2,MFED,0.0,0.0,0.0,0.0,5,0.0,0.0,0.0,0.0,0.0,0.0,0.0,0.0,4,1.8014408644610305,,1-4 px
NGA,NG017020,2026-08-20,2,SFED,0.0,0.0,0.0,0.0,5,0.0,0.0,0.0,0.0,0.0,0.0,0.0,0.0,4,1.8014408644610305,,1-4 px
NGA,NG017021,2026-08-20,2,MFED,0.0,0.0,0.0,0.0,3,0.0,0.0,0.0,0.0,0.0,0.0,0.0,0.0,2,1.0808645186766184,,1-4 px
NGA,NG017021,2026-08-20,2,SFED,0.0,0.0,0.0,0.0,3,0.0,0.0,0.0,0.0,0.0,0.0,0.0,0.0,2,1.0808645186766184,,1-4 px
NGA,NG017022,2026-08-20,2,MFED,0.0,0.0,0.0,0.0,3,0.0,0.0,0.0,0.0,0.0,0.0,0.0,0.0,4,1.0808645186766184,,1-4 px
NGA,NG017022,2026-08-20,2,SFED,0.0,0.0,0.0,0.0,3,0.0,0.0,0.0,0.0,0.0,0.0,0.0,0.0,4,1.0808645186766184,,1-4 px
NGA,NG017023,2026-08-20,2,MFED,0.0,0.0,0.0,0.0,5,0.0,0.0,0.0,0.0,0.0,0.0,0.0,0.0,3,1.8014408644610305,,1-4 px
NGA,NG017023,2026-08-20,2,SFED,0.0,0.0,0.0,0.0,5,0.0,0.0,0.0,0.0,0.0,0.0,0.0,0.0,3,1.8014408644610305,,1-4 px
NGA,NG017024,2026-08-20,2,MFED,0.0,0.0,0.0,0.0,6,0.0,0.0,1.4586152595789275e-05,0.0001001401906250976,0.0,0.0,9.233663330600828e-05,3.5325688300179654e-05,6,2.1617290373532367,,1-4 px
NGA,NG017024,2026-08-20,2,SFED,0.0,0.0,0.0,0.0,6,0.0,0.0,1.4586152595789275e-05,0.0001001401906250976,0.0,0.0,9.233663330600828e-05,3.5325688300179654e-05,6,2.1617290373532367,,1-4 px
NGA,NG017025,2026-08-20,2,MFED,2.7285472e-05,0.0,0.0,0.00010014019,11,0.00030014018,4.4557e-05,1.3081124814082744e-05,0.0001001401906250976,0.0,0.0,0.00012223935679021145,3.3734075352667884e-05,9,3.9631699018142674,0.5205827916745313,1-4 px
NGA,NG017025,2026-08-20,2,SFED,2.7285472e-05,0.0,0.0,0.00010014019,11,0.00030014018,4.4557e-05,1.3081124814082744e-05,0.0001001401906250976,0.0,0.0,0.00012223935679021145,3.3734075352667884e-05,9,3.9631699018142674,0.5205827916745313,1-4 px
NGA,NG017026,2026-08-20,2,MFED,5.0070095e-05,5.0070095e-05,0.0,0.00010014019,2,0.00010014019,5.0070095e-05,6.517320534804823e-05,0.0001001401906250976,0.0,0.0001001401906250976,0.00011975995625562688,4.773793577296067e-05,2,0.7205763457844122,0.3016393387719401,<1 px
NGA,NG017026,2026-08-20,2,SFED,5.0070095e-05,5.0070095e-05,0.0,0.00010014019,2,0.00010014019,5.0070095e-05,6.517320534804823e-05,0.0001001401906250976,0.0,0.0001001401906250976,0.00011975995625562688,4.773793577296067e-05,2,0.7205763457844122,0.3016393387719401,<1 px
NGA,NG017027,2026-08-20,2,MFED,0.0,0.0,0.0,0.0,4,0.0,0.0,0.0,0.0,0.0,0.0,0.0,0.0,4,1.4411526915688244,,1-4 px
NGA,NG017027,2026-08-20,2,SFED,0.0,0.0,0.0,0.0,4,0.0,0.0,0.0,0.0,0.0,0.0,0.0,0.0,4,1.4411526915688244,,1-4 px
NGA,NG018,2026-08-20,1,MFED,0.012982556,0.0,0.0,0.3651,764,9.918673,0.050663225,0.01256908675653471,0.3650999963283539,0.0,0.0,9.697668305028232,0.048533382580862344,772,275.26016408964546,0.031848061619398314,>64 px
NGA,NG018,2026-08-20,1,SFED,0.0052374494,0.0,0.0,0.3004,764,4.0014114,0.03209624,0.005812278986004995,0.3003999888896942,0.0,0.0,4.4844589582658125,0.03344495688500386,772,275.26016408964546,0.10975372592716508,>64 px
NGA,NG018001,2026-08-20,2,MFED,0.0035192166,0.0007,0.0,0.0157,13,0.045749813,0.005338286,0.00418316160313604,0.015699999406933784,0.0,0.000699999975040555,0.058975531880661534,0.005688584247213511,14,4.6837462475986795,0.1886627277036712,4-16 px
NGA,NG018001,2026-08-20,2,SFED,0.00777521,0.0016563605,0.0,0.0281,13,0.10107773,0.010548658,0.008046356841996385,0.15550215542316437,0.0,0.0016563604585826397,0.11344007702274382,0.01104676079521065,14,4.6837462475986795,0.0348732499824937,4-16 px
NGA,NG018002,2026-08-20,2,MFED,0.0,0.0,0.0,0.0,31,0.0,0.0,0.0,0.0,0.0,0.0,0.0,0.0,33,11.16893335965839,,4-16 px
NGA,NG018002,2026-08-20,2,SFED,0.0,0.0,0.0,0.0,31,0.0,0.0,0.0,0.0,0.0,0.0,0.0,0.0,33,11.16893335965839,,4-16 px
NGA,NG018003,2026-08-20,2,MFED,0.0,0.0,0.0,0.0,54,0.0,0.0,0.0,0.0,0.0,0.0,0.0,0.0,53,19.45556133617913,,16-64 px
NGA,NG018003,2026-08-20,2,SFED,0.0,0.0,0.0,0.0,54,0.0,0.0,0.0,0.0,0.0,0.0,0.0,0.0,53,19.45556133617913,,16-64 px
NGA,NG018004,2026-08-20,2,MFED,0.042175822,0.0004,0.0,0.3651,48,2.0244393,0.096710965,0.032255645040440664,0.3650999963283539,0.0,0.00039999998989515007,1.5004284011954536,0.07640786657158449,47,17.293832298825894,0.23521004426563014,16-64 px
NGA,NG018004,2026-08-20,2,SFED,0.0045959824,0.0,0.0,0.10715358,48,0.22060716,0.021389445,0.003892419908832474,0.10715357959270477,0.0,0.0,0.1810627991865784,0.019611323117076033,47,17.293832298825894,0.15308206819232517,16-64 px
NGA,NG018005,2026-08-20,2,MFED,0.05782204,0.02210082,0.0,0.2644,16,0.92515266,0.08391375,0.04421676090436456,0.26440000534057617,0.0,0.0008999999845400453,0.8337844091235967,0.08021675983952331,19,5.764610766275298,0.2352957297189002,4-16 px
NGA,NG018005,2026-08-20,2,SFED,0.018529382,0.0,0.0,0.14653505,16,0.2964701,0.048386928,0.015743092292704205,0.14653505384922028,0.0,0.0,0.2968635566372965,0.0447993632931871,19,5.764610766275298,0.1503714321015021,4-16 px
NGA,NG018006,2026-08-20,2,MFED,0.0107529415,0.0,0.0,0.3651,34,0.3656,0.061683945,0.012584770436330696,0.3650999963283539,0.0,0.0,0.429743887799513,0.06640615922726388,34,12.249797878335007,0.1703560775747451,4-16 px
NGA,NG018006,2026-08-20,2,SFED,1.7786155e-05,0.0,0.0,0.00020472925,34,0.0006047292,4.5748115e-05,2.473172835366066e-05,0.00020472925098147243,0.0,0.0,0.0008445373833773677,4.722821634455639e-05,34,12.249797878335007,0.3905044881066571,4-16 px
NGA,NG018007,2026-08-20,2,MFED,0.0,0.0,0.0,0.0,18,0.0,0.0,0.0,0.0,0.0,0.0,0.0,0.0,19,6.48518711205971,,4-16 px
NGA,NG018007,2026-08-20,2,SFED,0.0,0.0,0.0,0.0,18,0.0,0.0,0.0,0.0,0.0,0.0,0.0,0.0,19,6.48518711205971,,4-16 px
NGA,NG018008,2026-08-20,2,MFED,0.0,0.0,0.0,0.0,48,0.0,0.0,0.0,0.0,0.0,0.0,0.0,0.0,47,17.293832298825894,,16-64 px
NGA,NG018008,2026-08-20,2,SFED,0.0,0.0,0.0,0.0,48,0.0,0.0,0.0,0.0,0.0,0.0,0.0,0.0,47,17.293832298825894,,16-64 px
NGA,NG018009,2026-08-20,2,MFED,0.0,0.0,0.0,0.0,8,0.0,0.0,0.0,0.0,0.0,0.0,0.0,0.0,8,2.882305383137649,,1-4 px
NGA,NG018009,2026-08-20,2,SFED,0.0,0.0,0.0,0.0,8,0.0,0.0,0.0,0.0,0.0,0.0,0.0,0.0,8,2.882305383137649,,1-4 px
NGA,NG018010,2026-08-20,2,MFED,0.0504034,0.0,0.0,0.23740427,37,1.8649257,0.083750784,0.05364987728927577,0.23740427196025848,0.0,0.0,1.9001466858277245,0.08196773260231208,35,13.330662397011626,0.06440988681866239,4-16 px
NGA,NG018010,2026-08-20,2,SFED,0.028171822,0.0,0.0,0.28534058,37,1.0423574,0.0731421,0.03691319216303423,0.2853405773639679,0.0,0.0,1.307374467488894,0.08829668582602115,35,13.330662397011626,0.31028771099839514,4-16 px
NGA,NG018011,2026-08-20,2,MFED,3.1302257e-05,0.0,0.0,0.0004,61,0.0019094376,7.830182e-05,3.0485703022547282e-05,0.00039999998989515007,0.0,0.0,0.0018760367791241888,7.548881048832314e-05,62,21.977578546424574,0.026086105466858845,16-64 px
NGA,NG018011,2026-08-20,2,SFED,1.8108254e-05,0.0,0.0,0.0002,61,0.0011046035,5.293498e-05,1.3032847564121346e-05,0.00019999999494757503,0.0,0.0,0.0008020186166914832,4.4548373809122126e-05,62,21.977578546424574,0.2802813808486812,16-64 px
NGA,NG018012,2026-08-20,2,MFED,0.0,0.0,0.0,0.0,14,0.0,0.0,0.0,0.0,0.0,0.0,0.0,0.0,15,5.044034420490886,,4-16 px
NGA,NG018012,2026-08-20,2,SFED,0.0,0.0,0.0,0.0,14,0.0,0.0,0.0,0.0,0.0,0.0,0.0,0.0,15,5.044034420490886,,4-16 px
NGA,NG018013,2026-08-20,2,MFED,,,,,0,0.0,,0.00019723835418965552,0.00020036064961459488,0.0,0.00020036064961459488,0.00021145795728971624,2.4816051476996308e-05,1,0.0,,
NGA,NG018013,2026-08-20,2,SFED,,,,,0,0.0,,0.00029585755277220416,0.00030054099624976516,0.0,0.00030054099624976516,0.00031718695897142024,3.72240799190274e-05,1,0.0,,
NGA,NG018014,2026-08-20,2,MFED,0.00023636522,0.0,0.0,0.0067,44,0.01040007,0.0010550937,0.0004143826314971508,0.0066999997943639755,0.0,0.0,0.01714676475039227,0.0014996587685060122,41,15.85267960725707,0.7531455410282055,4-16 px
NGA,NG018014,2026-08-20,2,SFED,0.00012954546,0.0,0.0,0.0052,44,0.0057,0.00077476667,0.0002780068073879189,0.005200000014156103,0.0,0.0,0.011503661019926307,0.0011421222681029855,41,15.85267960725707,1.1460173701796952,4-16 px
NGA,NG018015,2026-08-20,2,MFED,0.07870347,0.0252,0.0,0.2703,46,3.6203597,0.09698216,0.07449427082147328,0.28059282898902893,0.0,0.03959999978542328,3.3934318793196785,0.09177903766990318,46,16.573255953041482,0.053481748371789935,16-64 px
NGA,NG018015,2026-08-20,2,SFED,0.043230508,0.0,0.0,0.3004,46,1.9886032,0.08915038,0.042889814824428885,0.3003999888896942,0.0,0.0005000000237487257,1.9537564878261908,0.08057041812558637,46,16.573255953041482,0.007880850615290392,16-64 px
NGA,NG018016,2026-08-20,2,MFED,0.0,0.0,0.0,0.0,27,0.0,0.0,5.285328301295106e-05,0.004527385346591473,0.0,0.0,0.0014369136136996629,0.00044429526881190046,27,9.727780668089565,,4-16 px
NGA,NG018016,2026-08-20,2,SFED,5.5761877e-05,0.0,0.0,0.0005018569,27,0.0015055707,0.00015771842,6.047690572640756e-05,0.0016563604585826397,0.0,0.0,0.001644175805151258,0.00021003117794300604,27,9.727780668089565,0.08455649235780846,4-16 px
NGA,NG018017,2026-08-20,2,MFED,0.0,0.0,0.0,0.0,11,0.0,0.0,0.0,0.0,0.0,0.0,0.0,0.0,13,3.9631699018142674,,1-4 px
NGA,NG018017,2026-08-20,2,SFED,0.0,0.0,0.0,0.0,11,0.0,0.0,0.0,0.0,0.0,0.0,0.0,0.0,13,3.9631699018142674,,1-4 px
NGA,NG018018,2026-08-20,2,MFED,0.00036373772,0.0,0.0,0.0023667424,26,0.009457181,0.0006609534,0.0004399772303978801,0.0023667423520237207,0.0,0.00010030090197687969,0.012148555503671327,0.0007155384783162473,28,9.367492495197359,0.2096002317215826,4-16 px
NGA,NG018018,2026-08-20,2,SFED,0.00036235267,0.0,0.0,0.0046101427,26,0.009421169,0.0012265213,0.0003877696557150561,0.02810000069439411,0.0,0.0,0.010707011317003322,0.0014516731596835948,28,9.367492495197359,0.0701443312534611,4-16 px
NGA,NG018019,2026-08-20,2,MFED,0.032727145,0.0003,0.0,0.3107,32,1.0472686,0.06846666,0.04497721910372122,0.3650999963283539,0.0,0.0003000000142492354,1.5394843565282594,0.08691989187662882,34,11.529221532550595,0.3743092806818688,4-16 px
NGA,NG018019,2026-08-20,2,SFED,0.010357924,0.0,0.0,0.2223,32,0.33145356,0.04237754,0.01749239092891746,0.2222999930381775,0.0,0.0,0.5987311516802347,0.05690545701673693,34,11.529221532550595,0.6887931335388695,4-16 px
NGA,NG018020,2026-08-20,2,MFED,0.0,0.0,0.0,0.0,34,0.0,0.0,0.0,0.0,0.0,0.0,0.0,0.0,32,12.249797878335007,,4-16 px
NGA,NG018020,2026-08-20,2,SFED,0.0,0.0,0.0,0.0,34,0.0,0.0,0.0,0.0,0.0,0.0,0.0,0.0,32,12.249797878335007,,4-16 px
NGA,NG018021,2026-08-20,2,MFED,7.7903365e-05,0.0,0.0,0.0004,27,0.0021033909,0.00015007536,4.681516945229667e-05,0.000405844155466184,0.0,0.0,0.001256346727304262,0.0001214706649470953,27,9.727780668089565,0.3990610103646143,4-16 px
NGA,NG018021,2026-08-20,2,SFED,7.787263e-05,0.0,0.0,0.0004,27,0.002102561,0.00014998828,0.00015993007671961045,0.004610142670571804,0.0,0.0,0.00429193423488388,0.0007040956210230143,27,9.727780668089565,1.053739249844399,4-16 px
NGA,NG018022,2026-08-20,2,MFED,6.877788e-05,0.00010007004,0.0,0.0002008032,19,0.0013067797,7.319957e-05,0.0003986434247049004,0.004527385346591473,0.0,0.00010007004311773926,0.007538747285151092,0.001153246798536716,19,6.845475284951916,4.796099337532653,4-16 px
NGA,NG018022,2026-08-20,2,SFED,2.1241682e-05,0.0,0.0,0.00010089799,19,0.00040359196,4.113434e-05,0.00016497778632728786,0.0034051076509058475,0.0,0.0,0.003119895529960787,0.0005518461225206151,19,6.845475284951916,6.766700693819248,4-16 px
NGA,NG018023,2026-08-20,2,MFED,0.0,0.0,0.0,0.0,32,0.0,0.0,0.0,0.0,0.0,0.0,0.0,0.0,34,11.529221532550595,,4-16 px
NGA,NG018023,2026-08-20,2,SFED,0.0,0.0,0.0,0.0,32,0.0,0.0,0.0,0.0,0.0,0.0,0.0,0.0,34,11.529221532550595,,4-16 px
NGA,NG018024,2026-08-20,2,MFED,0.0,0.0,0.0,0.0,11,0.0,0.0,0.0,0.0,0.0,0.0,0.0,0.0,10,3.9631699018142674,,1-4 px
NGA,NG018024,2026-08-20,2,SFED,0.0,0.0,0.0,0.0,11,0.0,0.0,0.0,0.0,0.0,0.0,0.0,0.0,10,3.9631699018142674,,1-4 px
NGA,NG018025,2026-08-20,2,MFED,0.0,0.0,0.0,0.0,40,0.0,0.0,0.0,0.0,0.0,0.0,0.0,0.0,41,14.411526915688244,,4-16 px
NGA,NG018025,2026-08-20,2,SFED,0.0,0.0,0.0,0.0,40,0.0,0.0,0.0,0.0,0.0,0.0,0.0,0.0,41,14.411526915688244,,4-16 px
NGA,NG018026,2026-08-20,2,MFED,0.0,0.0,0.0,0.0,23,0.0,0.0,2.6774181190007257e-06,0.00020080320246051997,0.0,0.0,5.835404637278842e-05,1.781882530392818e-05,22,8.286627976520741,,4-16 px
NGA,NG018026,2026-08-20,2,SFED,0.0,0.0,0.0,0.0,23,0.0,0.0,0.0,0.0,0.0,0.0,0.0,0.0,22,8.286627976520741,,4-16 px
NGA,NG018027,2026-08-20,2,MFED,0.0,0.0,0.0,0.0,10,0.0,0.0,0.0,0.0,0.0,0.0,0.0,0.0,11,3.602881728922061,,1-4 px
NGA,NG018027,2026-08-20,2,SFED,0.0,0.0,0.0,0.0,10,0.0,0.0,0.0,0.0,0.0,0.0,0.0,0.0,11,3.602881728922061,,1-4 px
NGA,NG019,2026-08-20,1,MFED,0.0003936848,0.0,0.0,0.143,1455,0.57281137,0.0055918545,0.0003739945251421547,0.14300000667572021,0.0,0.0,0.5453795647742732,0.005396920572220487,1458,524.2192915581599,0.05001532916141365,>64 px
NGA,NG019,2026-08-20,1,SFED,0.00031703245,0.0,0.0,0.1438,1455,0.4612822,0.005246718,0.0003146943349090994,0.14380000531673431,0.0,0.0,0.4589047375611141,0.005208590927118716,1458,524.2192915581599,0.007375002435557074,>64 px
NGA,NG019001,2026-08-20,2,MFED,4.5880734e-07,0.0,0.0,0.00010002,218,0.00010002,6.7586543e-06,1.0739199670358925e-06,0.00020014008623547852,0.0,0.0,0.00023191030966070481,1.2913701698064532e-05,216,78.54282169050093,1.3406773898514626,>64 px
NGA,NG019001,2026-08-20,2,SFED,4.5880734e-07,0.0,0.0,0.00010002,218,0.00010002,6.7586543e-06,1.0739199670358925e-06,0.00020014008623547852,0.0,0.0,0.00023191030966070481,1.2913701698064532e-05,216,78.54282169050093,1.3406773898514626,>64 px
NGA,NG019002,2026-08-20,2,MFED,4.0849145e-06,0.0,0.0,0.00014615609,150,0.0006127372,2.2103259e-05,6.916651867512048e-06,0.001364721916615963,0.0,0.0,0.001023703007084394,4.1666558574998244e-05,148,54.04322593383092,0.6932182711564826,16-64 px
NGA,NG019002,2026-08-20,2,SFED,0.0,0.0,0.0,0.0,150,0.0,0.0,1.1009284844539124e-06,0.00016334530664607882,0.0,0.0,0.0001629435486574128,1.3364859047541248e-05,148,54.04322593383092,,16-64 px
NGA,NG019003,2026-08-20,2,MFED,0.0,0.0,0.0,0.0,66,0.0,0.0,0.0,0.0,0.0,0.0,0.0,0.0,66,23.779019410885603,,16-64 px
NGA,NG019003,2026-08-20,2,SFED,0.0,0.0,0.0,0.0,66,0.0,0.0,0.0,0.0,0.0,0.0,0.0,0.0,66,23.779019410885603,,16-64 px
NGA,NG019004,2026-08-20,2,MFED,0.0,0.0,0.0,0.0,110,0.0,0.0,0.0,0.0,0.0,0.0,0.0,0.0,112,39.631699018142676,,16-64 px
NGA,NG019004,2026-08-20,2,SFED,0.0,0.0,0.0,0.0,110,0.0,0.0,0.0,0.0,0.0,0.0,0.0,0.0,112,39.631699018142676,,16-64 px
NGA,NG019005,2026-08-20,2,MFED,0.0,0.0,0.0,0.0,31,0.0,0.0,0.0,0.0,0.0,0.0,0.0,0.0,31,11.16893335965839,,4-16 px
NGA,NG019005,2026-08-20,2,SFED,0.0,0.0,0.0,0.0,31,0.0,0.0,0.0,0.0,0.0,0.0,0.0,0.0,31,11.16893335965839,,4-16 px
NGA,NG019006,2026-08-20,2,MFED,0.0,0.0,0.0,0.0,14,0.0,0.0,6.048248698089162e-07,9.999999747378752e-05,0.0,0.0,9.054511349810429e-06,7.753494201315694e-06,15,5.044034420490886,,4-16 px
NGA,NG019006,2026-08-20,2,SFED,0.0,0.0,0.0,0.0,14,0.0,0.0,6.048248698089162e-07,9.999999747378752e-05,0.0,0.0,9.054511349810429e-06,7.753494201315694e-06,15,5.044034420490886,,4-16 px
NGA,NG019007,2026-08-20,2,MFED,3.1111776e-05,0.0,0.0,0.0008,45,0.00140003,0.00012077974,2.0461607395932104e-05,0.0007999999797903001,0.0,0.0,0.0009541759225982814,8.562517910803527e-05,47,16.212967780149274,0.34231953213046706,16-64 px
NGA,NG019007,2026-08-20,2,SFED,3.1111776e-05,0.0,0.0,0.0008,45,0.00140003,0.00012077974,2.0461607395932104e-05,0.0007999999797903001,0.0,0.0,0.0009541759225982814,8.562517910803527e-05,47,16.212967780149274,0.34231953213046706,16-64 px
NGA,NG019008,2026-08-20,2,MFED,0.001296226,0.0,0.0,0.143,152,0.19702636,0.011630557,0.0008233843629992031,0.14300000667572021,0.0,0.0,0.12461546900447275,0.00811671129902762,151,54.76380227961533,0.36478333022235077,16-64 px
NGA,NG019008,2026-08-20,2,SFED,0.0011987783,0.0,0.0,0.1438,152,0.18221429,0.011681584,0.0007535762167164247,0.14380000531673431,0.0,0.0,0.1140503243645208,0.008246014780616593,151,54.76380227961533,0.3713798316866224,16-64 px
NGA,NG019009,2026-08-20,2,MFED,0.0,0.0,0.0,0.0,2,0.0,0.0,0.0,0.0,0.0,0.0,0.0,0.0,2,0.7205763457844122,,<1 px
NGA,NG019009,2026-08-20,2,SFED,0.0,0.0,0.0,0.0,2,0.0,0.0,0.0,0.0,0.0,0.0,0.0,0.0,2,0.7205763457844122,,<1 px
NGA,NG019010,2026-08-20,2,MFED,,,,,0,0.0,,0.0,0.0,0.0,0.0,0.0,0.0,2,0.0,,
NGA,NG019010,2026-08-20,2,SFED,,,,,0,0.0,,0.0,0.0,0.0,0.0,0.0,0.0,2,0.0,,
NGA,NG019011,2026-08-20,2,MFED,0.00567649,0.0,0.0,0.12130029,65,0.36897185,0.018730493,0.006556143671960346,0.12130028754472733,0.0,0.0,0.4126211420811774,0.021792935946571664,63,23.4187312379934,0.15496436564855148,16-64 px
NGA,NG019011,2026-08-20,2,SFED,0.004196422,0.0,0.0,0.12471155,65,0.27276742,0.016681425,0.005360999058221876,0.1247115507721901,0.0,0.0,0.33740284911087076,0.020907402268699745,63,23.4187312379934,0.2775166697300405,16-64 px
NGA,NG019012,2026-08-20,2,MFED,0.0,0.0,0.0,0.0,98,0.0,0.0,0.0,0.0,0.0,0.0,0.0,0.0,99,35.308240943436196,,16-64 px
NGA,NG019012,2026-08-20,2,SFED,0.0,0.0,0.0,0.0,98,0.0,0.0,0.0,0.0,0.0,0.0,0.0,0.0,99,35.308240943436196,,16-64 px
NGA,NG019013,2026-08-20,2,MFED,0.0,0.0,0.0,0.0,20,0.0,0.0,0.0,0.0,0.0,0.0,0.0,0.0,17,7.205763457844122,,4-16 px
NGA,NG019013,2026-08-20,2,SFED,0.0,0.0,0.0,0.0,20,0.0,0.0,0.0,0.0,0.0,0.0,0.0,0.0,17,7.205763457844122,,4-16 px
NGA,NG019014,2026-08-20,2,MFED,0.0,0.0,0.0,0.0,83,0.0,0.0,0.0,0.0,0.0,0.0,0.0,0.0,83,29.903918350053107,,16-64 px
NGA,NG019014,2026-08-20,2,SFED,0.0,0.0,0.0,0.0,83,0.0,0.0,0.0,0.0,0.0,0.0,0.0,0.0,83,29.903918350053107,,16-64 px
NGA,NG019015,2026-08-20,2,MFED,0.0,0.0,0.0,0.0,77,0.0,0.0,0.0,0.0,0.0,0.0,0.0,0.0,78,27.74218931269987,,16-64 px
NGA,NG019015,2026-08-20,2,SFED,0.0,0.0,0.0,0.0,77,0.0,0.0,0.0,0.0,0.0,0.0,0.0,0.0,78,27.74218931269987,,16-64 px
NGA,NG019016,2026-08-20,2,MFED,0.0,0.0,0.0,0.0,10,0.0,0.0,0.0,0.0,0.0,0.0,0.0,0.0,11,3.602881728922061,,1-4 px
NGA,NG019016,2026-08-20,2,SFED,0.0,0.0,0.0,0.0,10,0.0,0.0,0.0,0.0,0.0,0.0,0.0,0.0,11,3.602881728922061,,1-4 px
NGA,NG019017,2026-08-20,2,MFED,0.0,0.0,0.0,0.0,76,0.0,0.0,0.0,0.0,0.0,0.0,0.0,0.0,76,27.381901139807663,,16-64 px
NGA,NG019017,2026-08-20,2,SFED,0.0,0.0,0.0,0.0,76,0.0,0.0,0.0,0.0,0.0,0.0,0.0,0.0,76,27.381901139807663,,16-64 px
NGA,NG019018,2026-08-20,2,MFED,0.0,0.0,0.0,0.0,20,0.0,0.0,0.0,0.0,0.0,0.0,0.0,0.0,19,7.205763457844122,,4-16 px
NGA,NG019018,2026-08-20,2,SFED,0.0,0.0,0.0,0.0,20,0.0,0.0,0.0,0.0,0.0,0.0,0.0,0.0,19,7.205763457844122,,4-16 px
NGA,NG019019,2026-08-20,2,MFED,0.0,0.0,0.0,0.0,8,0.0,0.0,0.0,0.0,0.0,0.0,0.0,0.0,9,2.882305383137649,,1-4 px
NGA,NG019019,2026-08-20,2,SFED,0.0,0.0,0.0,0.0,8,0.0,0.0,0.0,0.0,0.0,0.0,0.0,0.0,9,2.882305383137649,,1-4 px
NGA,NG019020,2026-08-20,2,MFED,9.5841664e-05,0.0,0.0,0.0020004,48,0.0046004,0.0003391377,0.00011667192906657786,0.0020004000980407,0.0,0.0,0.0057369870275696885,0.00039506587773057507,49,17.293832298825894,0.21734039453423787,16-64 px
NGA,NG019020,2026-08-20,2,SFED,9.792541e-05,0.0,0.0,0.00210042,48,0.00470042,0.00035093544,0.00012011637340613038,0.0021004199516028166,0.0,0.0,0.005906357094999724,0.0004115658999800923,49,17.293832298825894,0.22661088073187938,16-64 px
NGA,NG019021,2026-08-20,2,MFED,0.0,0.0,0.0,0.0,71,0.0,0.0,0.0,0.0,0.0,0.0,0.0,0.0,74,25.580460275346635,,16-64 px
NGA,NG019021,2026-08-20,2,SFED,0.0,0.0,0.0,0.0,71,0.0,0.0,0.0,0.0,0.0,0.0,0.0,0.0,74,25.580460275346635,,16-64 px
NGA,NG019022,2026-08-20,2,MFED,1.3333333e-06,0.0,0.0,0.0001,75,0.0001,1.1469767e-05,2.4328246732963856e-06,9.999999747378752e-05,0.0,0.0,0.00018713283397217963,1.5406616283039142e-05,77,27.02161296691546,0.8246185505877528,16-64 px
NGA,NG019022,2026-08-20,2,SFED,1.3333333e-06,0.0,0.0,0.0001,75,0.0001,1.1469767e-05,2.4328246732963856e-06,9.999999747378752e-05,0.0,0.0,0.00018713283397217963,1.5406616283039142e-05,77,27.02161296691546,0.8246185505877528,16-64 px
NGA,NG019023,2026-08-20,2,MFED,0.0,0.0,0.0,0.0,16,0.0,0.0,0.0,0.0,0.0,0.0,0.0,0.0,13,5.764610766275298,,4-16 px
NGA,NG019023,2026-08-20,2,SFED,0.0,0.0,0.0,0.0,16,0.0,0.0,0.0,0.0,0.0,0.0,0.0,0.0,13,5.764610766275298,,4-16 px
NGA,NG020,2026-08-20,1,MFED,3.268945e-06,0.0,0.0,0.0005,673,0.0022,3.1618274e-05,3.5470841916084642e-06,0.0005000000237487257,0.0,0.0,0.0023915958374112886,3.510579033819395e-05,674,242.4739403564547,0.08508530783126186,>64 px
NGA,NG020,2026-08-20,1,SFED,9.126118e-07,0.0,0.0,0.00020472925,673,0.00061418774,1.3638382e-05,6.669807495609483e-07,0.00020472925098147243,0.0,0.0,0.00044970694184737897,1.1657592274840133e-05,674,242.4739403564547,0.26915173619172106,>64 px
NGA,NG020001,2026-08-20,2,MFED,0.0,0.0,0.0,0.0,22,0.0,0.0,0.0,0.0,0.0,0.0,0.0,0.0,24,7.926339803628535,,4-16 px
NGA,NG020001,2026-08-20,2,SFED,0.0,0.0,0.0,0.0,22,0.0,0.0,0.0,0.0,0.0,0.0,0.0,0.0,24,7.926339803628535,,4-16 px
NGA,NG020002,2026-08-20,2,MFED,6.6666666e-06,0.0,0.0,0.0001,15,0.0001,2.4944382e-05,1.9939388405837742e-05,0.0005000000237487257,0.0,0.0,0.00029365034708318225,8.023885179550152e-05,15,5.404322593383092,1.9909082907847442,4-16 px
NGA,NG020002,2026-08-20,2,SFED,1.3648617e-05,0.0,0.0,0.00020472925,15,0.00020472925,5.1068448e-05,1.610703982740825e-05,0.00020472925098147243,0.0,0.0,0.00023721077796028578,5.511937470066511e-05,15,5.404322593383092,0.18012248621294386,4-16 px
NGA,NG020003,2026-08-20,2,MFED,0.0,0.0,0.0,0.0,13,0.0,0.0,0.0,0.0,0.0,0.0,0.0,0.0,14,4.6837462475986795,,4-16 px
NGA,NG020003,2026-08-20,2,SFED,0.0,0.0,0.0,0.0,13,0.0,0.0,0.0,0.0,0.0,0.0,0.0,0.0,14,4.6837462475986795,,4-16 px
NGA,NG020004,2026-08-20,2,MFED,0.0,0.0,0.0,0.0,25,0.0,0.0,0.0,0.0,0.0,0.0,0.0,0.0,24,9.007204322305153,,4-16 px
NGA,NG020004,2026-08-20,2,SFED,0.0,0.0,0.0,0.0,25,0.0,0.0,0.0,0.0,0.0,0.0,0.0,0.0,24,9.007204322305153,,4-16 px
NGA,NG020005,2026-08-20,2,MFED,0.0,0.0,0.0,0.0,25,0.0,0.0,0.0,0.0,0.0,0.0,0.0,0.0,23,9.007204322305153,,4-16 px
NGA,NG020005,2026-08-20,2,SFED,0.0,0.0,0.0,0.0,25,0.0,0.0,0.0,0.0,0.0,0.0,0.0,0.0,23,9.007204322305153,,4-16 px
NGA,NG020006,2026-08-20,2,MFED,0.0,0.0,0.0,0.0,15,0.0,0.0,0.0,0.0,0.0,0.0,0.0,0.0,15,5.404322593383092,,4-16 px
NGA,NG020006,2026-08-20,2,SFED,0.0,0.0,0.0,0.0,15,0.0,0.0,0.0,0.0,0.0,0.0,0.0,0.0,15,5.404322593383092,,4-16 px
NGA,NG020007,2026-08-20,2,MFED,,,,,0,0.0,,0.0,0.0,0.0,0.0,0.0,0.0,0,0.0,,
NGA,NG020007,2026-08-20,2,SFED,,,,,0,0.0,,0.0,0.0,0.0,0.0,0.0,0.0,0,0.0,,
NGA,NG020008,2026-08-20,2,MFED,0.0,0.0,0.0,0.0,28,0.0,0.0,0.0,0.0,0.0,0.0,0.0,0.0,26,10.088068840981771,,4-16 px
NGA,NG020008,2026-08-20,2,SFED,0.0,0.0,0.0,0.0,28,0.0,0.0,0.0,0.0,0.0,0.0,0.0,0.0,26,10.088068840981771,,4-16 px
NGA,NG020009,2026-08-20,2,MFED,0.0,0.0,0.0,0.0,13,0.0,0.0,0.0,0.0,0.0,0.0,0.0,0.0,13,4.6837462475986795,,4-16 px
NGA,NG020009,2026-08-20,2,SFED,0.0,0.0,0.0,0.0,13,0.0,0.0,0.0,0.0,0.0,0.0,0.0,0.0,13,4.6837462475986795,,4-16 px
NGA,NG020010,2026-08-20,2,MFED,0.0,0.0,0.0,0.0,15,0.0,0.0,0.0,0.0,0.0,0.0,0.0,0.0,15,5.404322593383092,,4-16 px
NGA,NG020010,2026-08-20,2,SFED,0.0,0.0,0.0,0.0,15,0.0,0.0,0.0,0.0,0.0,0.0,0.0,0.0,15,5.404322593383092,,4-16 px
NGA,NG020011,2026-08-20,2,MFED,0.0,0.0,0.0,0.0,49,0.0,0.0,0.0,0.0,0.0,0.0,0.0,0.0,49,17.654120471718098,,16-64 px
NGA,NG020011,2026-08-20,2,SFED,0.0,0.0,0.0,0.0,49,0.0,0.0,0.0,0.0,0.0,0.0,0.0,0.0,49,17.654120471718098,,16-64 px
NGA,NG020012,2026-08-20,2,MFED,0.0,0.0,0.0,0.0,3,0.0,0.0,0.0,0.0,0.0,0.0,0.0,0.0,1,1.0808645186766184,,1-4 px
NGA,NG020012,2026-08-20,2,SFED,0.0,0.0,0.0,0.0,3,0.0,0.0,0.0,0.0,0.0,0.0,0.0,0.0,1,1.0808645186766184,,1-4 px
NGA,NG020013,2026-08-20,2,MFED,0.0,0.0,0.0,0.0,23,0.0,0.0,0.0,0.0,0.0,0.0,0.0,0.0,20,8.286627976520741,,4-16 px
NGA,NG020013,2026-08-20,2,SFED,0.0,0.0,0.0,0.0,23,0.0,0.0,0.0,0.0,0.0,0.0,0.0,0.0,20,8.286627976520741,,4-16 px
NGA,NG020014,2026-08-20,2,MFED,0.0,0.0,0.0,0.0,15,0.0,0.0,0.0,0.0,0.0,0.0,0.0,0.0,15,5.404322593383092,,4-16 px
NGA,NG020014,2026-08-20,2,SFED,0.0,0.0,0.0,0.0,15,0.0,0.0,0.0,0.0,0.0,0.0,0.0,0.0,15,5.404322593383092,,4-16 px
NGA,NG020015,2026-08-20,2,MFED,0.0,0.0,0.0,0.0,7,0.0,0.0,0.0,0.0,0.0,0.0,0.0,0.0,8,2.522017210245443,,1-4 px
NGA,NG020015,2026-08-20,2,SFED,0.0,0.0,0.0,0.0,7,0.0,0.0,0.0,0.0,0.0,0.0,0.0,0.0,8,2.522017210245443,,1-4 px
NGA,NG020016,2026-08-20,2,MFED,0.0,0.0,0.0,0.0,17,0.0,0.0,0.0,0.0,0.0,0.0,0.0,0.0,19,6.124898939167504,,4-16 px
NGA,NG020016,2026-08-20,2,SFED,2.4085793e-05,0.0,0.0,0.00020472925,17,0.0004094585,6.596166e-05,1.1279283159746344e-05,0.00020472925098147243,0.0,0.0,0.00021249618083544642,4.663259773723253e-05,19,6.124898939167504,0.5317038903495375,4-16 px
NGA,NG020017,2026-08-20,2,MFED,0.0,0.0,0.0,0.0,9,0.0,0.0,0.0,0.0,0.0,0.0,0.0,0.0,11,3.242593556029855,,1-4 px
NGA,NG020017,2026-08-20,2,SFED,0.0,0.0,0.0,0.0,9,0.0,0.0,0.0,0.0,0.0,0.0,0.0,0.0,11,3.242593556029855,,1-4 px
NGA,NG020018,2026-08-20,2,MFED,0.0,0.0,0.0,0.0,1,0.0,0.0,0.0,0.0,0.0,0.0,0.0,0.0,1,0.3602881728922061,,<1 px
NGA,NG020018,2026-08-20,2,SFED,0.0,0.0,0.0,0.0,1,0.0,0.0,0.0,0.0,0.0,0.0,0.0,0.0,1,0.3602881728922061,,<1 px
NGA,NG020019,2026-08-20,2,MFED,0.0,0.0,0.0,0.0,13,0.0,0.0,0.0,0.0,0.0,0.0,0.0,0.0,14,4.6837462475986795,,4-16 px
NGA,NG020019,2026-08-20,2,SFED,0.0,0.0,0.0,0.0,13,0.0,0.0,0.0,0.0,0.0,0.0,0.0,0.0,14,4.6837462475986795,,4-16 px
NGA,NG020020,2026-08-20,2,MFED,0.0,0.0,0.0,0.0,11,0.0,0.0,0.0,0.0,0.0,0.0,0.0,0.0,12,3.9631699018142674,,1-4 px
NGA,NG020020,2026-08-20,2,SFED,0.0,0.0,0.0,0.0,11,0.0,0.0,0.0,0.0,0.0,0.0,0.0,0.0,12,3.9631699018142674,,1-4 px
NGA,NG020021,2026-08-20,2,MFED,,,,,0,0.0,,0.0,0.0,0.0,0.0,0.0,0.0,1,0.0,,
NGA,NG020021,2026-08-20,2,SFED,,,,,0,0.0,,0.0,0.0,0.0,0.0,0.0,0.0,1,0.0,,
NGA,NG020022,2026-08-20,2,MFED,0.0,0.0,0.0,0.0,15,0.0,0.0,0.0,0.0,0.0,0.0,0.0,0.0,15,5.404322593383092,,4-16 px
NGA,NG020022,2026-08-20,2,SFED,0.0,0.0,0.0,0.0,15,0.0,0.0,0.0,0.0,0.0,0.0,0.0,0.0,15,5.404322593383092,,4-16 px
NGA,NG020023,2026-08-20,2,MFED,0.0,0.0,0.0,0.0,13,0.0,0.0,0.0,0.0,0.0,0.0,0.0,0.0,14,4.6837462475986795,,4-16 px
NGA,NG020023,2026-08-20,2,SFED,0.0,0.0,0.0,0.0,13,0.0,0.0,0.0,0.0,0.0,0.0,0.0,0.0,14,4.6837462475986795,,4-16 px
NGA,NG020024,2026-08-20,2,MFED,0.0,0.0,0.0,0.0,30,0.0,0.0,0.0,0.0,0.0,0.0,0.0,0.0,30,10.808645186766183,,4-16 px
NGA,NG020024,2026-08-20,2,SFED,0.0,0.0,0.0,0.0,30,0.0,0.0,0.0,0.0,0.0,0.0,0.0,0.0,30,10.808645186766183,,4-16 px
NGA,NG020025,2026-08-20,2,MFED,0.0,0.0,0.0,0.0,7,0.0,0.0,0.0,0.0,0.0,0.0,0.0,0.0,6,2.522017210245443,,1-4 px
NGA,NG020025,2026-08-20,2,SFED,0.0,0.0,0.0,0.0,7,0.0,0.0,0.0,0.0,0.0,0.0,0.0,0.0,6,2.522017210245443,,1-4 px
NGA,NG020026,2026-08-20,2,MFED,0.0,0.0,0.0,0.0,15,0.0,0.0,0.0,0.0,0.0,0.0,0.0,0.0,17,5.404322593383092,,4-16 px
NGA,NG020026,2026-08-20,2,SFED,0.0,0.0,0.0,0.0,15,0.0,0.0,0.0,0.0,0.0,0.0,0.0,0.0,17,5.404322593383092,,4-16 px
NGA,NG020027,2026-08-20,2,MFED,0.0,0.0,0.0,0.0,6,0.0,0.0,0.0,0.0,0.0,0.0,0.0,0.0,7,2.1617290373532367,,1-4 px
NGA,NG020027,2026-08-20,2,SFED,0.0,0.0,0.0,0.0,6,0.0,0.0,0.0,0.0,0.0,0.0,0.0,0.0,7,2.1617290373532367,,1-4 px
NGA,NG020028,2026-08-20,2,MFED,0.0,0.0,0.0,0.0,9,0.0,0.0,0.0,0.0,0.0,0.0,0.0,0.0,9,3.242593556029855,,1-4 px
NGA,NG020028,2026-08-20,2,SFED,0.0,0.0,0.0,0.0,9,0.0,0.0,0.0,0.0,0.0,0.0,0.0,0.0,9,3.242593556029855,,1-4 px
NGA,NG020029,2026-08-20,2,MFED,0.0,0.0,0.0,0.0,13,0.0,0.0,0.0,0.0,0.0,0.0,0.0,0.0,13,4.6837462475986795,,4-16 px
NGA,NG020029,2026-08-20,2,SFED,0.0,0.0,0.0,0.0,13,0.0,0.0,0.0,0.0,0.0,0.0,0.0,0.0,13,4.6837462475986795,,4-16 px
NGA,NG020030,2026-08-20,2,MFED,0.0,0.0,0.0,0.0,14,0.0,0.0,0.0,0.0,0.0,0.0,0.0,0.0,14,5.044034420490886,,4-16 px
NGA,NG020030,2026-08-20,2,SFED,0.0,0.0,0.0,0.0,14,0.0,0.0,0.0,0.0,0.0,0.0,0.0,0.0,14,5.044034420490886,,4-16 px
NGA,NG020031,2026-08-20,2,MFED,0.0,0.0,0.0,0.0,1,0.0,0.0,0.0,0.0,0.0,0.0,0.0,0.0,1,0.3602881728922061,,<1 px
NGA,NG020031,2026-08-20,2,SFED,0.0,0.0,0.0,0.0,1,0.0,0.0,0.0,0.0,0.0,0.0,0.0,0.0,1,0.3602881728922061,,<1 px
NGA,NG020032,2026-08-20,2,MFED,0.0,0.0,0.0,0.0,18,0.0,0.0,0.0,0.0,0.0,0.0,0.0,0.0,17,6.48518711205971,,4-16 px
NGA,NG020032,2026-08-20,2,SFED,0.0,0.0,0.0,0.0,18,0.0,0.0,0.0,0.0,0.0,0.0,0.0,0.0,17,6.48518711205971,,4-16 px
NGA,NG020033,2026-08-20,2,MFED,0.0,0.0,0.0,0.0,9,0.0,0.0,0.0,0.0,0.0,0.0,0.0,0.0,9,3.242593556029855,,1-4 px
NGA,NG020033,2026-08-20,2,SFED,0.0,0.0,0.0,0.0,9,0.0,0.0,0.0,0.0,0.0,0.0,0.0,0.0,9,3.242593556029855,,1-4 px
NGA,NG020034,2026-08-20,2,MFED,0.0,0.0,0.0,0.0,27,0.0,0.0,0.0,0.0,0.0,0.0,0.0,0.0,26,9.727780668089565,,4-16 px
NGA,NG020034,2026-08-20,2,SFED,0.0,0.0,0.0,0.0,27,0.0,0.0,0.0,0.0,0.0,0.0,0.0,0.0,26,9.727780668089565,,4-16 px
NGA,NG020035,2026-08-20,2,MFED,0.0,0.0,0.0,0.0,18,0.0,0.0,0.0,0.0,0.0,0.0,0.0,0.0,17,6.48518711205971,,4-16 px
NGA,NG020035,2026-08-20,2,SFED,0.0,0.0,0.0,0.0,18,0.0,0.0,0.0,0.0,0.0,0.0,0.0,0.0,17,6.48518711205971,,4-16 px
NGA,NG020036,2026-08-20,2,MFED,0.0,0.0,0.0,0.0,43,0.0,0.0,0.0,0.0,0.0,0.0,0.0,0.0,41,15.492391434364864,,4-16 px
NGA,NG020036,2026-08-20,2,SFED,0.0,0.0,0.0,0.0,43,0.0,0.0,0.0,0.0,0.0,0.0,0.0,0.0,41,15.492391434364864,,4-16 px
NGA,NG020037,2026-08-20,2,MFED,0.000110526315,0.0001,0.0,0.0005,19,0.0021,0.0001518127,0.00010581425350563285,0.0005000000237487257,0.0,0.0,0.002097945469632048,0.00016144400756582214,20,6.845475284951916,0.042632937634509385,4-16 px
NGA,NG020037,2026-08-20,2,SFED,0.0,0.0,0.0,0.0,19,0.0,0.0,0.0,0.0,0.0,0.0,0.0,0.0,20,6.845475284951916,,4-16 px
NGA,NG020038,2026-08-20,2,MFED,0.0,0.0,0.0,0.0,1,0.0,0.0,0.0,0.0,0.0,0.0,0.0,0.0,1,0.3602881728922061,,<1 px
NGA,NG020038,2026-08-20,2,SFED,0.0,0.0,0.0,0.0,1,0.0,0.0,0.0,0.0,0.0,0.0,0.0,0.0,1,0.3602881728922061,,<1 px
NGA,NG020039,2026-08-20,2,MFED,0.0,0.0,0.0,0.0,7,0.0,0.0,0.0,0.0,0.0,0.0,0.0,0.0,6,2.522017210245443,,1-4 px
NGA,NG020039,2026-08-20,2,SFED,0.0,0.0,0.0,0.0,7,0.0,0.0,0.0,0.0,0.0,0.0,0.0,0.0,6,2.522017210245443,,1-4 px
NGA,NG020040,2026-08-20,2,MFED,0.0,0.0,0.0,0.0,18,0.0,0.0,0.0,0.0,0.0,0.0,0.0,0.0,18,6.48518711205971,,4-16 px
NGA,NG020040,2026-08-20,2,SFED,0.0,0.0,0.0,0.0,18,0.0,0.0,0.0,0.0,0.0,0.0,0.0,0.0,18,6.48518711205971,,4-16 px
NGA,NG020041,2026-08-20,2,MFED,0.0,0.0,0.0,0.0,39,0.0,0.0,0.0,0.0,0.0,0.0,0.0,0.0,41,14.051238742796038,,4-16 px
NGA,NG020041,2026-08-20,2,SFED,0.0,0.0,0.0,0.0,39,0.0,0.0,0.0,0.0,0.0,0.0,0.0,0.0,41,14.051238742796038,,4-16 px
NGA,NG020042,2026-08-20,2,MFED,0.0,0.0,0.0,0.0,7,0.0,0.0,0.0,0.0,0.0,0.0,0.0,0.0,7,2.522017210245443,,1-4 px
NGA,NG020042,2026-08-20,2,SFED,0.0,0.0,0.0,0.0,7,0.0,0.0,0.0,0.0,0.0,0.0,0.0,0.0,7,2.522017210245443,,1-4 px
NGA,NG020043,2026-08-20,2,MFED,0.0,0.0,0.0,0.0,13,0.0,0.0,0.0,0.0,0.0,0.0,0.0,0.0,12,4.6837462475986795,,4-16 px
NGA,NG020043,2026-08-20,2,SFED,0.0,0.0,0.0,0.0,13,0.0,0.0,0.0,0.0,0.0,0.0,0.0,0.0,12,4.6837462475986795,,4-16 px
NGA,NG020044,2026-08-20,2,MFED,0.0,0.0,0.0,0.0,12,0.0,0.0,0.0,0.0,0.0,0.0,0.0,0.0,12,4.3234580747064735,,4-16 px
NGA,NG020044,2026-08-20,2,SFED,0.0,0.0,0.0,0.0,12,0.0,0.0,0.0,0.0,0.0,0.0,0.0,0.0,12,4.3234580747064735,,4-16 px
NGA,NG021,2026-08-20,1,MFED,0.0,0.0,0.0,0.0,797,0.0,0.0,0.0,0.0,0.0,0.0,0.0,0.0,797,287.1496737950883,,>64 px
NGA,NG021,2026-08-20,1,SFED,0.0,0.0,0.0,0.0,797,0.0,0.0,0.0,0.0,0.0,0.0,0.0,0.0,797,287.1496737950883,,>64 px
NGA,NG021001,2026-08-20,2,MFED,0.0,0.0,0.0,0.0,27,0.0,0.0,0.0,0.0,0.0,0.0,0.0,0.0,25,9.727780668089565,,4-16 px
NGA,NG021001,2026-08-20,2,SFED,0.0,0.0,0.0,0.0,27,0.0,0.0,0.0,0.0,0.0,0.0,0.0,0.0,25,9.727780668089565,,4-16 px
NGA,NG021002,2026-08-20,2,MFED,0.0,0.0,0.0,0.0,18,0.0,0.0,0.0,0.0,0.0,0.0,0.0,0.0,17,6.48518711205971,,4-16 px
NGA,NG021002,2026-08-20,2,SFED,0.0,0.0,0.0,0.0,18,0.0,0.0,0.0,0.0,0.0,0.0,0.0,0.0,17,6.48518711205971,,4-16 px
NGA,NG021003,2026-08-20,2,MFED,0.0,0.0,0.0,0.0,41,0.0,0.0,0.0,0.0,0.0,0.0,0.0,0.0,39,14.77181508858045,,4-16 px
NGA,NG021003,2026-08-20,2,SFED,0.0,0.0,0.0,0.0,41,0.0,0.0,0.0,0.0,0.0,0.0,0.0,0.0,39,14.77181508858045,,4-16 px
NGA,NG021004,2026-08-20,2,MFED,0.0,0.0,0.0,0.0,28,0.0,0.0,0.0,0.0,0.0,0.0,0.0,0.0,26,10.088068840981771,,4-16 px
NGA,NG021004,2026-08-20,2,SFED,0.0,0.0,0.0,0.0,28,0.0,0.0,0.0,0.0,0.0,0.0,0.0,0.0,26,10.088068840981771,,4-16 px
NGA,NG021005,2026-08-20,2,MFED,0.0,0.0,0.0,0.0,18,0.0,0.0,0.0,0.0,0.0,0.0,0.0,0.0,17,6.48518711205971,,4-16 px
NGA,NG021005,2026-08-20,2,SFED,0.0,0.0,0.0,0.0,18,0.0,0.0,0.0,0.0,0.0,0.0,0.0,0.0,17,6.48518711205971,,4-16 px
NGA,NG021006,2026-08-20,2,MFED,0.0,0.0,0.0,0.0,17,0.0,0.0,0.0,0.0,0.0,0.0,0.0,0.0,16,6.124898939167504,,4-16 px
NGA,NG021006,2026-08-20,2,SFED,0.0,0.0,0.0,0.0,17,0.0,0.0,0.0,0.0,0.0,0.0,0.0,0.0,16,6.124898939167504,,4-16 px
NGA,NG021007,2026-08-20,2,MFED,0.0,0.0,0.0,0.0,26,0.0,0.0,0.0,0.0,0.0,0.0,0.0,0.0,27,9.367492495197359,,4-16 px
NGA,NG021007,2026-08-20,2,SFED,0.0,0.0,0.0,0.0,26,0.0,0.0,0.0,0.0,0.0,0.0,0.0,0.0,27,9.367492495197359,,4-16 px
NGA,NG021008,2026-08-20,2,MFED,0.0,0.0,0.0,0.0,16,0.0,0.0,0.0,0.0,0.0,0.0,0.0,0.0,16,5.764610766275298,,4-16 px
NGA,NG021008,2026-08-20,2,SFED,0.0,0.0,0.0,0.0,16,0.0,0.0,0.0,0.0,0.0,0.0,0.0,0.0,16,5.764610766275298,,4-16 px
NGA,NG021009,2026-08-20,2,MFED,0.0,0.0,0.0,0.0,15,0.0,0.0,0.0,0.0,0.0,0.0,0.0,0.0,16,5.404322593383092,,4-16 px
NGA,NG021009,2026-08-20,2,SFED,0.0,0.0,0.0,0.0,15,0.0,0.0,0.0,0.0,0.0,0.0,0.0,0.0,16,5.404322593383092,,4-16 px
NGA,NG021010,2026-08-20,2,MFED,0.0,0.0,0.0,0.0,7,0.0,0.0,0.0,0.0,0.0,0.0,0.0,0.0,6,2.522017210245443,,1-4 px
NGA,NG021010,2026-08-20,2,SFED,0.0,0.0,0.0,0.0,7,0.0,0.0,0.0,0.0,0.0,0.0,0.0,0.0,6,2.522017210245443,,1-4 px
NGA,NG021011,2026-08-20,2,MFED,0.0,0.0,0.0,0.0,10,0.0,0.0,0.0,0.0,0.0,0.0,0.0,0.0,11,3.602881728922061,,1-4 px
NGA,NG021011,2026-08-20,2,SFED,0.0,0.0,0.0,0.0,10,0.0,0.0,0.0,0.0,0.0,0.0,0.0,0.0,11,3.602881728922061,,1-4 px
NGA,NG021012,2026-08-20,2,MFED,0.0,0.0,0.0,0.0,19,0.0,0.0,0.0,0.0,0.0,0.0,0.0,0.0,22,6.845475284951916,,4-16 px
NGA,NG021012,2026-08-20,2,SFED,0.0,0.0,0.0,0.0,19,0.0,0.0,0.0,0.0,0.0,0.0,0.0,0.0,22,6.845475284951916,,4-16 px
NGA,NG021013,2026-08-20,2,MFED,0.0,0.0,0.0,0.0,55,0.0,0.0,0.0,0.0,0.0,0.0,0.0,0.0,56,19.815849509071338,,16-64 px
NGA,NG021013,2026-08-20,2,SFED,0.0,0.0,0.0,0.0,55,0.0,0.0,0.0,0.0,0.0,0.0,0.0,0.0,56,19.815849509071338,,16-64 px
NGA,NG021014,2026-08-20,2,MFED,0.0,0.0,0.0,0.0,14,0.0,0.0,0.0,0.0,0.0,0.0,0.0,0.0,14,5.044034420490886,,4-16 px
NGA,NG021014,2026-08-20,2,SFED,0.0,0.0,0.0,0.0,14,0.0,0.0,0.0,0.0,0.0,0.0,0.0,0.0,14,5.044034420490886,,4-16 px
NGA,NG021015,2026-08-20,2,MFED,0.0,0.0,0.0,0.0,28,0.0,0.0,0.0,0.0,0.0,0.0,0.0,0.0,26,10.088068840981771,,4-16 px
NGA,NG021015,2026-08-20,2,SFED,0.0,0.0,0.0,0.0,28,0.0,0.0,0.0,0.0,0.0,0.0,0.0,0.0,26,10.088068840981771,,4-16 px
NGA,NG021016,2026-08-20,2,MFED,0.0,0.0,0.0,0.0,34,0.0,0.0,0.0,0.0,0.0,0.0,0.0,0.0,36,12.249797878335007,,4-16 px
NGA,NG021016,2026-08-20,2,SFED,0.0,0.0,0.0,0.0,34,0.0,0.0,0.0,0.0,0.0,0.0,0.0,0.0,36,12.249797878335007,,4-16 px
NGA,NG021017,2026-08-20,2,MFED,0.0,0.0,0.0,0.0,36,0.0,0.0,0.0,0.0,0.0,0.0,0.0,0.0,34,12.97037422411942,,4-16 px
NGA,NG021017,2026-08-20,2,SFED,0.0,0.0,0.0,0.0,36,0.0,0.0,0.0,0.0,0.0,0.0,0.0,0.0,34,12.97037422411942,,4-16 px
NGA,NG021018,2026-08-20,2,MFED,0.0,0.0,0.0,0.0,24,0.0,0.0,0.0,0.0,0.0,0.0,0.0,0.0,24,8.646916149412947,,4-16 px
NGA,NG021018,2026-08-20,2,SFED,0.0,0.0,0.0,0.0,24,0.0,0.0,0.0,0.0,0.0,0.0,0.0,0.0,24,8.646916149412947,,4-16 px
NGA,NG021019,2026-08-20,2,MFED,0.0,0.0,0.0,0.0,48,0.0,0.0,0.0,0.0,0.0,0.0,0.0,0.0,46,17.293832298825894,,16-64 px
NGA,NG021019,2026-08-20,2,SFED,0.0,0.0,0.0,0.0,48,0.0,0.0,0.0,0.0,0.0,0.0,0.0,0.0,46,17.293832298825894,,16-64 px
NGA,NG021020,2026-08-20,2,MFED,0.0,0.0,0.0,0.0,24,0.0,0.0,0.0,0.0,0.0,0.0,0.0,0.0,25,8.646916149412947,,4-16 px
NGA,NG021020,2026-08-20,2,SFED,0.0,0.0,0.0,0.0,24,0.0,0.0,0.0,0.0,0.0,0.0,0.0,0.0,25,8.646916149412947,,4-16 px
NGA,NG021021,2026-08-20,2,MFED,0.0,0.0,0.0,0.0,4,0.0,0.0,0.0,0.0,0.0,0.0,0.0,0.0,5,1.4411526915688244,,1-4 px
NGA,NG021021,2026-08-20,2,SFED,0.0,0.0,0.0,0.0,4,0.0,0.0,0.0,0.0,0.0,0.0,0.0,0.0,5,1.4411526915688244,,1-4 px
NGA,NG021022,2026-08-20,2,MFED,0.0,0.0,0.0,0.0,18,0.0,0.0,0.0,0.0,0.0,0.0,0.0,0.0,19,6.48518711205971,,4-16 px
NGA,NG021022,2026-08-20,2,SFED,0.0,0.0,0.0,0.0,18,0.0,0.0,0.0,0.0,0.0,0.0,0.0,0.0,19,6.48518711205971,,4-16 px
NGA,NG021023,2026-08-20,2,MFED,0.0,0.0,0.0,0.0,16,0.0,0.0,0.0,0.0,0.0,0.0,0.0,0.0,15,5.764610766275298,,4-16 px
NGA,NG021023,2026-08-20,2,SFED,0.0,0.0,0.0,0.0,16,0.0,0.0,0.0,0.0,0.0,0.0,0.0,0.0,15,5.764610766275298,,4-16 px
NGA,NG021024,2026-08-20,2,MFED,0.0,0.0,0.0,0.0,21,0.0,0.0,0.0,0.0,0.0,0.0,0.0,0.0,21,7.566051630736329,,4-16 px
NGA,NG021024,2026-08-20,2,SFED,0.0,0.0,0.0,0.0,21,0.0,0.0,0.0,0.0,0.0,0.0,0.0,0.0,21,7.566051630736329,,4-16 px
NGA,NG021025,2026-08-20,2,MFED,0.0,0.0,0.0,0.0,25,0.0,0.0,0.0,0.0,0.0,0.0,0.0,0.0,27,9.007204322305153,,4-16 px
NGA,NG021025,2026-08-20,2,SFED,0.0,0.0,0.0,0.0,25,0.0,0.0,0.0,0.0,0.0,0.0,0.0,0.0,27,9.007204322305153,,4-16 px
NGA,NG021026,2026-08-20,2,MFED,0.0,0.0,0.0,0.0,21,0.0,0.0,0.0,0.0,0.0,0.0,0.0,0.0,22,7.566051630736329,,4-16 px
NGA,NG021026,2026-08-20,2,SFED,0.0,0.0,0.0,0.0,21,0.0,0.0,0.0,0.0,0.0,0.0,0.0,0.0,22,7.566051630736329,,4-16 px
NGA,NG021027,2026-08-20,2,MFED,0.0,0.0,0.0,0.0,31,0.0,0.0,0.0,0.0,0.0,0.0,0.0,0.0,31,11.16893335965839,,4-16 px
NGA,NG021027,2026-08-20,2,SFED,0.0,0.0,0.0,0.0,31,0.0,0.0,0.0,0.0,0.0,0.0,0.0,0.0,31,11.16893335965839,,4-16 px
NGA,NG021028,2026-08-20,2,MFED,0.0,0.0,0.0,0.0,17,0.0,0.0,0.0,0.0,0.0,0.0,0.0,0.0,18,6.124898939167504,,4-16 px
NGA,NG021028,2026-08-20,2,SFED,0.0,0.0,0.0,0.0,17,0.0,0.0,0.0,0.0,0.0,0.0,0.0,0.0,18,6.124898939167504,,4-16 px
NGA,NG021029,2026-08-20,2,MFED,0.0,0.0,0.0,0.0,27,0.0,0.0,0.0,0.0,0.0,0.0,0.0,0.0,26,9.727780668089565,,4-16 px
NGA,NG021029,2026-08-20,2,SFED,0.0,0.0,0.0,0.0,27,0.0,0.0,0.0,0.0,0.0,0.0,0.0,0.0,26,9.727780668089565,,4-16 px
NGA,NG021030,2026-08-20,2,MFED,0.0,0.0,0.0,0.0,17,0.0,0.0,0.0,0.0,0.0,0.0,0.0,0.0,16,6.124898939167504,,4-16 px
NGA,NG021030,2026-08-20,2,SFED,0.0,0.0,0.0,0.0,17,0.0,0.0,0.0,0.0,0.0,0.0,0.0,0.0,16,6.124898939167504,,4-16 px
NGA,NG021031,2026-08-20,2,MFED,0.0,0.0,0.0,0.0,21,0.0,0.0,0.0,0.0,0.0,0.0,0.0,0.0,23,7.566051630736329,,4-16 px
NGA,NG021031,2026-08-20,2,SFED,0.0,0.0,0.0,0.0,21,0.0,0.0,0.0,0.0,0.0,0.0,0.0,0.0,23,7.566051630736329,,4-16 px
NGA,NG021032,2026-08-20,2,MFED,0.0,0.0,0.0,0.0,45,0.0,0.0,0.0,0.0,0.0,0.0,0.0,0.0,46,16.212967780149274,,16-64 px
NGA,NG021032,2026-08-20,2,SFED,0.0,0.0,0.0,0.0,45,0.0,0.0,0.0,0.0,0.0,0.0,0.0,0.0,46,16.212967780149274,,16-64 px
NGA,NG021033,2026-08-20,2,MFED,0.0,0.0,0.0,0.0,13,0.0,0.0,0.0,0.0,0.0,0.0,0.0,0.0,11,4.6837462475986795,,4-16 px
NGA,NG021033,2026-08-20,2,SFED,0.0,0.0,0.0,0.0,13,0.0,0.0,0.0,0.0,0.0,0.0,0.0,0.0,11,4.6837462475986795,,4-16 px
NGA,NG021034,2026-08-20,2,MFED,0.0,0.0,0.0,0.0,16,0.0,0.0,0.0,0.0,0.0,0.0,0.0,0.0,17,5.764610766275298,,4-16 px
NGA,NG021034,2026-08-20,2,SFED,0.0,0.0,0.0,0.0,16,0.0,0.0,0.0,0.0,0.0,0.0,0.0,0.0,17,5.764610766275298,,4-16 px
NGA,NG022,2026-08-20,1,MFED,0.0019791273,0.0,0.0,0.23790185,1211,2.3967233,0.016380193,0.0018665576938687604,0.23790185153484344,0.0,0.0,2.26617054890254,0.01645200015625402,1214,436.3089773724616,0.05687840601826849,>64 px
NGA,NG022,2026-08-20,1,SFED,0.0019509553,0.0,0.0,0.24196278,1211,2.3626068,0.016233137,0.0018430753509480519,0.24196277558803558,0.0,0.0,2.237660852084199,0.016352841374454904,1214,436.3089773724616,0.05529596144614287,>64 px
NGA,NG022001,2026-08-20,2,MFED,0.0,0.0,0.0,0.0,12,0.0,0.0,0.0,0.0,0.0,0.0,0.0,0.0,11,4.3234580747064735,,4-16 px
NGA,NG022001,2026-08-20,2,SFED,0.0,0.0,0.0,0.0,12,0.0,0.0,0.0,0.0,0.0,0.0,0.0,0.0,11,4.3234580747064735,,4-16 px
NGA,NG022002,2026-08-20,2,MFED,0.0,0.0,0.0,0.0,131,0.0,0.0,0.0,0.0,0.0,0.0,0.0,0.0,134,47.197750648879,,16-64 px
NGA,NG022002,2026-08-20,2,SFED,0.0,0.0,0.0,0.0,131,0.0,0.0,0.0,0.0,0.0,0.0,0.0,0.0,134,47.197750648879,,16-64 px
NGA,NG022003,2026-08-20,2,MFED,0.0,0.0,0.0,0.0,37,0.0,0.0,0.0,0.0,0.0,0.0,0.0,0.0,37,13.330662397011626,,4-16 px
NGA,NG022003,2026-08-20,2,SFED,0.0,0.0,0.0,0.0,37,0.0,0.0,0.0,0.0,0.0,0.0,0.0,0.0,37,13.330662397011626,,4-16 px
NGA,NG022004,2026-08-20,2,MFED,0.0,0.0,0.0,0.0,38,0.0,0.0,0.0,0.0,0.0,0.0,0.0,0.0,38,13.690950569903832,,4-16 px
NGA,NG022004,2026-08-20,2,SFED,0.0,0.0,0.0,0.0,38,0.0,0.0,0.0,0.0,0.0,0.0,0.0,0.0,38,13.690950569903832,,4-16 px
NGA,NG022005,2026-08-20,2,MFED,0.011393919,0.0,0.0,0.23790185,170,1.9369662,0.03695734,0.010486925885240257,0.23790185153484344,0.0,0.0,1.7662022311023884,0.037442571329562434,168,61.24898939167504,0.07960326159592176,16-64 px
NGA,NG022005,2026-08-20,2,SFED,0.011217263,0.0,0.0,0.24196278,170,1.9069346,0.036535606,0.010341520627327317,0.24196277558803558,0.0,0.0,1.741713158351211,0.03716488682920804,168,61.24898939167504,0.07807094945288197,16-64 px
NGA,NG022006,2026-08-20,2,MFED,0.0,0.0,0.0,0.0,37,0.0,0.0,0.0,0.0,0.0,0.0,0.0,0.0,36,13.330662397011626,,4-16 px
NGA,NG022006,2026-08-20,2,SFED,0.0,0.0,0.0,0.0,37,0.0,0.0,0.0,0.0,0.0,0.0,0.0,0.0,36,13.330662397011626,,4-16 px
NGA,NG022007,2026-08-20,2,MFED,0.0,0.0,0.0,0.0,34,0.0,0.0,0.0,0.0,0.0,0.0,0.0,0.0,37,12.249797878335007,,4-16 px
NGA,NG022007,2026-08-20,2,SFED,0.0,0.0,0.0,0.0,34,0.0,0.0,0.0,0.0,0.0,0.0,0.0,0.0,37,12.249797878335007,,4-16 px
NGA,NG022008,2026-08-20,2,MFED,0.00018393634,0.0,0.0,0.004313519,66,0.012139798,0.0007896076,0.00017030397032233126,0.004313519224524498,0.0,0.0,0.010979298319572407,0.0007017627308667278,64,23.779019410885603,0.07411460768257504,16-64 px
NGA,NG022008,2026-08-20,2,SFED,0.00018700982,0.0,0.0,0.0042083114,66,0.012342649,0.0007864228,0.0001766930594750668,0.004208311438560486,0.0,0.0,0.01139119544484471,0.0007098384752511019,64,23.779019410885603,0.05516694537716357,16-64 px
NGA,NG022009,2026-08-20,2,MFED,0.0,0.0,0.0,0.0,74,0.0,0.0,0.0,0.0,0.0,0.0,0.0,0.0,74,26.66132479402325,,16-64 px
NGA,NG022009,2026-08-20,2,SFED,0.0,0.0,0.0,0.0,74,0.0,0.0,0.0,0.0,0.0,0.0,0.0,0.0,74,26.66132479402325,,16-64 px
NGA,NG022010,2026-08-20,2,MFED,0.0,0.0,0.0,0.0,36,0.0,0.0,0.0,0.0,0.0,0.0,0.0,0.0,35,12.97037422411942,,4-16 px
NGA,NG022010,2026-08-20,2,SFED,0.0,0.0,0.0,0.0,36,0.0,0.0,0.0,0.0,0.0,0.0,0.0,0.0,35,12.97037422411942,,4-16 px
NGA,NG022011,2026-08-20,2,MFED,0.0,0.0,0.0,0.0,34,0.0,0.0,0.0,0.0,0.0,0.0,0.0,0.0,32,12.249797878335007,,4-16 px
NGA,NG022011,2026-08-20,2,SFED,0.0,0.0,0.0,0.0,34,0.0,0.0,0.0,0.0,0.0,0.0,0.0,0.0,32,12.249797878335007,,4-16 px
NGA,NG022012,2026-08-20,2,MFED,0.0,0.0,0.0,0.0,21,0.0,0.0,0.0,0.0,0.0,0.0,0.0,0.0,20,7.566051630736329,,4-16 px
NGA,NG022012,2026-08-20,2,SFED,0.0,0.0,0.0,0.0,21,0.0,0.0,0.0,0.0,0.0,0.0,0.0,0.0,20,7.566051630736329,,4-16 px
NGA,NG022013,2026-08-20,2,MFED,0.009844675,0.0,0.0,0.23790185,44,0.4331657,0.040186577,0.01074288777593743,0.23790185153484344,0.0,0.0,0.4781927532819713,0.040489415183894366,45,15.85267960725707,0.09123843864194903,4-16 px
NGA,NG022013,2026-08-20,2,SFED,0.009747227,0.0,0.0,0.24196278,44,0.42887795,0.040212117,0.010643684780638228,0.24196277558803558,0.0,0.0,0.4737769803124167,0.04050105650576726,45,15.85267960725707,0.09197054512408785,4-16 px
NGA,NG022014,2026-08-20,2,MFED,2.50025e-06,0.0,0.0,0.00010001,40,0.00010001,1.5614056e-05,9.101811683885672e-07,0.00010001000191550702,0.0,0.0,4.031233490562745e-05,9.497304387809726e-06,44,14.411526915688244,0.635963936250948,4-16 px
NGA,NG022014,2026-08-20,2,SFED,2.50025e-06,0.0,0.0,0.00010001,40,0.00010001,1.5614056e-05,9.101811683885672e-07,0.00010001000191550702,0.0,0.0,4.031233490562745e-05,9.497304387809726e-06,44,14.411526915688244,0.635963936250948,4-16 px
NGA,NG022015,2026-08-20,2,MFED,2.1582557e-05,0.0,0.0,0.0018776824,87,0.0018776824,0.0002001484,1.974337803703873e-05,0.0018776823999360204,0.0,0.0,0.0017000120199203064,0.00019152543559307618,86,31.34507104162193,0.0852159900683349,16-64 px
NGA,NG022015,2026-08-20,2,SFED,2.1582557e-05,0.0,0.0,0.0018776824,87,0.0018776824,0.0002001484,1.974337803703873e-05,0.0018776823999360204,0.0,0.0,0.0017000120199203064,0.00019152543559307618,86,31.34507104162193,0.0852159900683349,16-64 px
NGA,NG022016,2026-08-20,2,MFED,0.0,0.0,0.0,0.0,50,0.0,0.0,0.0,0.0,0.0,0.0,0.0,0.0,48,18.014408644610306,,16-64 px
NGA,NG022016,2026-08-20,2,SFED,0.0,0.0,0.0,0.0,50,0.0,0.0,0.0,0.0,0.0,0.0,0.0,0.0,48,18.014408644610306,,16-64 px
NGA,NG022017,2026-08-20,2,MFED,0.0,0.0,0.0,0.0,89,0.0,0.0,3.1964602699351007e-06,0.1291048228740692,0.0,0.0,0.00028696211884692593,0.0006423925743777812,90,32.065647387406344,,16-64 px
NGA,NG022017,2026-08-20,2,SFED,0.0,0.0,0.0,0.0,89,0.0,0.0,3.0099071349697367e-06,0.12156995385885239,0.0,0.0,0.0002702143171017523,0.0006049009935326113,90,32.065647387406344,,16-64 px
NGA,NG022018,2026-08-20,2,MFED,0.00023535568,0.0,0.0,0.0043164026,53,0.012473851,0.00077590323,0.0001685341138326955,0.0043164025992155075,0.0,0.0,0.008768970158899046,0.0006626347955210432,52,19.095273163286922,0.2839173720698158,16-64 px
NGA,NG022018,2026-08-20,2,SFED,0.00023535568,0.0,0.0,0.0043164026,53,0.012473851,0.00077590323,0.0001685341138326955,0.0043164025992155075,0.0,0.0,0.008768970158899046,0.0006626347955210432,52,19.095273163286922,0.2839173720698158,16-64 px
NGA,NG022019,2026-08-20,2,MFED,0.0,0.0,0.0,0.0,131,0.0,0.0,0.0,0.0,0.0,0.0,0.0,0.0,136,47.197750648879,,16-64 px
NGA,NG022019,2026-08-20,2,SFED,0.0,0.0,0.0,0.0,131,0.0,0.0,0.0,0.0,0.0,0.0,0.0,0.0,136,47.197750648879,,16-64 px
NGA,NG022020,2026-08-20,2,MFED,0.0,0.0,0.0,0.0,4,0.0,0.0,0.0,0.0,0.0,0.0,0.0,0.0,4,1.4411526915688244,,1-4 px
NGA,NG022020,2026-08-20,2,SFED,0.0,0.0,0.0,0.0,4,0.0,0.0,0.0,0.0,0.0,0.0,0.0,0.0,4,1.4411526915688244,,1-4 px
NGA,NG022021,2026-08-20,2,MFED,0.0,0.0,0.0,0.0,23,0.0,0.0,0.0,0.0,0.0,0.0,0.0,0.0,23,8.286627976520741,,4-16 px
NGA,NG022021,2026-08-20,2,SFED,0.0,0.0,0.0,0.0,23,0.0,0.0,0.0,0.0,0.0,0.0,0.0,0.0,23,8.286627976520741,,4-16 px
NGA,NG023,2026-08-20,1,MFED,0.0074200965,0.0,0.0,0.22851388,949,7.0416718,0.024530545,0.008074763099823258,0.22851388156414032,0.0,0.0,7.651265358493266,0.026674028151805612,948,341.9134760747036,0.08822885252547023,>64 px
NGA,NG023,2026-08-20,1,SFED,0.00742017,0.0,0.0,0.2287377,949,7.0417414,0.02453081,0.008074890948215566,0.2287376970052719,0.0,0.0,7.6513865016107925,0.026675345517282588,948,341.9134760747036,0.08823530299380823,>64 px
NGA,NG023001,2026-08-20,2,MFED,0.00066087174,0.0,0.0,0.0135,23,0.015200051,0.002747922,0.002789565618667949,0.120899997651577,0.0,0.0,0.06523624870714856,0.013598406577317675,23,8.286627976520741,3.2210393482220145,4-16 px
NGA,NG023001,2026-08-20,2,SFED,0.00066087174,0.0,0.0,0.0135,23,0.015200051,0.002747922,0.002789565618667949,0.120899997651577,0.0,0.0,0.06523624870714856,0.013598406577317675,23,8.286627976520741,3.2210393482220145,4-16 px
NGA,NG023002,2026-08-20,2,MFED,0.00042642924,0.0,0.0,0.0135,48,0.020468604,0.002120738,0.0005948076850998277,0.013500000350177288,0.0,0.0,0.02691699030838516,0.0021939569610372888,45,17.293832298825894,0.39485670612040513,16-64 px
NGA,NG023002,2026-08-20,2,SFED,0.00042642924,0.0,0.0,0.0135,48,0.020468604,0.002120738,0.0005948076850998277,0.013500000350177288,0.0,0.0,0.02691699030838516,0.0021939569610372888,45,17.293832298825894,0.39485670612040513,16-64 px
NGA,NG023003,2026-08-20,2,MFED,0.0,0.0,0.0,0.0,42,0.0,0.0,0.0,0.0,0.0,0.0,0.0,0.0,42,15.132103261472658,,4-16 px
NGA,NG023003,2026-08-20,2,SFED,0.0,0.0,0.0,0.0,42,0.0,0.0,0.0,0.0,0.0,0.0,0.0,0.0,42,15.132103261472658,,4-16 px
NGA,NG023004,2026-08-20,2,MFED,0.0065557472,0.0,0.0,0.07171434,61,0.3999006,0.01990664,0.00721963202370906,0.14279155433177948,0.0,0.0,0.45810141727889936,0.02045360713171208,63,21.977578546424574,0.10126760588160877,16-64 px
NGA,NG023004,2026-08-20,2,SFED,0.0065557472,0.0,0.0,0.07171434,61,0.3999006,0.01990664,0.00721963202370906,0.14279155433177948,0.0,0.0,0.45810141727889936,0.02045360713171208,63,21.977578546424574,0.10126760588160877,16-64 px
NGA,NG023005,2026-08-20,2,MFED,2.5e-06,0.0,0.0,0.0001,80,0.0002,1.5612495e-05,3.433691996666112e-06,9.999999747378752e-05,0.0,0.0,0.0002708859673256222,1.8209309439525898e-05,79,28.823053831376487,0.3734767986664446,16-64 px
NGA,NG023005,2026-08-20,2,SFED,2.5e-06,0.0,0.0,0.0001,80,0.0002,1.5612495e-05,3.433691996666112e-06,9.999999747378752e-05,0.0,0.0,0.0002708859673256222,1.8209309439525898e-05,79,28.823053831376487,0.3734767986664446,16-64 px
NGA,NG023006,2026-08-20,2,MFED,0.0,0.0,0.0,0.0,44,0.0,0.0,0.0,0.0,0.0,0.0,0.0,0.0,44,15.85267960725707,,4-16 px
NGA,NG023006,2026-08-20,2,SFED,0.0,0.0,0.0,0.0,44,0.0,0.0,0.0,0.0,0.0,0.0,0.0,0.0,44,15.85267960725707,,4-16 px
NGA,NG023007,2026-08-20,2,MFED,0.0,0.0,0.0,0.0,4,0.0,0.0,0.0,0.0,0.0,0.0,0.0,0.0,4,1.4411526915688244,,1-4 px
NGA,NG023007,2026-08-20,2,SFED,0.0,0.0,0.0,0.0,4,0.0,0.0,0.0,0.0,0.0,0.0,0.0,0.0,4,1.4411526915688244,,1-4 px
NGA,NG023008,2026-08-20,2,MFED,0.0,0.0,0.0,0.0,71,0.0,0.0,0.0,0.0,0.0,0.0,0.0,0.0,69,25.580460275346635,,16-64 px
NGA,NG023008,2026-08-20,2,SFED,0.0,0.0,0.0,0.0,71,0.0,0.0,0.0,0.0,0.0,0.0,0.0,0.0,69,25.580460275346635,,16-64 px
NGA,NG023009,2026-08-20,2,MFED,0.0015761905,0.0,0.0,0.0317,42,0.0662,0.006739041,0.0012367557977090219,0.07919999957084656,0.0,0.0,0.052015073534800206,0.006259030344248348,42,15.132103261472658,0.21535131844214148,4-16 px
NGA,NG023009,2026-08-20,2,SFED,0.0015761905,0.0,0.0,0.0317,42,0.0662,0.006739041,0.0012367557977090219,0.07919999957084656,0.0,0.0,0.052015073534800206,0.006259030344248348,42,15.132103261472658,0.21535131844214148,4-16 px
NGA,NG023010,2026-08-20,2,MFED,0.008714445,0.0,0.0,0.1231,90,0.7843,0.028325621,0.009098430380261277,0.12309999763965607,0.0,0.0,0.8040872054471672,0.02807542692185927,88,32.42593556029855,0.044063090680046435,16-64 px
NGA,NG023010,2026-08-20,2,SFED,0.008718889,0.0,0.0,0.1231,90,0.7847,0.028340997,0.009102281187824631,0.12309999763965607,0.0,0.0,0.8044275262456919,0.02808642916183351,88,32.42593556029855,0.04397259648845519,16-64 px
NGA,NG023011,2026-08-20,2,MFED,0.02642848,0.0,0.0,0.14279155,50,1.321424,0.038512807,0.026505854587384733,0.14279155433177948,0.0,0.0,1.299669293912118,0.038711509313423764,49,18.014408644610306,0.0029276972184829665,16-64 px
NGA,NG023011,2026-08-20,2,SFED,0.02642848,0.0,0.0,0.14279155,50,1.321424,0.038512807,0.026505854587384733,0.14279155433177948,0.0,0.0,1.299669293912118,0.038711509313423764,49,18.014408644610306,0.0029276972184829665,16-64 px
NGA,NG023012,2026-08-20,2,MFED,0.025332425,0.0001,0.0,0.22851388,103,2.6092398,0.044621363,0.030858992013078068,0.22851388156414032,0.0,9.999999747378752e-05,3.242836708050063,0.052325130257321675,105,37.10968180789723,0.21816178329070626,16-64 px
NGA,NG023012,2026-08-20,2,SFED,0.025329217,0.0001,0.0,0.2287377,103,2.6089094,0.044621896,0.03085919863273773,0.2287376970052719,0.0,9.999999747378752e-05,3.2428584208077793,0.052335510178406965,105,37.10968180789723,0.21832422347432728,16-64 px
NGA,NG023013,2026-08-20,2,MFED,0.037546154,0.0317,0.0,0.083,26,0.9762,0.035199422,0.029277234387765798,0.12309999763965607,0.0,0.019099999219179153,0.8006231805476518,0.03337674622342228,27,9.367492495197359,0.2202334655164468,4-16 px
NGA,NG023013,2026-08-20,2,SFED,0.037553847,0.0317,0.0,0.083,26,0.9764,0.035195403,0.02928510469193947,0.12309999763965607,0.0,0.019200000911951065,0.8008384040170528,0.03337484788912396,27,9.367492495197359,0.22018362880533998,4-16 px
NGA,NG023014,2026-08-20,2,MFED,0.0,0.0,0.0,0.0,53,0.0,0.0,0.0,0.0,0.0,0.0,0.0,0.0,56,19.095273163286922,,16-64 px
NGA,NG023014,2026-08-20,2,SFED,0.0,0.0,0.0,0.0,53,0.0,0.0,0.0,0.0,0.0,0.0,0.0,0.0,56,19.095273163286922,,16-64 px
NGA,NG023015,2026-08-20,2,MFED,0.0,0.0,0.0,0.0,2,0.0,0.0,1.5892470044604977e-05,0.00010005002695834264,0.0,0.0,4.1301529471435645e-05,3.656423473762062e-05,3,0.7205763457844122,,<1 px
NGA,NG023015,2026-08-20,2,SFED,0.0,0.0,0.0,0.0,2,0.0,0.0,1.5892470044604977e-05,0.00010005002695834264,0.0,0.0,4.1301529471435645e-05,3.656423473762062e-05,3,0.7205763457844122,,<1 px
NGA,NG023016,2026-08-20,2,MFED,0.01572273,0.0,0.0,0.1209,22,0.34590006,0.039081916,0.0177259848730996,0.120899997651577,0.0,0.0,0.38420793392698255,0.04106671844176544,22,7.926339803628535,0.12741138931340798,4-16 px
NGA,NG023016,2026-08-20,2,SFED,0.01572273,0.0,0.0,0.1209,22,0.34590006,0.039081916,0.0177259848730996,0.120899997651577,0.0,0.0,0.38420793392698255,0.04106671844176544,22,7.926339803628535,0.12741138931340798,4-16 px
NGA,NG023017,2026-08-20,2,MFED,2.0010006e-05,0.0,0.0,0.00010005003,10,0.00020010005,4.002001e-05,1.7254447051253304e-05,0.00010005002695834264,0.0,0.0,0.00016866232675860168,3.779652266140585e-05,10,3.602881728922061,0.1377090515988199,1-4 px
NGA,NG023017,2026-08-20,2,SFED,2.0010006e-05,0.0,0.0,0.00010005003,10,0.00020010005,4.002001e-05,1.7254447051253304e-05,0.00010005002695834264,0.0,0.0,0.00016866232675860168,3.779652266140585e-05,10,3.602881728922061,0.1377090515988199,1-4 px
NGA,NG023018,2026-08-20,2,MFED,0.0,0.0,0.0,0.0,34,0.0,0.0,0.0,0.0,0.0,0.0,0.0,0.0,32,12.249797878335007,,4-16 px
NGA,NG023018,2026-08-20,2,SFED,0.0,0.0,0.0,0.0,34,0.0,0.0,0.0,0.0,0.0,0.0,0.0,0.0,32,12.249797878335007,,4-16 px
NGA,NG023019,2026-08-20,2,MFED,7.54717e-06,0.0,0.0,0.0001,53,0.0004,2.6415093e-05,5.4542373615892975e-06,9.999999747378752e-05,0.0,0.0,0.00028466957729982815,2.2708478971164292e-05,52,19.095273163286922,0.2773135676565789,16-64 px
NGA,NG023019,2026-08-20,2,SFED,7.54717e-06,0.0,0.0,0.0001,53,0.0004,2.6415093e-05,5.4542373615892975e-06,9.999999747378752e-05,0.0,0.0,0.00028466957729982815,2.2708478971164292e-05,52,19.095273163286922,0.2773135676565789,16-64 px
NGA,NG023020,2026-08-20,2,MFED,0.010144273,0.0,0.0,0.0757,49,0.49706936,0.02110198,0.010591324647966558,0.12309999763965607,0.0,0.0,0.5119443398939892,0.02240660698145037,48,17.654120471718098,0.04406936287761159,16-64 px
NGA,NG023020,2026-08-20,2,SFED,0.010140191,0.0,0.0,0.0754,49,0.49686936,0.021071104,0.010581888367384855,0.12309999763965607,0.0,0.0,0.5114882259900139,0.022357046313627327,48,17.654120471718098,0.04355907767268435,16-64 px
NGA,NG023021,2026-08-20,2,MFED,0.00012120351,0.0,0.0,0.0039,41,0.004969344,0.0006067852,0.00011521742359434321,0.0038999998942017555,0.0,0.0,0.004861481975698497,0.0005624077970171394,42,14.77181508858045,0.04938872154491889,4-16 px
NGA,NG023021,2026-08-20,2,SFED,0.00012120351,0.0,0.0,0.0039,41,0.004969344,0.0006067852,0.00011521742359434321,0.0038999998942017555,0.0,0.0,0.004861481975698497,0.0005624077970171394,42,14.77181508858045,0.04938872154491889,4-16 px
NGA,NG024,2026-08-20,1,MFED,0.005769307,0.0,0.0,0.1137,1107,6.386623,0.018011216,0.0063575228374007755,0.4087994694709778,0.0,0.0,7.034584887091605,0.020173174892462734,1106,398.83900739167217,0.10195606463666693,>64 px
NGA,NG024,2026-08-20,1,SFED,0.0036533116,0.0,0.0,0.1133,1107,4.044216,0.014686061,0.004177647044125405,0.3868007957935333,0.0,0.0,4.622557167599976,0.01697686466666884,1106,398.83900739167217,0.14352332938843904,>64 px
NGA,NG024001,2026-08-20,2,MFED,1.5107567e-05,0.0,0.0,0.0006345178,42,0.0006345178,9.6735625e-05,3.820245194487113e-05,0.000634517811704427,0.0,0.0,0.0016760468853450395,0.00015093279589010127,44,15.132103261472658,1.5286965098265743,4-16 px
NGA,NG024001,2026-08-20,2,SFED,1.5107567e-05,0.0,0.0,0.0006345178,42,0.0006345178,9.6735625e-05,3.820245194487113e-05,0.000634517811704427,0.0,0.0,0.0016760468853450395,0.00015093279589010127,44,15.132103261472658,1.5286965098265743,4-16 px
NGA,NG024002,2026-08-20,2,MFED,0.009131764,0.0,0.0,0.1103,316,2.8856375,0.022116994,0.009710576986094245,0.11029999703168869,0.0,0.0,3.0934813837125965,0.023119079503198442,319,113.85106263393713,0.06338457565200373,>64 px
NGA,NG024002,2026-08-20,2,SFED,0.002894621,0.0,0.0,0.0838,316,0.91470027,0.01268019,0.003468810195767842,0.08380000293254852,0.0,0.0,1.105052746052769,0.01383069917454531,319,113.85106263393713,0.198364205803745,>64 px
NGA,NG024003,2026-08-20,2,MFED,0.0032878115,0.0,0.0,0.04854584,83,0.27288836,0.010845693,0.0031078554211334294,0.09478123486042023,0.0,0.0,0.2590243456290975,0.01097390470578425,83,29.903918350053107,0.054734305438912965,16-64 px
NGA,NG024003,2026-08-20,2,SFED,0.002600772,0.0,0.0,0.09399536,83,0.21586408,0.014394596,0.001962129510985329,0.0939953625202179,0.0,0.0,0.16353376967489752,0.012531263981736037,83,29.903918350053107,0.24555881446534752,16-64 px
NGA,NG024004,2026-08-20,2,MFED,0.0,0.0,0.0,0.0,16,0.0,0.0,0.0,0.0,0.0,0.0,0.0,0.0,16,5.764610766275298,,4-16 px
NGA,NG024004,2026-08-20,2,SFED,0.0,0.0,0.0,0.0,16,0.0,0.0,0.0,0.0,0.0,0.0,0.0,0.0,16,5.764610766275298,,4-16 px
NGA,NG024005,2026-08-20,2,MFED,0.0004513147,0.0,0.0,0.0163,115,0.05190119,0.0025975704,0.0007962389804452754,0.08389999717473984,0.0,0.0,0.08994027988650348,0.007019870030712803,113,41.433139882603705,0.7642655567063856,16-64 px
NGA,NG024005,2026-08-20,2,SFED,0.00045305383,0.0,0.0,0.0163,115,0.05210119,0.002597301,0.0007988095237678432,0.08399999886751175,0.0,0.0,0.09023063917758319,0.007027435761109091,113,41.433139882603705,0.7631669149951632,16-64 px
NGA,NG024006,2026-08-20,2,MFED,0.0,0.0,0.0,0.0,15,0.0,0.0,0.0,0.0,0.0,0.0,0.0,0.0,15,5.404322593383092,,4-16 px
NGA,NG024006,2026-08-20,2,SFED,0.0,0.0,0.0,0.0,15,0.0,0.0,0.0,0.0,0.0,0.0,0.0,0.0,15,5.404322593383092,,4-16 px
NGA,NG024007,2026-08-20,2,MFED,0.00022500001,0.0,0.0,0.0006,8,0.0018000001,0.00029047378,0.0002189251814778279,0.0006005404866300523,0.0,0.0,0.0017650070818429958,0.0002888823593688123,8,2.882305383137649,0.026999236676354385,1-4 px
NGA,NG024007,2026-08-20,2,SFED,0.00022500001,0.0,0.0,0.0006,8,0.0018000001,0.00029047378,0.0002189251814778279,0.0006005404866300523,0.0,0.0,0.0017650070818429958,0.0002888823593688123,8,2.882305383137649,0.026999236676354385,1-4 px
NGA,NG024008,2026-08-20,2,MFED,0.0,0.0,0.0,0.0,5,0.0,0.0,1.7671868429814704e-05,0.000634517811704427,0.0,0.0,8.650260474371935e-05,0.00010440699378400802,5,1.8014408644610305,,1-4 px
NGA,NG024008,2026-08-20,2,SFED,0.0,0.0,0.0,0.0,5,0.0,0.0,1.7671868429814704e-05,0.000634517811704427,0.0,0.0,8.650260474371935e-05,0.00010440699378400802,5,1.8014408644610305,,1-4 px
NGA,NG024009,2026-08-20,2,MFED,2.7276363e-05,0.0,0.0,0.00010002,22,0.00060008,4.4542114e-05,2.5287463505467833e-05,0.001100110006518662,0.0,0.0,0.0005818335968366888,6.282533019986778e-05,23,7.926339803628535,0.07291659428832824,4-16 px
NGA,NG024009,2026-08-20,2,SFED,2.7276363e-05,0.0,0.0,0.00010002,22,0.00060008,4.4542114e-05,2.5287463505467833e-05,0.001100110006518662,0.0,0.0,0.0005818335968366888,6.282533019986778e-05,23,7.926339803628535,0.07291659428832824,4-16 px
NGA,NG024010,2026-08-20,2,MFED,0.0,0.0,0.0,0.0,21,0.0,0.0,1.3340562687341624e-07,0.0001000199990812689,0.0,0.0,2.7643461231164616e-06,3.6504018430898404e-06,21,7.566051630736329,,4-16 px
NGA,NG024010,2026-08-20,2,SFED,0.0,0.0,0.0,0.0,21,0.0,0.0,1.3340562687341624e-07,0.0001000199990812689,0.0,0.0,2.7643461231164616e-06,3.6504018430898404e-06,21,7.566051630736329,,4-16 px
NGA,NG024011,2026-08-20,2,MFED,0.0059774555,0.0,0.0,0.0904,230,1.3748147,0.01709556,0.005321087700666026,0.09040000289678574,0.0,0.0,1.2152618482822783,0.015431426585056066,228,82.86627976520741,0.1098072247186072,>64 px
NGA,NG024011,2026-08-20,2,SFED,0.005078319,0.0,0.0,0.0797,230,1.1680135,0.015293078,0.004550313765568067,0.08380000293254852,0.0,0.0,1.0392278849898282,0.01415427275514987,228,82.86627976520741,0.10397244332857658,>64 px
NGA,NG024012,2026-08-20,2,MFED,0.0024515656,0.0,0.0,0.0839,102,0.2500597,0.012166159,0.004849552835827208,0.08389999717473984,0.0,0.0,0.49753112453215825,0.017323993956100268,103,36.74939363500502,0.9781452455635729,16-64 px
NGA,NG024012,2026-08-20,2,SFED,0.002452546,0.0,0.0,0.084,102,0.25015968,0.012172725,0.004851537891250905,0.08399999886751175,0.0,0.0,0.49773477771228536,0.01733305513133842,103,36.74939363500502,0.9781638718502753,16-64 px
NGA,NG024013,2026-08-20,2,MFED,0.0003750275,0.0002,0.0,0.00110011,4,0.00150011,0.0004265148,0.0003846956219806397,0.001100110006518662,0.0,0.00019999999494757503,0.0011907388878794277,0.0004345035973174114,3,1.4411526915688244,0.025779768098711898,1-4 px
NGA,NG024013,2026-08-20,2,SFED,0.0003750275,0.0002,0.0,0.00110011,4,0.00150011,0.0004265148,0.0003846956219806397,0.001100110006518662,0.0,0.00019999999494757503,0.0011907388878794277,0.0004345035973174114,3,1.4411526915688244,0.025779768098711898,1-4 px
NGA,NG024014,2026-08-20,2,MFED,0.0,0.0,0.0,0.0,15,0.0,0.0,0.0,0.0,0.0,0.0,0.0,0.0,14,5.404322593383092,,4-16 px
NGA,NG024014,2026-08-20,2,SFED,0.0,0.0,0.0,0.0,15,0.0,0.0,0.0,0.0,0.0,0.0,0.0,0.0,14,5.404322593383092,,4-16 px
NGA,NG024015,2026-08-20,2,MFED,0.0010882482,0.0,0.0,0.0163,17,0.01850022,0.0038192829,0.0013038300217540248,0.016300000250339508,0.0,0.0,0.021772822940086724,0.004189572218374197,17,6.124898939167504,0.19809986522745884,4-16 px
NGA,NG024015,2026-08-20,2,SFED,0.0010882482,0.0,0.0,0.0163,17,0.01850022,0.0038192829,0.0013038300217540248,0.016300000250339508,0.0,0.0,0.021772822940086724,0.004189572218374197,17,6.124898939167504,0.19809986522745884,4-16 px
NGA,NG024016,2026-08-20,2,MFED,0.016087225,0.0,0.0,0.1137,95,1.5282865,0.030361162,0.019381025338961477,0.4087994694709778,0.0,0.0,1.8522701813132667,0.039345283783344426,96,34.22737642475958,0.20474633375000825,16-64 px
NGA,NG024016,2026-08-20,2,SFED,0.014950973,0.0,0.0,0.1133,95,1.4203424,0.029834695,0.01778464102686476,0.3868007957935333,0.0,0.0,1.6997016248257653,0.038289197141085696,96,34.22737642475958,0.1895306764894005,16-64 px
NGA,NG025,2026-08-20,1,MFED,3.5954054e-06,0.0,0.0,0.00042785323,119,0.00042785323,3.90561e-05,4.980611021800857e-07,0.0004278532287571579,0.0,0.0,5.681571978232009e-05,1.458934494158643e-05,114,42.87429257417253,0.8614728947728438,16-64 px
NGA,NG025,2026-08-20,1,SFED,8.278683e-06,0.0,0.0,0.00055731006,119,0.0009851633,6.387337e-05,7.426526413304372e-06,0.0006222775555215776,0.0,0.0,0.000847172047380115,6.609753952508294e-05,114,42.87429257417253,0.1029338346081892,16-64 px
NGA,NG025001,2026-08-20,2,MFED,,,,,0,0.0,,0.0,0.0,0.0,0.0,0.0,0.0,0,0.0,,
NGA,NG025001,2026-08-20,2,SFED,,,,,0,0.0,,0.0,0.0,0.0,0.0,0.0,0.0,0,0.0,,
NGA,NG025002,2026-08-20,2,MFED,,,,,0,0.0,,0.0,0.0,0.0,0.0,0.0,0.0,0,0.0,,
NGA,NG025002,2026-08-20,2,SFED,,,,,0,0.0,,0.0,0.0,0.0,0.0,0.0,0.0,0,0.0,,
NGA,NG025003,2026-08-20,2,MFED,0.0,0.0,0.0,0.0,5,0.0,0.0,0.0,0.0,0.0,0.0,0.0,0.0,6,1.8014408644610305,,1-4 px
NGA,NG025003,2026-08-20,2,SFED,0.0,0.0,0.0,0.0,5,0.0,0.0,0.0,0.0,0.0,0.0,0.0,0.0,6,1.8014408644610305,,1-4 px
NGA,NG025004,2026-08-20,2,MFED,0.0,0.0,0.0,0.0,4,0.0,0.0,0.0,0.0,0.0,0.0,0.0,0.0,5,1.4411526915688244,,1-4 px
NGA,NG025004,2026-08-20,2,SFED,0.0,0.0,0.0,0.0,4,0.0,0.0,0.0,0.0,0.0,0.0,0.0,0.0,5,1.4411526915688244,,1-4 px
NGA,NG025005,2026-08-20,2,MFED,0.0,0.0,0.0,0.0,1,0.0,0.0,0.0,0.0,0.0,0.0,0.0,0.0,1,0.3602881728922061,,<1 px
NGA,NG025005,2026-08-20,2,SFED,0.0,0.0,0.0,0.0,1,0.0,0.0,0.0,0.0,0.0,0.0,0.0,0.0,1,0.3602881728922061,,<1 px
NGA,NG025006,2026-08-20,2,MFED,0.0,0.0,0.0,0.0,14,0.0,0.0,0.0,0.0,0.0,0.0,0.0,0.0,15,5.044034420490886,,4-16 px
NGA,NG025006,2026-08-20,2,SFED,0.0,0.0,0.0,0.0,14,0.0,0.0,0.0,0.0,0.0,0.0,0.0,0.0,15,5.044034420490886,,4-16 px
NGA,NG025007,2026-08-20,2,MFED,9.723937e-06,0.0,0.0,0.00042785323,44,0.00042785323,6.376412e-05,1.471195426537549e-06,0.0004278532287571579,0.0,0.0,5.681571978232009e-05,2.5045784024338095e-05,39,15.85267960725707,0.8487037270462007,4-16 px
NGA,NG025007,2026-08-20,2,SFED,2.2390075e-05,0.0,0.0,0.00055731006,44,0.0009851633,0.0001035281,1.2265422759741392e-05,0.0006222775555215776,0.0,0.0,0.00047367522353521406,8.306139923885017e-05,39,15.85267960725707,0.45219376175643033,4-16 px
NGA,NG025008,2026-08-20,2,MFED,0.0,0.0,0.0,0.0,6,0.0,0.0,0.0,0.0,0.0,0.0,0.0,0.0,6,2.1617290373532367,,1-4 px
NGA,NG025008,2026-08-20,2,SFED,0.0,0.0,0.0,0.0,6,0.0,0.0,0.0,0.0,0.0,0.0,0.0,0.0,6,2.1617290373532367,,1-4 px
NGA,NG025009,2026-08-20,2,MFED,0.0,0.0,0.0,0.0,15,0.0,0.0,0.0,0.0,0.0,0.0,0.0,0.0,15,5.404322593383092,,4-16 px
NGA,NG025009,2026-08-20,2,SFED,0.0,0.0,0.0,0.0,15,0.0,0.0,2.526802751344399e-05,0.0006222775555215776,0.0,0.0,0.00037349684960228475,0.00012282203865551872,15,5.404322593383092,,4-16 px
NGA,NG025010,2026-08-20,2,MFED,0.0,0.0,0.0,0.0,1,0.0,0.0,0.0,0.0,0.0,0.0,0.0,0.0,1,0.3602881728922061,,<1 px
NGA,NG025010,2026-08-20,2,SFED,0.0,0.0,0.0,0.0,1,0.0,0.0,0.0,0.0,0.0,0.0,0.0,0.0,1,0.3602881728922061,,<1 px
NGA,NG025011,2026-08-20,2,MFED,0.0,0.0,0.0,0.0,1,0.0,0.0,0.0,0.0,0.0,0.0,0.0,0.0,2,0.3602881728922061,,<1 px
NGA,NG025011,2026-08-20,2,SFED,0.0,0.0,0.0,0.0,1,0.0,0.0,0.0,0.0,0.0,0.0,0.0,0.0,2,0.3602881728922061,,<1 px
NGA,NG025012,2026-08-20,2,MFED,0.0,0.0,0.0,0.0,14,0.0,0.0,0.0,0.0,0.0,0.0,0.0,0.0,13,5.044034420490886,,4-16 px
NGA,NG025012,2026-08-20,2,SFED,0.0,0.0,0.0,0.0,14,0.0,0.0,0.0,0.0,0.0,0.0,0.0,0.0,13,5.044034420490886,,4-16 px
NGA,NG025013,2026-08-20,2,MFED,0.0,0.0,0.0,0.0,3,0.0,0.0,0.0,0.0,0.0,0.0,0.0,0.0,3,1.0808645186766184,,1-4 px
NGA,NG025013,2026-08-20,2,SFED,0.0,0.0,0.0,0.0,3,0.0,0.0,0.0,0.0,0.0,0.0,0.0,0.0,3,1.0808645186766184,,1-4 px
NGA,NG025014,2026-08-20,2,MFED,,,,,0,0.0,,0.0,0.0,0.0,0.0,0.0,0.0,0,0.0,,
NGA,NG025014,2026-08-20,2,SFED,,,,,0,0.0,,0.0,0.0,0.0,0.0,0.0,0.0,0,0.0,,
NGA,NG025015,2026-08-20,2,MFED,0.0,0.0,0.0,0.0,1,0.0,0.0,0.0,0.0,0.0,0.0,0.0,0.0,1,0.3602881728922061,,<1 px
NGA,NG025015,2026-08-20,2,SFED,0.0,0.0,0.0,0.0,1,0.0,0.0,0.0,0.0,0.0,0.0,0.0,0.0,1,0.3602881728922061,,<1 px
NGA,NG025016,2026-08-20,2,MFED,0.0,0.0,0.0,0.0,1,0.0,0.0,0.0,0.0,0.0,0.0,0.0,0.0,1,0.3602881728922061,,<1 px
NGA,NG025016,2026-08-20,2,SFED,0.0,0.0,0.0,0.0,1,0.0,0.0,0.0,0.0,0.0,0.0,0.0,0.0,1,0.3602881728922061,,<1 px
NGA,NG025017,2026-08-20,2,MFED,0.0,0.0,0.0,0.0,5,0.0,0.0,0.0,0.0,0.0,0.0,0.0,0.0,5,1.8014408644610305,,1-4 px
NGA,NG025017,2026-08-20,2,SFED,0.0,0.0,0.0,0.0,5,0.0,0.0,0.0,0.0,0.0,0.0,0.0,0.0,5,1.8014408644610305,,1-4 px
NGA,NG025018,2026-08-20,2,MFED,0.0,0.0,0.0,0.0,2,0.0,0.0,0.0,0.0,0.0,0.0,0.0,0.0,1,0.7205763457844122,,<1 px
NGA,NG025018,2026-08-20,2,SFED,0.0,0.0,0.0,0.0,2,0.0,0.0,0.0,0.0,0.0,0.0,0.0,0.0,1,0.7205763457844122,,<1 px
NGA,NG025019,2026-08-20,2,MFED,0.0,0.0,0.0,0.0,1,0.0,0.0,0.0,0.0,0.0,0.0,0.0,0.0,0,0.3602881728922061,,<1 px
NGA,NG025019,2026-08-20,2,SFED,0.0,0.0,0.0,0.0,1,0.0,0.0,0.0,0.0,0.0,0.0,0.0,0.0,0,0.3602881728922061,,<1 px
NGA,NG025020,2026-08-20,2,MFED,0.0,0.0,0.0,0.0,1,0.0,0.0,0.0,0.0,0.0,0.0,0.0,0.0,1,0.3602881728922061,,<1 px
NGA,NG025020,2026-08-20,2,SFED,0.0,0.0,0.0,0.0,1,0.0,0.0,0.0,0.0,0.0,0.0,0.0,0.0,1,0.3602881728922061,,<1 px
NGA,NG026,2026-08-20,1,MFED,0.0082842335,0.0,0.0,0.21838695,878,7.273557,0.026244398,0.008860154460302362,0.2183869481086731,0.0,0.0,7.7895896262293265,0.02815880429257619,879,316.333015799357,0.06952012643081132,>64 px
NGA,NG026,2026-08-20,1,SFED,0.0075805453,0.0,0.0,0.19749776,878,6.655719,0.024207281,0.008085170955985339,0.19749775528907776,0.0,0.0,7.108246711410579,0.025746931506900834,879,316.333015799357,0.06656851664554249,>64 px
NGA,NG026001,2026-08-20,2,MFED,8.0013335e-05,0.0,0.0,0.0020004,30,0.0024004001,0.00035821486,7.95619614286178e-05,0.0020004000980407,0.0,0.0,0.0024489731467644306,0.00036823931952114513,31,10.808645186766183,0.00564122931986527,4-16 px
NGA,NG026001,2026-08-20,2,SFED,8.334733e-05,0.0,0.0,0.00210042,30,0.00250042,0.0003760922,8.308569047646434e-05,0.0021004199516028166,0.0,0.0,0.00255743600589583,0.0003866228768641795,31,10.808645186766183,0.003139147031292462,4-16 px
NGA,NG026002,2026-08-20,2,MFED,0.0052391193,0.0,0.0,0.14744878,84,0.440086,0.023862949,0.003775947318488958,0.14744877815246582,0.0,0.0,0.3273753449079454,0.020102805048080773,87,30.264206522945315,0.2792782331776721,16-64 px
NGA,NG026002,2026-08-20,2,SFED,0.0048631206,0.0,0.0,0.14574125,84,0.40850216,0.023728212,0.003686986114670912,0.14574125409126282,0.0,0.0,0.3196623917529174,0.02012825177345174,87,30.264206522945315,0.24184769041694912,16-64 px
NGA,NG026003,2026-08-20,2,MFED,0.013618622,0.0,0.0,0.21838695,82,1.116727,0.037633378,0.017192553628288185,0.2183869481086731,0.0,0.0,1.403847018113121,0.046289469503660696,82,29.5436301771609,0.26242975451467737,16-64 px
NGA,NG026003,2026-08-20,2,SFED,0.010373077,0.0,0.0,0.19749776,82,0.8505923,0.031884093,0.013700833976164622,0.19749775528907776,0.0,0.0,1.1187328734839437,0.04049238173609074,82,29.5436301771609,0.32080712175997755,16-64 px
NGA,NG026004,2026-08-20,2,MFED,0.03238212,0.0066,0.0,0.1792,94,3.043919,0.04238025,0.03628165336240255,0.17919999361038208,0.0,0.011699999682605267,3.443434097479448,0.04478657299372712,95,33.86708825186737,0.12042242331269691,16-64 px
NGA,NG026004,2026-08-20,2,SFED,0.030634021,0.0075,0.0,0.1491,94,2.879598,0.039272685,0.033927206532938334,0.14910000562667847,0.0,0.008299999870359898,3.219977288267968,0.04071127981010906,95,33.86708825186737,0.10750092300773485,16-64 px
NGA,NG026005,2026-08-20,2,MFED,0.0,0.0,0.0,0.0,38,0.0,0.0,0.0,0.0,0.0,0.0,0.0,0.0,38,13.690950569903832,,4-16 px
NGA,NG026005,2026-08-20,2,SFED,2.6315788e-06,0.0,0.0,0.0001,38,0.0001,1.6007269e-05,5.62680631408163e-06,0.00019999999494757503,0.0,0.0,0.00021523538847098537,2.7316831865815128e-05,38,13.690950569903832,1.1381865190894644,4-16 px
NGA,NG026006,2026-08-20,2,MFED,0.00495,0.00495,0.0026,0.0073,4,0.0198,0.00235,0.007144752414839571,0.07370000332593918,0.001500000013038516,0.007300000172108412,0.02649506536996903,0.011095283481900635,4,1.4411526915688244,0.44338432623021634,1-4 px
NGA,NG026006,2026-08-20,2,SFED,0.0035,0.0035,0.0033,0.0037,4,0.0139999995,0.00020000001,0.005186809659982736,0.07980000227689743,0.001500000013038516,0.0032999999821186066,0.019234376927799415,0.01217294887618283,4,1.4411526915688244,0.48194561713792444,1-4 px
NGA,NG026007,2026-08-20,2,MFED,0.018784884,0.0,0.0,0.1235,86,1.6155,0.034721624,0.01788327846286027,0.12349999696016312,0.0,0.0,1.5020500215288606,0.03429170063371577,84,30.984782868729727,0.04799633243089133,16-64 px
NGA,NG026007,2026-08-20,2,SFED,0.01794186,0.0,0.0,0.1237,86,1.543,0.03330839,0.017159747299967876,0.12370000034570694,0.0,0.0,1.4412792852762024,0.03320185769174358,84,30.984782868729727,0.043591506122114654,16-64 px
NGA,NG026008,2026-08-20,2,MFED,0.0,0.0,0.0,0.0,88,0.0,0.0,0.0,0.0,0.0,0.0,0.0,0.0,87,31.70535921451414,,16-64 px
NGA,NG026008,2026-08-20,2,SFED,0.0,0.0,0.0,0.0,88,0.0,0.0,0.0,0.0,0.0,0.0,0.0,0.0,87,31.70535921451414,,16-64 px
NGA,NG026009,2026-08-20,2,MFED,0.006423135,0.0,0.0,0.11361136,161,1.0341247,0.021628994,0.006686861138290296,0.1394553780555725,0.0,0.0,1.065695221150301,0.02252920952256601,159,58.006395835645186,0.04105878800465761,16-64 px
NGA,NG026009,2026-08-20,2,SFED,0.005940534,0.0,0.0,0.1042,161,0.95642596,0.01953872,0.006076793627317177,0.138630211353302,0.0,0.0,0.9684678348508837,0.019913709763387407,159,58.006395835645186,0.022937269160849354,16-64 px
NGA,NG026010,2026-08-20,2,MFED,0.0,0.0,0.0,0.0,42,0.0,0.0,0.0,0.0,0.0,0.0,0.0,0.0,41,15.132103261472658,,4-16 px
NGA,NG026010,2026-08-20,2,SFED,0.0,0.0,0.0,0.0,42,0.0,0.0,0.0,0.0,0.0,0.0,0.0,0.0,41,15.132103261472658,,4-16 px
NGA,NG026011,2026-08-20,2,MFED,0.0,0.0,0.0,0.0,33,0.0,0.0,3.7123192250390814e-06,0.0003000000142492354,0.0,0.0,0.0001238965053596113,3.316495901370662e-05,33,11.889509705442801,,4-16 px
NGA,NG026011,2026-08-20,2,SFED,0.0,0.0,0.0,0.0,33,0.0,0.0,0.0,0.0,0.0,0.0,0.0,0.0,33,11.889509705442801,,4-16 px
NGA,NG026012,2026-08-20,2,MFED,1.04166675e-05,0.0,0.0,0.0005,96,0.001,7.141307e-05,0.0001850274347453972,0.06571498513221741,0.0,0.0,0.018119981220688166,0.003428792330642379,98,34.58766459765179,16.762632314547545,16-64 px
NGA,NG026012,2026-08-20,2,SFED,1.04166675e-05,0.0,0.0,0.0005,96,0.001,7.141307e-05,0.0001850274347453972,0.06571498513221741,0.0,0.0,0.018119981220688166,0.003428792330642379,98,34.58766459765179,16.762632314547545,16-64 px
NGA,NG026013,2026-08-20,2,MFED,0.0,0.0,0.0,0.0,41,0.0,0.0,0.0,0.0,0.0,0.0,0.0,0.0,40,14.77181508858045,,4-16 px
NGA,NG026013,2026-08-20,2,SFED,0.0,0.0,0.0,0.0,41,0.0,0.0,0.0,0.0,0.0,0.0,0.0,0.0,40,14.77181508858045,,4-16 px
NGA,NG027,2026-08-20,1,MFED,0.012560553,0.0,0.0,0.82448083,2355,29.580101,0.06100601,0.012092942346596202,0.8244808316230774,0.0,0.0,28.689085387519118,0.05677972326446539,2372,848.4786471611454,0.03722850844256605,>64 px
NGA,NG027,2026-08-20,1,SFED,0.012025617,0.0,0.0,0.8219764,2355,28.32033,0.060719624,0.011612954693042082,0.8219764232635498,0.0,0.0,27.550371054555725,0.05665259602694703,2372,848.4786471611454,0.03431527105494201,>64 px
NGA,NG027001,2026-08-20,2,MFED,0.009209852,0.0,0.0,0.1163,62,0.57101077,0.025773866,0.010874840327224994,0.22851388156414032,0.0,0.0,0.6866302426333598,0.02984270314809882,63,22.33786671931678,0.18078339665230175,16-64 px
NGA,NG027001,2026-08-20,2,SFED,0.009219243,0.0,0.0,0.1164,62,0.5715931,0.025780348,0.010893307472212323,0.2287376970052719,0.0,0.0,0.6877962459825447,0.029865680806937762,63,22.33786671931678,0.18158372354566665,16-64 px
NGA,NG027002,2026-08-20,2,MFED,0.0,0.0,0.0,0.0,47,0.0,0.0,0.0,0.0,0.0,0.0,0.0,0.0,49,16.933544125933686,,16-64 px
NGA,NG027002,2026-08-20,2,SFED,0.0,0.0,0.0,0.0,47,0.0,0.0,0.0,0.0,0.0,0.0,0.0,0.0,49,16.933544125933686,,16-64 px
NGA,NG027003,2026-08-20,2,MFED,0.0,0.0,0.0,0.0,2,0.0,0.0,0.0,0.0,0.0,0.0,0.0,0.0,2,0.7205763457844122,,<1 px
NGA,NG027003,2026-08-20,2,SFED,0.0,0.0,0.0,0.0,2,0.0,0.0,0.0,0.0,0.0,0.0,0.0,0.0,2,0.7205763457844122,,<1 px
NGA,NG027004,2026-08-20,2,MFED,0.0016411444,0.0,0.0,0.09455386,364,0.5973766,0.010949551,0.0014965767174975877,0.0945538580417633,0.0,0.0,0.5561692709311064,0.009817956804988112,372,131.14489493276304,0.08808955659380868,>64 px
NGA,NG027004,2026-08-20,2,SFED,0.0014793276,0.0,0.0,0.09455386,364,0.5384753,0.010568172,0.001304132026844021,0.0945538580417633,0.0,0.0,0.48465150505651533,0.009293710885028394,372,131.14489493276304,0.11842919253043004,>64 px
NGA,NG027005,2026-08-20,2,MFED,0.0061270664,0.0,0.0,0.2227,49,0.30022627,0.03167011,0.007157614814525797,0.25110000371932983,0.0,0.0,0.3583710763443214,0.034802890728522586,50,17.654120471718098,0.1681960578272495,16-64 px
NGA,NG027005,2026-08-20,2,SFED,0.0058617513,0.0,0.0,0.2119,49,0.2872258,0.030144855,0.006835857508785746,0.250900000333786,0.0,0.0,0.34226116892855746,0.03313312187310592,50,17.654120471718098,0.16618006444349598,16-64 px
NGA,NG027006,2026-08-20,2,MFED,0.0,0.0,0.0,0.0,2,0.0,0.0,2.7591197471751594e-05,0.002099999925121665,0.0,0.0,5.743462309962234e-05,0.00023912389769065374,2,0.7205763457844122,,<1 px
NGA,NG027006,2026-08-20,2,SFED,0.0,0.0,0.0,0.0,2,0.0,0.0,2.6277333110537742e-05,0.0020000000949949026,0.0,0.0,5.4699645595742616e-05,0.0002277370643568719,2,0.7205763457844122,,<1 px
NGA,NG027007,2026-08-20,2,MFED,0.0022594174,0.0,0.0,0.030403705,30,0.06778252,0.0075440384,0.004496657016987873,0.33966872096061707,0.0,0.0,0.13480895604347254,0.023575802782060364,30,10.808645186766183,0.9901842913079599,4-16 px
NGA,NG027007,2026-08-20,2,SFED,0.0034999186,0.0,0.0,0.028490888,30,0.10499756,0.007998186,0.004842247120520708,0.36111700534820557,0.0,0.0,0.14516968422447685,0.024578865501507462,30,10.808645186766183,0.3835313542779846,4-16 px
NGA,NG027008,2026-08-20,2,MFED,0.005456481,0.0,0.0,0.0743,56,0.30556294,0.018338928,0.006046023159366098,0.19845172762870789,0.0,0.0,0.34834719793594726,0.02274755823043726,58,20.176137681963542,0.10804438966544513,16-64 px
NGA,NG027008,2026-08-20,2,SFED,0.0055316584,0.0,0.0,0.0754,56,0.30977288,0.018603582,0.006044368301090039,0.18683962523937225,0.0,0.0,0.3482518517508184,0.02236915030052734,58,20.176137681963542,0.09268647194303224,16-64 px
NGA,NG027009,2026-08-20,2,MFED,0.01563242,0.0002,0.0,0.1158127,40,0.62529683,0.03326013,0.01731388245288299,0.11581269651651382,0.0,0.00019999999494757503,0.6445609935679216,0.033704706509694225,37,14.411526915688244,0.1075625176961078,4-16 px
NGA,NG027009,2026-08-20,2,SFED,0.015592332,0.0002,0.0,0.1158127,40,0.6236933,0.03320556,0.01729573389993473,0.11581269651651382,0.0,0.00019999999494757503,0.6438853594718728,0.033680440444737295,37,14.411526915688244,0.10924612815675878,4-16 px
NGA,NG027010,2026-08-20,2,MFED,0.039705656,0.0,0.0,0.36809754,54,2.1441054,0.10414515,0.02524680134592427,0.36809754371643066,0.0,0.0,1.371262677481523,0.08198506144399487,54,19.45556133617913,0.36415100795906075,16-64 px
NGA,NG027010,2026-08-20,2,SFED,0.03989356,0.0,0.0,0.36628374,54,2.1542523,0.104539715,0.025445942253210528,0.36628374457359314,0.0,0.0,1.3820788791056362,0.08258780190875763,54,19.45556133617913,0.3621541358251676,16-64 px
NGA,NG027011,2026-08-20,2,MFED,0.0,0.0,0.0,0.0,57,0.0,0.0,0.0,0.0,0.0,0.0,0.0,0.0,59,20.53642585485575,,16-64 px
NGA,NG027011,2026-08-20,2,SFED,0.0,0.0,0.0,0.0,57,0.0,0.0,0.0,0.0,0.0,0.0,0.0,0.0,59,20.53642585485575,,16-64 px
NGA,NG027012,2026-08-20,2,MFED,0.022207974,0.0,0.0,0.169764,99,2.1985893,0.0393818,0.021516725665968184,0.16976399719715118,0.0,0.0,2.1431331039517962,0.03819872557077761,100,35.66852911632841,0.031126132173597405,16-64 px
NGA,NG027012,2026-08-20,2,SFED,0.022021106,0.0,0.0,0.169764,99,2.1800895,0.03914198,0.021690142334643978,0.16976399719715118,0.0,0.0,2.1604059459811005,0.03860404517000035,100,35.66852911632841,0.01502938432592897,16-64 px
NGA,NG027013,2026-08-20,2,MFED,0.0,0.0,0.0,0.0,85,0.0,0.0,9.893701840321772e-08,9.999999747378752e-05,0.0,0.0,8.436099206049537e-06,3.143869122081154e-06,85,30.62449469583752,,16-64 px
NGA,NG027013,2026-08-20,2,SFED,0.0,0.0,0.0,0.0,85,0.0,0.0,0.0,0.0,0.0,0.0,0.0,0.0,85,30.62449469583752,,16-64 px
NGA,NG027014,2026-08-20,2,MFED,0.0,0.0,0.0,0.0,136,0.0,0.0,1.2804484348324033e-05,0.022941239178180695,0.0,0.0,0.0017151191288782269,0.00021965408273729155,134,48.99919151334003,,16-64 px
NGA,NG027014,2026-08-20,2,SFED,0.0,0.0,0.0,0.0,136,0.0,0.0,1.2804484348324033e-05,0.022941239178180695,0.0,0.0,0.0017151191288782269,0.00021965408273729155,134,48.99919151334003,,16-64 px
NGA,NG027015,2026-08-20,2,MFED,6.2612803e-06,0.0,0.0,0.0008021658,192,0.0012021658,6.106447e-05,5.422235726209144e-05,0.07369796931743622,0.0,0.0,0.01034324496280481,0.0016153076471520664,191,69.17532919530358,7.659947273418097,>64 px
NGA,NG027015,2026-08-20,2,SFED,6.2612803e-06,0.0,0.0,0.0008021658,192,0.0012021658,6.106447e-05,5.29903888575648e-05,0.07007842510938644,0.0,0.0,0.010108239484661137,0.001541865588286103,191,69.17532919530358,7.463187450267128,>64 px
NGA,NG027016,2026-08-20,2,MFED,0.0017890548,0.0,0.0,0.16925077,301,0.5385055,0.015136124,0.002440821431241596,0.16925077140331268,0.0,0.0,0.7484867627542399,0.017530845414310343,307,108.44674004055403,0.36430780725196116,>64 px
NGA,NG027016,2026-08-20,2,SFED,0.00079362036,0.0,0.0,0.09388494,301,0.23887974,0.008058907,0.0010396808238154977,0.09388493746519089,0.0,0.0,0.31882190321455633,0.008710286480090923,307,108.44674004055403,0.310048073634978,>64 px
NGA,NG027017,2026-08-20,2,MFED,0.045378555,0.0,0.0,0.40879947,172,7.8051114,0.09116515,0.04725111110994706,0.4087994694709778,0.0,0.0,8.242039365021581,0.09856381937710008,174,61.969565737459455,0.04126522120299018,16-64 px
NGA,NG027017,2026-08-20,2,SFED,0.040963337,0.0,0.0,0.4198,172,7.0456944,0.09214432,0.044300476166852835,0.4198000133037567,0.0,0.0,7.727358360035198,0.10041168137939831,174,61.969565737459455,0.08146648713831182,16-64 px
NGA,NG027018,2026-08-20,2,MFED,0.0022037174,0.0,0.0,0.143,69,0.1520565,0.017076895,0.0010528073764272893,0.14300000667572021,0.0,0.0,0.07242944828313012,0.01144947147059425,69,24.859883929562223,0.5222584454670598,16-64 px
NGA,NG027018,2026-08-20,2,SFED,0.002263844,0.0,0.0,0.1438,69,0.15620524,0.017168168,0.001108264588572068,0.14380000531673431,0.0,0.0,0.07624470962048667,0.011512287975431225,69,24.859883929562223,0.5104501067334729,16-64 px
NGA,NG027019,2026-08-20,2,MFED,0.009909124,0.0,0.0,0.1467,68,0.6738205,0.034011886,0.01298978991927224,0.14669999480247498,0.0,0.0,0.8935994842144005,0.03893740509087827,69,24.499595756670015,0.3108918527280756,16-64 px
NGA,NG027019,2026-08-20,2,SFED,0.009929713,0.0,0.0,0.1467,68,0.67522043,0.034104954,0.013043569594147644,0.14669999480247498,0.0,0.0,0.8972991198535095,0.039122530637874735,69,24.499595756670015,0.31358978795738046,16-64 px
NGA,NG027020,2026-08-20,2,MFED,0.030491164,0.0001,0.0,0.6802208,126,3.8418868,0.08998827,0.034340853035722325,0.8244808316230774,0.0,9.999999747378752e-05,4.172704556321931,0.10975006696056606,122,45.39630978441797,0.12625588959878095,16-64 px
NGA,NG027020,2026-08-20,2,SFED,0.03067233,0.000100005,0.0,0.67682344,126,3.8647137,0.089631215,0.03432969527209058,0.8219764232635498,0.0,9.999999747378752e-05,4.1713487935196465,0.10932812703579924,122,45.39630978441797,0.1192398905492533,16-64 px
NGA,NG027021,2026-08-20,2,MFED,0.0,0.0,0.0,0.0,102,0.0,0.0,0.0,0.0,0.0,0.0,0.0,0.0,103,36.74939363500502,,16-64 px
NGA,NG027021,2026-08-20,2,SFED,0.0,0.0,0.0,0.0,102,0.0,0.0,0.0,0.0,0.0,0.0,0.0,0.0,103,36.74939363500502,,16-64 px
NGA,NG027022,2026-08-20,2,MFED,0.045984413,0.0,0.0,0.82448083,172,7.909319,0.15971729,0.03688534820066537,0.8244808316230774,0.0,0.0,6.364952070044,0.12673251902876378,173,61.969565737459455,0.19787280527718445,16-64 px
NGA,NG027022,2026-08-20,2,SFED,0.045227576,0.0,0.0,0.8219764,172,7.779143,0.1598727,0.036295367226671794,0.8219764232635498,0.0,0.0,6.263144691101072,0.12729782593168798,173,61.969565737459455,0.1974947490736228,16-64 px
NGA,NG027023,2026-08-20,2,MFED,0.0023226575,0.0028211586,0.0,0.004396064,5,0.011613287,0.0019817168,0.004594854256296057,0.08079999685287476,0.0,0.002821158617734909,0.01953009670117748,0.013783399673035681,4,1.8014408644610305,0.9782745653614695,1-4 px
NGA,NG027023,2026-08-20,2,SFED,0.0023226575,0.0028211586,0.0,0.004396064,5,0.011613287,0.0019817168,0.004874445141673689,0.08980000019073486,0.0,0.002821158617734909,0.020718477599376995,0.015330778876590064,4,1.8014408644610305,1.0986499910872307,1-4 px
NGA,NG027024,2026-08-20,2,MFED,0.0031706016,0.0037592081,0.0001,0.004396064,6,0.01902361,0.0014992536,0.0030608131437932923,0.004396064206957817,0.0,0.003918416332453489,0.02433337805149486,0.0014168187212659214,8,2.1617290373532367,0.03462701091386184,1-4 px
NGA,NG027024,2026-08-20,2,SFED,0.0031706016,0.0037592081,0.0001,0.004396064,6,0.01902361,0.0014992536,0.0030608131437932923,0.004396064206957817,0.0,0.003918416332453489,0.02433337805149486,0.0014168187212659214,8,2.1617290373532367,0.03462701091386184,1-4 px
NGA,NG027025,2026-08-20,2,MFED,0.030806987,0.0001,0.0,0.19637929,59,1.8176122,0.048751503,0.03176543490152492,0.19637928903102875,0.0,0.0018034265376627445,1.895602390203987,0.05146375308371315,60,21.257002200640162,0.031111380724279148,16-64 px
NGA,NG027025,2026-08-20,2,SFED,0.029805668,0.0001,0.0,0.18699637,59,1.7585344,0.046842728,0.03091282403069218,0.18699637055397034,0.0,0.002204187912866473,1.8447228348106854,0.04973164880193351,60,21.257002200640162,0.037145821750822004,16-64 px
NGA,NG028,2026-08-20,1,MFED,0.00077186996,0.0,0.0,0.0542,541,0.41758165,0.0053833714,0.0007719511226665015,0.05420000106096268,0.0,0.0,0.42118304693033876,0.005441976771098372,546,194.9159015346835,0.00010515069986860699,>64 px
NGA,NG028,2026-08-20,1,SFED,0.00021233626,0.0,0.0,0.0222,541,0.11487392,0.0019472305,0.00018956665553737122,0.04174613580107689,0.0,0.0,0.10342916699159652,0.0018802076562798617,546,194.9159015346835,0.10723370781150982,>64 px
NGA,NG028001,2026-08-20,2,MFED,0.0,0.0,0.0,0.0,27,0.0,0.0,1.000914876618042e-07,0.00010044194641523063,0.0,0.0,2.5189407951214565e-06,3.1691269356788633e-06,25,9.727780668089565,,4-16 px
NGA,NG028001,2026-08-20,2,SFED,0.0,0.0,0.0,0.0,27,0.0,0.0,0.0,0.0,0.0,0.0,0.0,0.0,25,9.727780668089565,,4-16 px
NGA,NG028002,2026-08-20,2,MFED,0.0,0.0,0.0,0.0,2,0.0,0.0,0.0,0.0,0.0,0.0,0.0,0.0,2,0.7205763457844122,,<1 px
NGA,NG028002,2026-08-20,2,SFED,0.0,0.0,0.0,0.0,2,0.0,0.0,0.0,0.0,0.0,0.0,0.0,0.0,2,0.7205763457844122,,<1 px
NGA,NG028003,2026-08-20,2,MFED,0.0,0.0,0.0,0.0,29,0.0,0.0,0.0,0.0,0.0,0.0,0.0,0.0,28,10.448357013873977,,4-16 px
NGA,NG028003,2026-08-20,2,SFED,0.0,0.0,0.0,0.0,29,0.0,0.0,0.0,0.0,0.0,0.0,0.0,0.0,28,10.448357013873977,,4-16 px
NGA,NG028004,2026-08-20,2,MFED,0.0,0.0,0.0,0.0,59,0.0,0.0,0.0,0.0,0.0,0.0,0.0,0.0,61,21.257002200640162,,16-64 px
NGA,NG028004,2026-08-20,2,SFED,0.0,0.0,0.0,0.0,59,0.0,0.0,0.0,0.0,0.0,0.0,0.0,0.0,61,21.257002200640162,,16-64 px
NGA,NG028005,2026-08-20,2,MFED,0.0,0.0,0.0,0.0,24,0.0,0.0,0.0,0.0,0.0,0.0,0.0,0.0,24,8.646916149412947,,4-16 px
NGA,NG028005,2026-08-20,2,SFED,0.0,0.0,0.0,0.0,24,0.0,0.0,0.0,0.0,0.0,0.0,0.0,0.0,24,8.646916149412947,,4-16 px
NGA,NG028006,2026-08-20,2,MFED,0.0,0.0,0.0,0.0,20,0.0,0.0,0.0,0.0,0.0,0.0,0.0,0.0,20,7.205763457844122,,4-16 px
NGA,NG028006,2026-08-20,2,SFED,0.0,0.0,0.0,0.0,20,0.0,0.0,0.0,0.0,0.0,0.0,0.0,0.0,20,7.205763457844122,,4-16 px
NGA,NG028007,2026-08-20,2,MFED,0.0,0.0,0.0,0.0,17,0.0,0.0,0.0,0.0,0.0,0.0,0.0,0.0,18,6.124898939167504,,4-16 px
NGA,NG028007,2026-08-20,2,SFED,0.0,0.0,0.0,0.0,17,0.0,0.0,0.0,0.0,0.0,0.0,0.0,0.0,18,6.124898939167504,,4-16 px
NGA,NG028008,2026-08-20,2,MFED,0.0,0.0,0.0,0.0,72,0.0,0.0,0.0,0.0,0.0,0.0,0.0,0.0,71,25.94074844823884,,16-64 px
NGA,NG028008,2026-08-20,2,SFED,0.0,0.0,0.0,0.0,72,0.0,0.0,0.0,0.0,0.0,0.0,0.0,0.0,71,25.94074844823884,,16-64 px
NGA,NG028009,2026-08-20,2,MFED,0.0,0.0,0.0,0.0,31,0.0,0.0,0.0,0.0,0.0,0.0,0.0,0.0,31,11.16893335965839,,4-16 px
NGA,NG028009,2026-08-20,2,SFED,0.0,0.0,0.0,0.0,31,0.0,0.0,0.0,0.0,0.0,0.0,0.0,0.0,31,11.16893335965839,,4-16 px
NGA,NG028010,2026-08-20,2,MFED,0.0,0.0,0.0,0.0,8,0.0,0.0,0.0,0.0,0.0,0.0,0.0,0.0,7,2.882305383137649,,1-4 px
NGA,NG028010,2026-08-20,2,SFED,0.0,0.0,0.0,0.0,8,0.0,0.0,0.0,0.0,0.0,0.0,0.0,0.0,7,2.882305383137649,,1-4 px
NGA,NG028011,2026-08-20,2,MFED,0.0,0.0,0.0,0.0,3,0.0,0.0,0.0,0.0,0.0,0.0,0.0,0.0,5,1.0808645186766184,,1-4 px
NGA,NG028011,2026-08-20,2,SFED,0.0,0.0,0.0,0.0,3,0.0,0.0,0.0,0.0,0.0,0.0,0.0,0.0,5,1.0808645186766184,,1-4 px
NGA,NG028012,2026-08-20,2,MFED,0.0,0.0,0.0,0.0,4,0.0,0.0,0.0,0.0,0.0,0.0,0.0,0.0,5,1.4411526915688244,,1-4 px
NGA,NG028012,2026-08-20,2,SFED,0.0,0.0,0.0,0.0,4,0.0,0.0,0.0,0.0,0.0,0.0,0.0,0.0,5,1.4411526915688244,,1-4 px
NGA,NG028013,2026-08-20,2,MFED,0.0071929824,0.0,0.0,0.0542,57,0.41,0.015117921,0.006915822549185291,0.05420000106096268,0.0,0.0,0.4098321851223442,0.015019645404715853,59,20.53642585485575,0.038531979560343224,16-64 px
NGA,NG028013,2026-08-20,2,SFED,0.0019140351,0.0,0.0,0.0222,57,0.1091,0.005711682,0.0015058350809981245,0.022199999541044235,0.0,0.0,0.08923590466502714,0.004806486814335412,59,20.53642585485575,0.2132667363319907,16-64 px
NGA,NG028014,2026-08-20,2,MFED,0.0,0.0,0.0,0.0,20,0.0,0.0,0.0,0.0,0.0,0.0,0.0,0.0,19,7.205763457844122,,4-16 px
NGA,NG028014,2026-08-20,2,SFED,0.0,0.0,0.0,0.0,20,0.0,0.0,0.0,0.0,0.0,0.0,0.0,0.0,19,7.205763457844122,,4-16 px
NGA,NG028015,2026-08-20,2,MFED,0.0,0.0,0.0,0.0,49,0.0,0.0,0.0,0.0,0.0,0.0,0.0,0.0,48,17.654120471718098,,16-64 px
NGA,NG028015,2026-08-20,2,SFED,0.0,0.0,0.0,0.0,49,0.0,0.0,0.0,0.0,0.0,0.0,0.0,0.0,48,17.654120471718098,,16-64 px
NGA,NG028016,2026-08-20,2,MFED,0.0,0.0,0.0,0.0,48,0.0,0.0,2.54032333786685e-06,0.00010044194641523063,0.0,0.0,0.00011944950405462267,1.577028147873306e-05,47,17.293832298825894,,16-64 px
NGA,NG028016,2026-08-20,2,SFED,0.0,0.0,0.0,0.0,48,0.0,0.0,0.0,0.0,0.0,0.0,0.0,0.0,47,17.293832298825894,,16-64 px
NGA,NG028017,2026-08-20,2,MFED,0.0,0.0,0.0,0.0,16,0.0,0.0,0.0,0.0,0.0,0.0,0.0,0.0,18,5.764610766275298,,4-16 px
NGA,NG028017,2026-08-20,2,SFED,0.0,0.0,0.0,0.0,16,0.0,0.0,0.0,0.0,0.0,0.0,0.0,0.0,18,5.764610766275298,,4-16 px
NGA,NG028018,2026-08-20,2,MFED,0.00025272177,0.0,0.0,0.004832905,30,0.007581653,0.0008640084,0.00035421408196208934,0.03337571769952774,0.0,0.0,0.011228893363404699,0.002953890003304862,32,10.808645186766183,0.4015970288673167,4-16 px
NGA,NG028018,2026-08-20,2,SFED,0.00019246415,0.0,0.0,0.0024678663,30,0.0057739248,0.00045621922,0.00044772474208700815,0.04174613580107689,0.0,0.0,0.014193262326569395,0.0037198630041257747,32,10.808645186766183,1.326276047185973,4-16 px
NGA,NG028019,2026-08-20,2,MFED,0.0,0.0,0.0,0.0,7,0.0,0.0,0.0,0.0,0.0,0.0,0.0,0.0,7,2.522017210245443,,1-4 px
NGA,NG028019,2026-08-20,2,SFED,0.0,0.0,0.0,0.0,7,0.0,0.0,0.0,0.0,0.0,0.0,0.0,0.0,7,2.522017210245443,,1-4 px
NGA,NG028020,2026-08-20,2,MFED,0.0,0.0,0.0,0.0,18,0.0,0.0,0.0,0.0,0.0,0.0,0.0,0.0,20,6.48518711205971,,4-16 px
NGA,NG028020,2026-08-20,2,SFED,0.0,0.0,0.0,0.0,18,0.0,0.0,0.0,0.0,0.0,0.0,0.0,0.0,20,6.48518711205971,,4-16 px
NGA,NG029,2026-08-20,1,MFED,0.0057404903,0.0,0.0,0.22551306,488,2.8013592,0.025899766,0.006168117415108012,0.2255130559206009,0.0,0.0,3.043463456332767,0.02773331307303848,493,175.8206283713966,0.07449313434220287,>64 px
NGA,NG029,2026-08-20,1,SFED,0.005397327,0.0,0.0,0.21909983,488,2.6338956,0.024921844,0.006070395614783535,0.21909983456134796,0.0,0.0,2.995245708816139,0.02748278304868943,493,175.8206283713966,0.1247040645829935,>64 px
NGA,NG029001,2026-08-20,2,MFED,1.8181818e-05,0.0,0.0,0.0002,11,0.0002,5.7495956e-05,2.1962778792926653e-05,0.00019999999494757503,0.0,0.0,0.0002475759655610261,6.253152801038058e-05,11,3.9631699018142674,0.2079528456904945,1-4 px
NGA,NG029001,2026-08-20,2,SFED,1.8181818e-05,0.0,0.0,0.0002,11,0.0002,5.7495956e-05,2.1962778792926653e-05,0.00019999999494757503,0.0,0.0,0.0002475759655610261,6.253152801038058e-05,11,3.9631699018142674,0.2079528456904945,1-4 px
NGA,NG029002,2026-08-20,2,MFED,0.0,0.0,0.0,0.0,18,0.0,0.0,2.5267866104069354e-06,0.00019999999494757503,0.0,0.0,4.714377519271292e-05,2.2337695913868456e-05,19,6.48518711205971,,4-16 px
NGA,NG029002,2026-08-20,2,SFED,0.0,0.0,0.0,0.0,18,0.0,0.0,2.5267866104069354e-06,0.00019999999494757503,0.0,0.0,4.714377519271292e-05,2.2337695913868456e-05,19,6.48518711205971,,4-16 px
NGA,NG029003,2026-08-20,2,MFED,0.0,0.0,0.0,0.0,8,0.0,0.0,0.0,0.0,0.0,0.0,0.0,0.0,7,2.882305383137649,,1-4 px
NGA,NG029003,2026-08-20,2,SFED,0.0,0.0,0.0,0.0,8,0.0,0.0,0.0,0.0,0.0,0.0,0.0,0.0,7,2.882305383137649,,1-4 px
NGA,NG029004,2026-08-20,2,MFED,0.0,0.0,0.0,0.0,17,0.0,0.0,0.0,0.0,0.0,0.0,0.0,0.0,16,6.124898939167504,,4-16 px
NGA,NG029004,2026-08-20,2,SFED,0.0,0.0,0.0,0.0,17,0.0,0.0,0.0,0.0,0.0,0.0,0.0,0.0,16,6.124898939167504,,4-16 px
NGA,NG029005,2026-08-20,2,MFED,0.004295455,0.0,0.0,0.0472,22,0.094500005,0.013567625,0.00310901507237377,0.047200001776218414,0.0,0.0,0.06881546959137158,0.011702204832015492,22,7.926339803628535,0.27620820789095224,4-16 px
NGA,NG029005,2026-08-20,2,SFED,0.0,0.0,0.0,0.0,22,0.0,0.0,0.0,0.0,0.0,0.0,0.0,0.0,22,7.926339803628535,,4-16 px
NGA,NG029006,2026-08-20,2,MFED,0.0,0.0,0.0,0.0,9,0.0,0.0,0.0,0.0,0.0,0.0,0.0,0.0,10,3.242593556029855,,1-4 px
NGA,NG029006,2026-08-20,2,SFED,0.0,0.0,0.0,0.0,9,0.0,0.0,0.0,0.0,0.0,0.0,0.0,0.0,10,3.242593556029855,,1-4 px
NGA,NG029007,2026-08-20,2,MFED,0.012310781,0.0,0.0,0.0836,36,0.4431881,0.023305325,0.013717775761308722,0.2255130559206009,0.0,0.0,0.48292803939109485,0.02545502759912938,35,12.97037422411942,0.11428964265619887,4-16 px
NGA,NG029007,2026-08-20,2,SFED,0.013297348,0.0,0.0,0.1049,36,0.47870454,0.026885249,0.015105154296040316,0.21909983456134796,0.0,0.0,0.5317700679625911,0.029828035615077023,35,12.97037422411942,0.13595239411951285,4-16 px
NGA,NG029008,2026-08-20,2,MFED,0.0,0.0,0.0,0.0,60,0.0,0.0,0.0,0.0,0.0,0.0,0.0,0.0,63,21.617290373532366,,16-64 px
NGA,NG029008,2026-08-20,2,SFED,0.0,0.0,0.0,0.0,60,0.0,0.0,0.0,0.0,0.0,0.0,0.0,0.0,63,21.617290373532366,,16-64 px
NGA,NG029009,2026-08-20,2,MFED,0.0,0.0,0.0,0.0,12,0.0,0.0,0.0,0.0,0.0,0.0,0.0,0.0,10,4.3234580747064735,,4-16 px
NGA,NG029009,2026-08-20,2,SFED,0.0,0.0,0.0,0.0,12,0.0,0.0,0.0,0.0,0.0,0.0,0.0,0.0,10,4.3234580747064735,,4-16 px
NGA,NG029010,2026-08-20,2,MFED,0.07477141,0.0445932,0.0,0.22551306,29,2.168371,0.07166493,0.07464605152615822,0.2255130559206009,0.0,0.04500000178813934,2.351578615325514,0.07659471140179687,32,10.448357013873977,0.0016765562377622323,4-16 px
NGA,NG029010,2026-08-20,2,SFED,0.07235141,0.04449022,0.0,0.21909983,29,2.098191,0.06746427,0.07375902288471103,0.21909983456134796,0.0,0.04449021816253662,2.3236345038586474,0.0744738032279793,32,10.448357013873977,0.019455223950867427,4-16 px
NGA,NG029011,2026-08-20,2,MFED,0.0,0.0,0.0,0.0,16,0.0,0.0,0.0,0.0,0.0,0.0,0.0,0.0,19,5.764610766275298,,4-16 px
NGA,NG029011,2026-08-20,2,SFED,0.0,0.0,0.0,0.0,16,0.0,0.0,0.0,0.0,0.0,0.0,0.0,0.0,19,5.764610766275298,,4-16 px
NGA,NG029012,2026-08-20,2,MFED,0.00011,0.0,0.0,0.0016,30,0.0033,0.0002925178,0.0006454974329083066,0.0419083833694458,0.0,0.0,0.0188159210990835,0.004465323148203845,29,10.808645186766183,4.868158480984606,4-16 px
NGA,NG029012,2026-08-20,2,SFED,0.00011,0.0,0.0,0.0016,30,0.0033,0.0002925178,0.0006248514344332274,0.04010802134871483,0.0,0.0,0.018214100768724307,0.004274579262561455,29,10.808645186766183,4.680467585756613,4-16 px
NGA,NG029013,2026-08-20,2,MFED,6.6666666e-06,0.0,0.0,0.0003,60,0.00040000002,4.027682e-05,1.6717248319522296e-05,0.004600000102072954,0.0,0.0,0.0010274200061426114,0.0001342316290317523,61,21.617290373532366,1.507587273004217,16-64 px
NGA,NG029013,2026-08-20,2,SFED,6.6666666e-06,0.0,0.0,0.0003,60,0.00040000002,4.027682e-05,1.5049759525777529e-05,0.004600000102072954,0.0,0.0,0.0009249383468427786,0.00013380683489023983,61,21.617290373532366,1.2574639514412689,16-64 px
NGA,NG029014,2026-08-20,2,MFED,0.0014633333,0.0,0.0,0.0244,30,0.043899998,0.004466653,0.0038839551413523453,0.06310000270605087,0.0,0.0,0.10868001583336226,0.011501451324036504,28,10.808645186766183,1.654183528354303,4-16 px
NGA,NG029014,2026-08-20,2,SFED,0.00177,0.0,0.0,0.0324,30,0.0531,0.005858165,0.004303062030853705,0.06589999794960022,0.0,0.0,0.12040737666251423,0.012438807917689785,28,10.808645186766183,1.4311084920077428,4-16 px
NGA,NG029015,2026-08-20,2,MFED,0.0,0.0,0.0,0.0,15,0.0,0.0,0.0,0.0,0.0,0.0,0.0,0.0,15,5.404322593383092,,4-16 px
NGA,NG029015,2026-08-20,2,SFED,0.0,0.0,0.0,0.0,15,0.0,0.0,0.0,0.0,0.0,0.0,0.0,0.0,15,5.404322593383092,,4-16 px
NGA,NG029016,2026-08-20,2,MFED,6.4548403e-06,0.0,0.0,0.00010005003,31,0.00020010005,2.45793e-05,5.586513264637968e-06,0.00010005002695834264,0.0,0.0,0.00017543508225111905,2.297219345805253e-05,31,11.16893335965839,0.13452339562328627,4-16 px
NGA,NG029016,2026-08-20,2,SFED,0.0,0.0,0.0,0.0,31,0.0,0.0,0.0,0.0,0.0,0.0,0.0,0.0,31,11.16893335965839,,4-16 px
NGA,NG029017,2026-08-20,2,MFED,2.173913e-06,0.0,0.0,0.0001,46,0.0001,1.4583052e-05,1.3951056686646183e-06,9.999999747378752e-05,0.0,0.0,6.509772026994356e-05,1.1728778432359798e-05,47,16.573255953041482,0.35825137957930325,16-64 px
NGA,NG029017,2026-08-20,2,SFED,0.0,0.0,0.0,0.0,46,0.0,0.0,0.0,0.0,0.0,0.0,0.0,0.0,47,16.573255953041482,,16-64 px
NGA,NG029018,2026-08-20,2,MFED,0.0012421053,0.0,0.0,0.0472,38,0.0472,0.0075554317,0.00029733087859261484,0.047200001776218414,0.0,0.0,0.01108271758075723,0.003734382458497167,37,13.690950569903832,0.7606234523010128,4-16 px
NGA,NG029018,2026-08-20,2,SFED,0.0,0.0,0.0,0.0,38,0.0,0.0,0.0,0.0,0.0,0.0,0.0,0.0,37,13.690950569903832,,4-16 px
NGA,NG030,2026-08-20,1,MFED,0.001069683,0.0,0.0,0.0684,287,0.306999,0.008023283,0.000769187924026167,0.06840000301599503,0.0,0.0,0.21677234302824797,0.006764827519371344,282,103.40270562006316,0.28091974535804826,>64 px
NGA,NG030,2026-08-20,1,SFED,0.001069683,0.0,0.0,0.0684,287,0.306999,0.008023283,0.000769187924026167,0.06840000301599503,0.0,0.0,0.21677234302824797,0.006764827519371344,282,103.40270562006316,0.28091974535804826,>64 px
NGA,NG030001,2026-08-20,2,MFED,0.0,0.0,0.0,0.0,26,0.0,0.0,2.8857879713751505e-06,0.0005000000237487257,0.0,0.0,7.207091621355712e-05,3.7845410159246256e-05,25,9.367492495197359,,4-16 px
NGA,NG030001,2026-08-20,2,SFED,0.0,0.0,0.0,0.0,26,0.0,0.0,2.8857879713751505e-06,0.0005000000237487257,0.0,0.0,7.207091621355712e-05,3.7845410159246256e-05,25,9.367492495197359,,4-16 px
NGA,NG030002,2026-08-20,2,MFED,1.1111111e-05,0.0,0.0,0.0001,9,0.0001,3.1426967e-05,2.771261578404224e-05,0.00010034115985035896,0.0,0.0,0.00027511397975013704,4.476151699611019e-05,10,3.242593556029855,1.4941354455051563,1-4 px
NGA,NG030002,2026-08-20,2,SFED,1.1111111e-05,0.0,0.0,0.0001,9,0.0001,3.1426967e-05,2.771261578404224e-05,0.00010034115985035896,0.0,0.0,0.00027511397975013704,4.476151699611019e-05,10,3.242593556029855,1.4941354455051563,1-4 px
NGA,NG030003,2026-08-20,2,MFED,2.9414707e-05,0.0,0.0,0.00050005,17,0.00050005,0.00011765883,3.91385925370181e-05,0.0005000500241294503,0.0,0.0,0.0005949519121598313,0.00013431092553009192,15,6.124898939167504,0.3305790377928326,4-16 px
NGA,NG030003,2026-08-20,2,SFED,2.9414707e-05,0.0,0.0,0.00050005,17,0.00050005,0.00011765883,3.91385925370181e-05,0.0005000500241294503,0.0,0.0,0.0005949519121598313,0.00013431092553009192,15,6.124898939167504,0.3305790377928326,4-16 px
NGA,NG030004,2026-08-20,2,MFED,0.00035385386,0.0,0.0,0.0012,13,0.0046001,0.0004955446,0.0006427010519931976,0.06840000301599503,0.0,0.0,0.007827019967018883,0.005189819214896019,12,4.6837462475986795,0.8162895043541354,4-16 px
NGA,NG030004,2026-08-20,2,SFED,0.00035385386,0.0,0.0,0.0012,13,0.0046001,0.0004955446,0.0006427010519931976,0.06840000301599503,0.0,0.0,0.007827019967018883,0.005189819214896019,12,4.6837462475986795,0.8162895043541354,4-16 px
NGA,NG030005,2026-08-20,2,MFED,0.0,0.0,0.0,0.0,5,0.0,0.0,0.0,0.0,0.0,0.0,0.0,0.0,5,1.8014408644610305,,1-4 px
NGA,NG030005,2026-08-20,2,SFED,0.0,0.0,0.0,0.0,5,0.0,0.0,0.0,0.0,0.0,0.0,0.0,0.0,5,1.8014408644610305,,1-4 px
NGA,NG030006,2026-08-20,2,MFED,0.0,0.0,0.0,0.0,3,0.0,0.0,0.0,0.0,0.0,0.0,0.0,0.0,5,1.0808645186766184,,1-4 px
NGA,NG030006,2026-08-20,2,SFED,0.0,0.0,0.0,0.0,3,0.0,0.0,0.0,0.0,0.0,0.0,0.0,0.0,5,1.0808645186766184,,1-4 px
NGA,NG030007,2026-08-20,2,MFED,0.0,0.0,0.0,0.0,2,0.0,0.0,0.0005409870907291336,0.004224076867103577,0.0,9.999999747378752e-05,0.0018055202281016124,0.001209780115381172,3,0.7205763457844122,,<1 px
NGA,NG030007,2026-08-20,2,SFED,0.0,0.0,0.0,0.0,2,0.0,0.0,0.0005409870907291336,0.004224076867103577,0.0,9.999999747378752e-05,0.0018055202281016124,0.001209780115381172,3,0.7205763457844122,,<1 px
NGA,NG030008,2026-08-20,2,MFED,0.00011428571,0.0,0.0,0.0007,7,0.0008,0.00024159334,7.591125335651066e-05,0.000699999975040555,0.0,0.0,0.000535134158309681,0.00019842378099724765,7,2.522017210245443,0.3357765082221508,1-4 px
NGA,NG030008,2026-08-20,2,SFED,0.00011428571,0.0,0.0,0.0007,7,0.0008,0.00024159334,7.591125335651066e-05,0.000699999975040555,0.0,0.0,0.000535134158309681,0.00019842378099724765,7,2.522017210245443,0.3357765082221508,1-4 px
NGA,NG030009,2026-08-20,2,MFED,0.0015635812,0.0007,0.0,0.004224077,9,0.014072231,0.0019004503,0.0011589460451244152,0.004224076867103577,0.0,0.0,0.01021092997548906,0.0017909232736310523,9,3.242593556029855,0.25878742650243225,1-4 px
NGA,NG030009,2026-08-20,2,SFED,0.0015635812,0.0007,0.0,0.004224077,9,0.014072231,0.0019004503,0.0011589460451244152,0.004224076867103577,0.0,0.0,0.01021092997548906,0.0017909232736310523,9,3.242593556029855,0.25878742650243225,1-4 px
NGA,NG030010,2026-08-20,2,MFED,5.3846154e-05,0.0,0.0,0.0007,13,0.0007,0.00018652854,2.4831090567106613e-05,0.000699999975040555,0.0,0.0,0.0002958999453020493,0.00011935580598902872,12,4.6837462475986795,0.5388511764998738,4-16 px
NGA,NG030010,2026-08-20,2,SFED,5.3846154e-05,0.0,0.0,0.0007,13,0.0007,0.00018652854,2.4831090567106613e-05,0.000699999975040555,0.0,0.0,0.0002958999453020493,0.00011935580598902872,12,4.6837462475986795,0.5388511764998738,4-16 px
NGA,NG030011,2026-08-20,2,MFED,0.00030060273,0.00020090406,0.00020090406,0.0005,3,0.00090180815,0.0001409952,0.00019587356362271634,0.0005000000237487257,0.0,0.00020090406178496778,0.0007107364767080015,0.00013828178033285898,4,1.0808645186766184,0.3483972563299197,1-4 px
NGA,NG030011,2026-08-20,2,SFED,0.00030060273,0.00020090406,0.00020090406,0.0005,3,0.00090180815,0.0001409952,0.00019587356362271634,0.0005000000237487257,0.0,0.00020090406178496778,0.0007107364767080015,0.00013828178033285898,4,1.0808645186766184,0.3483972563299197,1-4 px
NGA,NG030012,2026-08-20,2,MFED,0.0,0.0,0.0,0.0,7,0.0,0.0,2.6796176342872157e-06,0.00020090406178496778,0.0,0.0,1.683559128194614e-05,2.3047032696053193e-05,6,2.522017210245443,,1-4 px
NGA,NG030012,2026-08-20,2,SFED,0.0,0.0,0.0,0.0,7,0.0,0.0,2.6796176342872157e-06,0.00020090406178496778,0.0,0.0,1.683559128194614e-05,2.3047032696053193e-05,6,2.522017210245443,,1-4 px
NGA,NG030013,2026-08-20,2,MFED,5.0000002e-05,0.0,0.0,0.0005,30,0.0015000001,0.00015,3.758873282633791e-05,0.0005000000237487257,0.0,0.0,0.0011085243064176875,0.00013139218806230749,29,10.808645186766183,0.2482253735442269,4-16 px
NGA,NG030013,2026-08-20,2,SFED,5.0000002e-05,0.0,0.0,0.0005,30,0.0015000001,0.00015,3.758873282633791e-05,0.0005000000237487257,0.0,0.0,0.0011085243064176875,0.00013139218806230749,29,10.808645186766183,0.2482253735442269,4-16 px
NGA,NG030014,2026-08-20,2,MFED,0.0,0.0,0.0,0.0,23,0.0,0.0,0.0,0.0,0.0,0.0,0.0,0.0,24,8.286627976520741,,4-16 px
NGA,NG030014,2026-08-20,2,SFED,0.0,0.0,0.0,0.0,23,0.0,0.0,0.0,0.0,0.0,0.0,0.0,0.0,24,8.286627976520741,,4-16 px
NGA,NG030015,2026-08-20,2,MFED,0.0,0.0,0.0,0.0,4,0.0,0.0,0.0,0.0,0.0,0.0,0.0,0.0,5,1.4411526915688244,,1-4 px
NGA,NG030015,2026-08-20,2,SFED,0.0,0.0,0.0,0.0,4,0.0,0.0,0.0,0.0,0.0,0.0,0.0,0.0,5,1.4411526915688244,,1-4 px
NGA,NG030016,2026-08-20,2,MFED,0.0,0.0,0.0,0.0,4,0.0,0.0,0.0,0.0,0.0,0.0,0.0,0.0,4,1.4411526915688244,,1-4 px
NGA,NG030016,2026-08-20,2,SFED,0.0,0.0,0.0,0.0,4,0.0,0.0,0.0,0.0,0.0,0.0,0.0,0.0,4,1.4411526915688244,,1-4 px
NGA,NG030017,2026-08-20,2,MFED,0.0,0.0,0.0,0.0,10,0.0,0.0,2.0028742256807086e-06,9.999999747378752e-05,0.0,0.0,1.83483291335315e-05,1.4009850546829147e-05,9,3.602881728922061,,1-4 px
NGA,NG030017,2026-08-20,2,SFED,0.0,0.0,0.0,0.0,10,0.0,0.0,2.0028742256807086e-06,9.999999747378752e-05,0.0,0.0,1.83483291335315e-05,1.4009850546829147e-05,9,3.602881728922061,,1-4 px
NGA,NG030018,2026-08-20,2,MFED,0.000250025,0.000250025,0.0,0.00050005,2,0.00050005,0.000250025,5.8005487326928124e-05,0.0005000500241294503,0.0,0.0,0.0001322418806407955,0.0001601281011485383,2,0.7205763457844122,0.7680012505672308,<1 px
NGA,NG030018,2026-08-20,2,SFED,0.000250025,0.000250025,0.0,0.00050005,2,0.00050005,0.000250025,5.8005487326928124e-05,0.0005000500241294503,0.0,0.0,0.0001322418806407955,0.0001601281011485383,2,0.7205763457844122,0.7680012505672308,<1 px
NGA,NG030019,2026-08-20,2,MFED,0.0,0.0,0.0,0.0,1,0.0,0.0,0.0030774636122252712,0.06840000301599503,0.0,0.0,0.004293998678709056,0.014071883525413288,1,0.3602881728922061,,<1 px
NGA,NG030019,2026-08-20,2,SFED,0.0,0.0,0.0,0.0,1,0.0,0.0,0.0030774636122252712,0.06840000301599503,0.0,0.0,0.004293998678709056,0.014071883525413288,1,0.3602881728922061,,<1 px
NGA,NG030020,2026-08-20,2,MFED,0.0021120384,0.0021120384,0.0,0.004224077,2,0.004224077,0.0021120384,0.0010707387112104392,0.004224076867103577,0.0,0.0,0.0010649555960667858,0.0018374986348434984,1,0.7205763457844122,0.4930306611800054,<1 px
NGA,NG030020,2026-08-20,2,SFED,0.0021120384,0.0021120384,0.0,0.004224077,2,0.004224077,0.0021120384,0.0010707387112104392,0.004224076867103577,0.0,0.0,0.0010649555960667858,0.0018374986348434984,1,0.7205763457844122,0.4930306611800054,<1 px
NGA,NG030021,2026-08-20,2,MFED,0.0,0.0,0.0,0.0,9,0.0,0.0,0.0,0.0,0.0,0.0,0.0,0.0,9,3.242593556029855,,1-4 px
NGA,NG030021,2026-08-20,2,SFED,0.0,0.0,0.0,0.0,9,0.0,0.0,0.0,0.0,0.0,0.0,0.0,0.0,9,3.242593556029855,,1-4 px
NGA,NG030022,2026-08-20,2,MFED,0.0,0.0,0.0,0.0,15,0.0,0.0,0.0,0.0,0.0,0.0,0.0,0.0,14,5.404322593383092,,4-16 px
NGA,NG030022,2026-08-20,2,SFED,0.0,0.0,0.0,0.0,15,0.0,0.0,0.0,0.0,0.0,0.0,0.0,0.0,14,5.404322593383092,,4-16 px
NGA,NG030023,2026-08-20,2,MFED,2.0068232e-05,0.0,0.0,0.00010034116,10,0.00020068232,4.0136463e-05,2.6443957793867012e-05,0.00010034115985035896,0.0,0.0,0.00023638385700278626,4.42055319978555e-05,9,3.602881728922061,0.3177024161304799,1-4 px
NGA,NG030023,2026-08-20,2,SFED,2.0068232e-05,0.0,0.0,0.00010034116,10,0.00020068232,4.0136463e-05,2.6443957793867012e-05,0.00010034115985035896,0.0,0.0,0.00023638385700278626,4.42055319978555e-05,9,3.602881728922061,0.3177024161304799,1-4 px
NGA,NG030024,2026-08-20,2,MFED,0.015377779,0.0,0.0,0.0684,18,0.2768,0.028346187,0.011043554371569795,0.06840000301599503,0.0,0.0,0.18399071005686188,0.02492462087778451,17,6.48518711205971,0.2818498450543609,4-16 px
NGA,NG030024,2026-08-20,2,SFED,0.015377779,0.0,0.0,0.0684,18,0.2768,0.028346187,0.011043554371569795,0.06840000301599503,0.0,0.0,0.18399071005686188,0.02492462087778451,17,6.48518711205971,0.2818498450543609,4-16 px
NGA,NG030025,2026-08-20,2,MFED,0.0,0.0,0.0,0.0,9,0.0,0.0,0.0,0.0,0.0,0.0,0.0,0.0,10,3.242593556029855,,1-4 px
NGA,NG030025,2026-08-20,2,SFED,0.0,0.0,0.0,0.0,9,0.0,0.0,0.0,0.0,0.0,0.0,0.0,0.0,10,3.242593556029855,,1-4 px
NGA,NG030026,2026-08-20,2,MFED,0.0,0.0,0.0,0.0,10,0.0,0.0,1.0910978144823486e-06,9.999999747378752e-05,0.0,0.0,1.1666634742093762e-05,1.038842068127402e-05,11,3.602881728922061,,1-4 px
NGA,NG030026,2026-08-20,2,SFED,0.0,0.0,0.0,0.0,10,0.0,0.0,1.0910978144823486e-06,9.999999747378752e-05,0.0,0.0,1.1666634742093762e-05,1.038842068127402e-05,11,3.602881728922061,,1-4 px
NGA,NG030027,2026-08-20,2,MFED,0.0,0.0,0.0,0.0,3,0.0,0.0,0.0,0.0,0.0,0.0,0.0,0.0,4,1.0808645186766184,,1-4 px
NGA,NG030027,2026-08-20,2,SFED,0.0,0.0,0.0,0.0,3,0.0,0.0,0.0,0.0,0.0,0.0,0.0,0.0,4,1.0808645186766184,,1-4 px
NGA,NG030028,2026-08-20,2,MFED,0.000125,0.0,0.0,0.002,16,0.002,0.00048412295,0.0002231823284287318,0.0020000000949949026,0.0,0.0,0.0033686566628322564,0.0006297255960621076,15,5.764610766275298,0.7854586274298543,4-16 px
NGA,NG030028,2026-08-20,2,SFED,0.000125,0.0,0.0,0.002,16,0.002,0.00048412295,0.0002231823284287318,0.0020000000949949026,0.0,0.0,0.0033686566628322564,0.0006297255960621076,15,5.764610766275298,0.7854586274298543,4-16 px
NGA,NG030029,2026-08-20,2,MFED,0.0,0.0,0.0,0.0,4,0.0,0.0,0.0,0.0,0.0,0.0,0.0,0.0,4,1.4411526915688244,,1-4 px
NGA,NG030029,2026-08-20,2,SFED,0.0,0.0,0.0,0.0,4,0.0,0.0,0.0,0.0,0.0,0.0,0.0,0.0,4,1.4411526915688244,,1-4 px
NGA,NG030030,2026-08-20,2,MFED,3.3333334e-05,0.0,0.0,0.0001,3,0.0001,4.714045e-05,0.00010134209189247126,0.0012000000569969416,0.0,0.0,0.00020264387177247318,0.0002708876858672808,2,1.0808645186766184,2.040262695968884,1-4 px
NGA,NG030030,2026-08-20,2,SFED,3.3333334e-05,0.0,0.0,0.0001,3,0.0001,4.714045e-05,0.00010134209189247126,0.0012000000569969416,0.0,0.0,0.00020264387177247318,0.0002708876858672808,2,1.0808645186766184,2.040262695968884,1-4 px
NGA,NG031,2026-08-20,1,MFED,0.0038172535,0.0,0.0,0.1058,901,3.4393454,0.013274577,0.0042223343945858105,0.10580000281333923,0.0,0.0,3.825295925255186,0.014311067834328861,906,324.6196437758777,0.10611841592019255,>64 px
NGA,NG031,2026-08-20,1,SFED,0.0014461384,0.0,0.0,0.0674,901,1.3029706,0.0076461965,0.0018044611420673356,0.07970000058412552,0.0,0.0,1.6347823760435742,0.008962566704722457,906,324.6196437758777,0.24777901068620795,>64 px
NGA,NG031001,2026-08-20,2,MFED,2e-05,0.0,0.0,0.0002,10,0.0002,6e-05,3.4621506632044334e-05,0.00019999999494757503,0.0,0.0,0.00037590472940689327,7.56680410081668e-05,11,3.602881728922061,0.7310753316022165,1-4 px
NGA,NG031001,2026-08-20,2,SFED,0.0,0.0,0.0,0.0,10,0.0,0.0,0.0,0.0,0.0,0.0,0.0,0.0,11,3.602881728922061,,1-4 px
NGA,NG031002,2026-08-20,2,MFED,0.0,0.0,0.0,0.0,18,0.0,0.0,0.0,0.0,0.0,0.0,0.0,0.0,20,6.48518711205971,,4-16 px
NGA,NG031002,2026-08-20,2,SFED,0.0,0.0,0.0,0.0,18,0.0,0.0,0.0,0.0,0.0,0.0,0.0,0.0,20,6.48518711205971,,4-16 px
NGA,NG031003,2026-08-20,2,MFED,1.0911206e-05,0.0,0.0,0.00027570996,60,0.0006546724,5.091656e-05,1.3509482641387413e-05,0.0026891150046139956,0.0,0.0,0.0008027762550763564,5.6315182155129344e-05,59,21.617290373532366,0.2381291895128195,16-64 px
NGA,NG031003,2026-08-20,2,SFED,1.0860506e-05,0.0,0.0,0.00027570996,60,0.00065163034,5.082602e-05,1.1551925762406492e-05,0.002455278765410185,0.0,0.0,0.0006864520240067738,5.475255232042975e-05,59,21.617290373532366,0.0636636785069215,16-64 px
NGA,NG031004,2026-08-20,2,MFED,0.014040461,0.000103252445,0.0,0.1058,97,1.3619246,0.021494636,0.015428589016064271,0.10580000281333923,0.0,9.999999747378752e-05,1.4615913739434054,0.02384306550759609,95,34.94795277054399,0.09886627056364249,16-64 px
NGA,NG031004,2026-08-20,2,SFED,0.008817401,0.0,0.0,0.0674,97,0.85528785,0.016599698,0.010517560631728975,0.0674000009894371,0.0,0.0,0.9963565610734774,0.018404511568475404,95,34.94795277054399,0.19281868112031814,16-64 px
NGA,NG031005,2026-08-20,2,MFED,0.0,0.0,0.0,0.0,7,0.0,0.0,0.0,0.0,0.0,0.0,0.0,0.0,8,2.522017210245443,,1-4 px
NGA,NG031005,2026-08-20,2,SFED,0.0,0.0,0.0,0.0,7,0.0,0.0,0.0,0.0,0.0,0.0,0.0,0.0,8,2.522017210245443,,1-4 px
NGA,NG031006,2026-08-20,2,MFED,0.0,0.0,0.0,0.0,1,0.0,0.0,0.0,0.0,0.0,0.0,0.0,0.0,1,0.3602881728922061,,<1 px
NGA,NG031006,2026-08-20,2,SFED,0.0,0.0,0.0,0.0,1,0.0,0.0,0.0,0.0,0.0,0.0,0.0,0.0,1,0.3602881728922061,,<1 px
NGA,NG031007,2026-08-20,2,MFED,,,,,0,0.0,,0.0,0.0,0.0,0.0,0.0,0.0,0,0.0,,
NGA,NG031007,2026-08-20,2,SFED,,,,,0,0.0,,0.0,0.0,0.0,0.0,0.0,0.0,0,0.0,,
NGA,NG031008,2026-08-20,2,MFED,0.0,0.0,0.0,0.0,1,0.0,0.0,0.0,0.0,0.0,0.0,0.0,0.0,0,0.3602881728922061,,<1 px
NGA,NG031008,2026-08-20,2,SFED,0.0,0.0,0.0,0.0,1,0.0,0.0,0.0,0.0,0.0,0.0,0.0,0.0,0,0.3602881728922061,,<1 px
NGA,NG031009,2026-08-20,2,MFED,,,,,0,0.0,,0.0,0.0,0.0,0.0,0.0,0.0,0,0.0,,
NGA,NG031009,2026-08-20,2,SFED,,,,,0,0.0,,0.0,0.0,0.0,0.0,0.0,0.0,0,0.0,,
NGA,NG031010,2026-08-20,2,MFED,0.0,0.0,0.0,0.0,1,0.0,0.0,0.0,0.0,0.0,0.0,0.0,0.0,2,0.3602881728922061,,<1 px
NGA,NG031010,2026-08-20,2,SFED,0.0,0.0,0.0,0.0,1,0.0,0.0,0.0,0.0,0.0,0.0,0.0,0.0,2,0.3602881728922061,,<1 px
NGA,NG031011,2026-08-20,2,MFED,0.00011375434,0.0,0.0,0.0019017116,22,0.0025025955,0.00039496852,0.00023453583721213349,0.04650000110268593,0.0,0.0,0.005253455924164914,0.0006712254719691253,22,7.926339803628535,1.0617748493124173,4-16 px
NGA,NG031011,2026-08-20,2,SFED,0.0,0.0,0.0,0.0,22,0.0,0.0,0.0,0.0,0.0,0.0,0.0,0.0,22,7.926339803628535,,4-16 px
NGA,NG031012,2026-08-20,2,MFED,5.0000002e-05,0.0,0.0,0.0003,24,0.0012,0.000111803405,3.757635891063443e-05,0.04650000110268593,0.0,0.0,0.0009268443836919273,0.00034778940358756044,25,8.646916149412947,0.24847285184839737,4-16 px
NGA,NG031012,2026-08-20,2,SFED,0.0,0.0,0.0,0.0,24,0.0,0.0,0.0,0.0,0.0,0.0,0.0,0.0,25,8.646916149412947,,4-16 px
NGA,NG031013,2026-08-20,2,MFED,0.0026824032,0.0,0.0,0.0465,34,0.091201715,0.008829341,0.004936418533059207,0.04650000110268593,0.0,0.0,0.1557970394460242,0.013048787362020324,32,12.249797878335007,0.8402969893039223,4-16 px
NGA,NG031013,2026-08-20,2,SFED,0.0,0.0,0.0,0.0,34,0.0,0.0,0.0,0.0,0.0,0.0,0.0,0.0,32,12.249797878335007,,4-16 px
NGA,NG031014,2026-08-20,2,MFED,0.0,0.0,0.0,0.0,28,0.0,0.0,0.0,0.0,0.0,0.0,0.0,0.0,28,10.088068840981771,,4-16 px
NGA,NG031014,2026-08-20,2,SFED,0.0,0.0,0.0,0.0,28,0.0,0.0,0.0,0.0,0.0,0.0,0.0,0.0,28,10.088068840981771,,4-16 px
NGA,NG031015,2026-08-20,2,MFED,0.0014064516,0.0,0.0,0.0436,31,0.0436,0.007703453,0.0007890303783700092,0.09040000289678574,0.0,0.0,0.025400650044170664,0.006037617707580135,32,11.16893335965839,0.43899215702125177,4-16 px
NGA,NG031015,2026-08-20,2,SFED,0.0011387097,0.0,0.0,0.0353,31,0.0353,0.00623697,0.000642938649398511,0.07970000058412552,0.0,0.0,0.02069763101768054,0.004951635165321235,32,11.16893335965839,0.4353796675320224,4-16 px
NGA,NG031016,2026-08-20,2,MFED,0.002155858,0.0,0.0,0.0344,57,0.122883916,0.0076620337,0.0017870952021923423,0.04650000110268593,0.0,0.0,0.1062783599603529,0.006881221737280262,59,20.53642585485575,0.17105152464014686,16-64 px
NGA,NG031016,2026-08-20,2,SFED,0.00017405834,0.0,0.0,0.0024552788,57,0.009921325,0.00062683737,0.00011871500335107909,0.002455278765410185,0.0,0.0,0.007059968513911635,0.0005160111502955872,59,20.53642585485575,0.3179585456745187,16-64 px
NGA,NG031017,2026-08-20,2,MFED,0.006494118,0.0,0.0,0.0691,51,0.3312,0.014359248,0.010707890573318129,0.10580000281333923,0.0,0.0,0.5413638674028416,0.02106502478385945,51,18.37469681750251,0.6488598718591391,16-64 px
NGA,NG031017,2026-08-20,2,SFED,0.0063862745,0.0,0.0,0.0674,51,0.32569999,0.01772748,0.009788958031030767,0.0674000009894371,0.0,0.0,0.49490496202192347,0.021811239585471345,51,18.37469681750251,0.532811975280857,16-64 px
NGA,NG031018,2026-08-20,2,MFED,0.011687013,0.0001,0.0,0.0784,77,0.8999,0.02336829,0.010747436408734254,0.07840000092983246,0.0,9.999999747378752e-05,0.8418018896289933,0.02152828092980938,78,27.74218931269987,0.08039492993340093,16-64 px
NGA,NG031018,2026-08-20,2,SFED,0.00066883117,0.0,0.0,0.0201,77,0.0515,0.0032195933,0.0006788187394081102,0.020099999383091927,0.0,0.0,0.05316904197590101,0.0030496404878971226,78,27.74218931269987,0.014932870739427737,16-64 px
NGA,NG031019,2026-08-20,2,MFED,0.0037238093,0.0,0.0,0.0733,21,0.0782,0.015577361,0.007953737179573303,0.07329999655485153,0.0,0.0,0.15768946703195824,0.021730774564717233,20,7.566051630736329,1.1359142047293622,4-16 px
NGA,NG031019,2026-08-20,2,SFED,0.00017636544,0.0,0.0,0.0011,21,0.0037036743,0.00026000777,0.002099958340695757,0.06679999828338623,0.0,0.0,0.041633423893369596,0.011237486453035765,20,7.566051630736329,10.906858513185787,4-16 px
NGA,NG031020,2026-08-20,2,MFED,0.0,0.0,0.0,0.0,11,0.0,0.0,3.7075228544833303e-06,0.00010034115985035896,0.0,0.0,3.3144160360247074e-05,1.8928059004400184e-05,9,3.9631699018142674,,1-4 px
NGA,NG031020,2026-08-20,2,SFED,0.0,0.0,0.0,0.0,11,0.0,0.0,3.7075228544833303e-06,0.00010034115985035896,0.0,0.0,3.3144160360247074e-05,1.8928059004400184e-05,9,3.9631699018142674,,1-4 px
NGA,NG031021,2026-08-20,2,MFED,0.0,0.0,0.0,0.0,4,0.0,0.0,0.0,0.0,0.0,0.0,0.0,0.0,3,1.4411526915688244,,1-4 px
NGA,NG031021,2026-08-20,2,SFED,0.0,0.0,0.0,0.0,4,0.0,0.0,0.0,0.0,0.0,0.0,0.0,0.0,3,1.4411526915688244,,1-4 px
NGA,NG031022,2026-08-20,2,MFED,,,,,0,0.0,,0.0,0.0,0.0,0.0,0.0,0.0,1,0.0,,
NGA,NG031022,2026-08-20,2,SFED,,,,,0,0.0,,0.0,0.0,0.0,0.0,0.0,0.0,1,0.0,,
NGA,NG031023,2026-08-20,2,MFED,1.5384616e-05,0.0,0.0,0.0001,13,0.0002,3.608012e-05,1.7727687040695e-05,9.999999747378752e-05,0.0,0.0,0.0002181022641927608,3.819028373124204e-05,12,4.6837462475986795,0.1522996115531907,4-16 px
NGA,NG031023,2026-08-20,2,SFED,1.5384616e-05,0.0,0.0,0.0001,13,0.0002,3.608012e-05,1.7727687040695e-05,9.999999747378752e-05,0.0,0.0,0.0002181022641927608,3.819028373124204e-05,12,4.6837462475986795,0.1522996115531907,4-16 px
NGA,NG031024,2026-08-20,2,MFED,0.0,0.0,0.0,0.0,37,0.0,0.0,0.0,0.0,0.0,0.0,0.0,0.0,35,13.330662397011626,,4-16 px
NGA,NG031024,2026-08-20,2,SFED,0.0,0.0,0.0,0.0,37,0.0,0.0,0.0,0.0,0.0,0.0,0.0,0.0,35,13.330662397011626,,4-16 px
NGA,NG031025,2026-08-20,2,MFED,0.0,0.0,0.0,0.0,20,0.0,0.0,0.0,0.0,0.0,0.0,0.0,0.0,22,7.205763457844122,,4-16 px
NGA,NG031025,2026-08-20,2,SFED,0.0,0.0,0.0,0.0,20,0.0,0.0,0.0,0.0,0.0,0.0,0.0,0.0,22,7.205763457844122,,4-16 px
NGA,NG031026,2026-08-20,2,MFED,0.0,0.0,0.0,0.0,11,0.0,0.0,0.0,0.0,0.0,0.0,0.0,0.0,11,3.9631699018142674,,1-4 px
NGA,NG031026,2026-08-20,2,SFED,0.0,0.0,0.0,0.0,11,0.0,0.0,0.0,0.0,0.0,0.0,0.0,0.0,11,3.9631699018142674,,1-4 px
NGA,NG031027,2026-08-20,2,MFED,3.6666668e-05,0.0,0.0,0.0005,30,0.0011,0.00012512217,4.701052928695748e-05,0.0005000000237487257,0.0,0.0,0.0014089803856862533,0.00014310790035562392,30,10.808645186766183,0.2821052975677388,4-16 px
NGA,NG031027,2026-08-20,2,SFED,6.6666666e-06,0.0,0.0,0.0001,30,0.0002,2.4944382e-05,8.994402853801512e-06,9.999999747378752e-05,0.0,0.0,0.00026957656921090546,2.8610155189406182e-05,30,10.808645186766183,0.3491604415618311,4-16 px
NGA,NG031028,2026-08-20,2,MFED,0.0,0.0,0.0,0.0,65,0.0,0.0,0.0,0.0,0.0,0.0,0.0,0.0,67,23.4187312379934,,16-64 px
NGA,NG031028,2026-08-20,2,SFED,0.0,0.0,0.0,0.0,65,0.0,0.0,0.0,0.0,0.0,0.0,0.0,0.0,67,23.4187312379934,,16-64 px
NGA,NG031029,2026-08-20,2,MFED,0.0,0.0,0.0,0.0,12,0.0,0.0,8.269451632948208e-07,9.999999747378752e-05,0.0,0.0,9.690194870281253e-06,9.055974598978632e-06,12,4.3234580747064735,,4-16 px
NGA,NG031029,2026-08-20,2,SFED,0.0,0.0,0.0,0.0,12,0.0,0.0,8.269451632948208e-07,9.999999747378752e-05,0.0,0.0,9.690194870281253e-06,9.055974598978632e-06,12,4.3234580747064735,,4-16 px
NGA,NG031030,2026-08-20,2,MFED,1e-05,0.0,0.0,0.0002,20,0.0002,4.358899e-05,9.195424322168923e-06,0.00019999999494757503,0.0,0.0,0.00017965082867099391,4.1887098127106606e-05,20,7.205763457844122,0.08045756778310778,4-16 px
NGA,NG031030,2026-08-20,2,SFED,0.0,0.0,0.0,0.0,20,0.0,0.0,0.0,0.0,0.0,0.0,0.0,0.0,20,7.205763457844122,,4-16 px
NGA,NG031031,2026-08-20,2,MFED,0.0039562234,0.0,0.0,0.06937632,44,0.17407383,0.014361878,0.005009399676567082,0.06937631964683533,0.0,0.0,0.2251578529846928,0.016603950140342674,45,15.85267960725707,0.26620748377533027,4-16 px
NGA,NG031031,2026-08-20,2,SFED,3.4117977e-05,0.0,0.0,0.00050025014,44,0.0015011909,9.285437e-05,3.1017478451336734e-05,0.0005002501420676708,0.0,0.0,0.0013941448684501728,9.106854690564591e-05,45,15.85267960725707,0.09087580276706511,4-16 px
NGA,NG031032,2026-08-20,2,MFED,0.0054148203,0.0,0.0,0.0677,61,0.33030406,0.016877882,0.004873965702554383,0.06769999861717224,0.0,0.0,0.3010068684445189,0.01597176541360253,62,21.977578546424574,0.09988412680022227,16-64 px
NGA,NG031032,2026-08-20,2,SFED,0.00031155767,0.0,0.0,0.0067,61,0.019005017,0.0010861707,0.00029712176007614917,0.010403120890259743,0.0,0.0,0.01834967580924364,0.0011315913706809082,62,21.977578546424574,0.046334631799791096,16-64 px
NGA,NG031033,2026-08-20,2,MFED,0.0,0.0,0.0,0.0,33,0.0,0.0,0.0,0.0,0.0,0.0,0.0,0.0,34,11.889509705442801,,4-16 px
NGA,NG031033,2026-08-20,2,SFED,0.0,0.0,0.0,0.0,33,0.0,0.0,0.0,0.0,0.0,0.0,0.0,0.0,34,11.889509705442801,,4-16 px
NGA,NG032,2026-08-20,1,MFED,0.0018316859,0.0,0.0,0.1554,868,1.5899034,0.012610692,0.0020074311928554166,0.15539999306201935,0.0,0.0,1.7512794678879813,0.013507135348114173,872,312.73013407043493,0.09594728706238144,>64 px
NGA,NG032,2026-08-20,1,SFED,0.000838366,0.0,0.0,0.1166,868,0.72770166,0.008588844,0.0008374045201191044,0.12380000203847885,0.0,0.0,0.7305502413336271,0.008820720193696471,872,312.73013407043493,0.0011468498017519876,>64 px
NGA,NG032001,2026-08-20,2,MFED,0.0,0.0,0.0,0.0,33,0.0,0.0,0.0,0.0,0.0,0.0,0.0,0.0,33,11.889509705442801,,4-16 px
NGA,NG032001,2026-08-20,2,SFED,0.0,0.0,0.0,0.0,33,0.0,0.0,0.0,0.0,0.0,0.0,0.0,0.0,33,11.889509705442801,,4-16 px
NGA,NG032002,2026-08-20,2,MFED,0.0,0.0,0.0,0.0,57,0.0,0.0,0.0,0.0,0.0,0.0,0.0,0.0,54,20.53642585485575,,16-64 px
NGA,NG032002,2026-08-20,2,SFED,0.0,0.0,0.0,0.0,57,0.0,0.0,0.0,0.0,0.0,0.0,0.0,0.0,54,20.53642585485575,,16-64 px
NGA,NG032003,2026-08-20,2,MFED,0.0,0.0,0.0,0.0,56,0.0,0.0,0.0,0.0,0.0,0.0,0.0,0.0,57,20.176137681963542,,16-64 px
NGA,NG032003,2026-08-20,2,SFED,0.0,0.0,0.0,0.0,56,0.0,0.0,0.0,0.0,0.0,0.0,0.0,0.0,57,20.176137681963542,,16-64 px
NGA,NG032004,2026-08-20,2,MFED,0.0,0.0,0.0,0.0,33,0.0,0.0,0.0,0.0,0.0,0.0,0.0,0.0,34,11.889509705442801,,4-16 px
NGA,NG032004,2026-08-20,2,SFED,0.0,0.0,0.0,0.0,33,0.0,0.0,0.0,0.0,0.0,0.0,0.0,0.0,34,11.889509705442801,,4-16 px
NGA,NG032005,2026-08-20,2,MFED,0.0,0.0,0.0,0.0,7,0.0,0.0,0.0,0.0,0.0,0.0,0.0,0.0,9,2.522017210245443,,1-4 px
NGA,NG032005,2026-08-20,2,SFED,0.0,0.0,0.0,0.0,7,0.0,0.0,0.0,0.0,0.0,0.0,0.0,0.0,9,2.522017210245443,,1-4 px
NGA,NG032006,2026-08-20,2,MFED,0.0,0.0,0.0,0.0,18,0.0,0.0,0.0,0.0,0.0,0.0,0.0,0.0,19,6.48518711205971,,4-16 px
NGA,NG032006,2026-08-20,2,SFED,0.0,0.0,0.0,0.0,18,0.0,0.0,0.0,0.0,0.0,0.0,0.0,0.0,19,6.48518711205971,,4-16 px
NGA,NG032007,2026-08-20,2,MFED,1.3333334e-05,0.0,0.0,0.0005,90,0.0012,7.630349e-05,5.940628955455568e-06,0.0005000000237487257,0.0,0.0,0.000537262685465563,5.039177761902433e-05,90,32.42593556029855,0.5544528506181898,16-64 px
NGA,NG032007,2026-08-20,2,SFED,1.111111e-06,0.0,0.0,0.0001,90,0.0001,1.0482201e-05,5.410911973946214e-07,9.999999747378752e-05,0.0,0.0,4.8935577692836715e-05,7.3359620152133326e-06,90,32.42593556029855,0.5130178736466281,16-64 px
NGA,NG032008,2026-08-20,2,MFED,0.0,0.0,0.0,0.0,30,0.0,0.0,1.8896916273284981e-06,9.999999747378752e-05,0.0,0.0,5.850786402374169e-05,1.3616101626849434e-05,31,10.808645186766183,,4-16 px
NGA,NG032008,2026-08-20,2,SFED,0.0,0.0,0.0,0.0,30,0.0,0.0,0.0,0.0,0.0,0.0,0.0,0.0,31,10.808645186766183,,4-16 px
NGA,NG032009,2026-08-20,2,MFED,2.7999999e-05,0.0,0.0,0.0007,25,0.0007,0.00013717142,1.0193687098443816e-05,0.000699999975040555,0.0,0.0,0.00026239430430473424,8.263345396587872e-05,26,9.007204322305153,0.6359397334819971,4-16 px
NGA,NG032009,2026-08-20,2,SFED,1.6e-05,0.0,0.0,0.0001,25,0.0004,3.6660604e-05,1.0168092087447217e-05,9.999999747378752e-05,0.0,0.0,0.0002617354666300768,3.0222823930916078e-05,26,9.007204322305153,0.3644942445345489,4-16 px
NGA,NG032010,2026-08-20,2,MFED,0.000102637896,0.0,0.0,0.0007,38,0.0039002402,0.00018707103,9.867728811596521e-05,0.000699999975040555,0.0,0.0,0.0038869300578317466,0.0002011584199340332,39,13.690950569903832,0.03858816322613224,4-16 px
NGA,NG032010,2026-08-20,2,SFED,4.7370526e-05,0.0,0.0,0.0004,38,0.00180008,9.930618e-05,5.7505572126706104e-05,0.00039999998989515007,0.0,0.0,0.0022651629474193225,0.00011097970058854388,39,13.690950569903832,0.2139525773200429,4-16 px
NGA,NG032011,2026-08-20,2,MFED,0.0,0.0,0.0,0.0,55,0.0,0.0,0.0,0.0,0.0,0.0,0.0,0.0,53,19.815849509071338,,16-64 px
NGA,NG032011,2026-08-20,2,SFED,0.0,0.0,0.0,0.0,55,0.0,0.0,0.0,0.0,0.0,0.0,0.0,0.0,53,19.815849509071338,,16-64 px
NGA,NG032012,2026-08-20,2,MFED,0.0,0.0,0.0,0.0,28,0.0,0.0,0.0,0.0,0.0,0.0,0.0,0.0,26,10.088068840981771,,4-16 px
NGA,NG032012,2026-08-20,2,SFED,0.0,0.0,0.0,0.0,28,0.0,0.0,0.0,0.0,0.0,0.0,0.0,0.0,26,10.088068840981771,,4-16 px
NGA,NG032013,2026-08-20,2,MFED,0.0,0.0,0.0,0.0,47,0.0,0.0,0.0,0.0,0.0,0.0,0.0,0.0,47,16.933544125933686,,16-64 px
NGA,NG032013,2026-08-20,2,SFED,0.0,0.0,0.0,0.0,47,0.0,0.0,0.0,0.0,0.0,0.0,0.0,0.0,47,16.933544125933686,,16-64 px
NGA,NG032014,2026-08-20,2,MFED,6.119611e-06,0.0,0.0,0.00020090406,82,0.0005018081,3.269482e-05,7.440237675470073e-06,0.00020090406178496778,0.0,0.0,0.0006211481511765969,3.3216527492942835e-05,83,29.5436301771609,0.21580238931364637,16-64 px
NGA,NG032014,2026-08-20,2,SFED,3.677463e-06,0.0,0.0,0.00010077598,82,0.00030155195,1.8871404e-05,2.9218127675508725e-06,0.00010077597835334018,0.0,0.0,0.00024392750310005883,1.68881671200022e-05,83,29.5436301771609,0.20548139639994406,16-64 px
NGA,NG032015,2026-08-20,2,MFED,0.0,0.0,0.0,0.0,25,0.0,0.0,0.0,0.0,0.0,0.0,0.0,0.0,27,9.007204322305153,,4-16 px
NGA,NG032015,2026-08-20,2,SFED,0.0,0.0,0.0,0.0,25,0.0,0.0,0.0,0.0,0.0,0.0,0.0,0.0,27,9.007204322305153,,4-16 px
NGA,NG032016,2026-08-20,2,MFED,1.0133436e-05,0.0,0.0,0.0003,79,0.0008005415,5.181572e-05,1.1561719876910916e-05,0.0003000600263476372,0.0,0.0,0.0009270804773254766,5.6620290296042816e-05,80,28.462765658484283,0.1409476387782896,16-64 px
NGA,NG032016,2026-08-20,2,SFED,6.3291136e-06,0.0,0.0,0.0001,79,0.00049999997,2.4348587e-05,9.03551216739879e-06,0.0001000199990812689,0.0,0.0,0.0007245156449223982,2.866911000087536e-05,80,28.462765658484283,0.42761099554269183,16-64 px
NGA,NG032017,2026-08-20,2,MFED,0.009651224,0.0,0.0,0.1554,164,1.5828007,0.027681863,0.010652553232771837,0.15539999306201935,0.0,0.0,1.744986144323776,0.02965809110342623,164,59.0872603543218,0.10375152755462282,16-64 px
NGA,NG032017,2026-08-20,2,SFED,0.004418293,0.0,0.0,0.1166,164,0.7246,0.019355284,0.004438126777819571,0.12380000203847885,0.0,0.0,0.7270059641872668,0.019959949701363708,164,59.0872603543218,0.004489013702706087,16-64 px
NGA,NG033,2026-08-20,1,MFED,0.0009510127,0.0,0.0,0.1107,328,0.31193218,0.009027861,0.0012757387694173298,0.11069999635219574,0.0,0.0,0.4236450419104578,0.010553481986442558,332,118.1745207086436,0.3414529263566404,>64 px
NGA,NG033,2026-08-20,1,SFED,0.0009732543,0.0,0.0,0.1179,328,0.31922743,0.009411065,0.001268198388755408,0.11789999902248383,0.0,0.0,0.4211410458274669,0.010988102605196972,332,118.1745207086436,0.30304935591387366,>64 px
NGA,NG033001,2026-08-20,2,MFED,0.0,0.0,0.0,0.0,22,0.0,0.0,0.0,0.0,0.0,0.0,0.0,0.0,23,7.926339803628535,,4-16 px
NGA,NG033001,2026-08-20,2,SFED,0.0,0.0,0.0,0.0,22,0.0,0.0,0.0,0.0,0.0,0.0,0.0,0.0,23,7.926339803628535,,4-16 px
NGA,NG033002,2026-08-20,2,MFED,9.090909e-06,0.0,0.0,0.0001,11,0.0001,2.8747978e-05,7.264909078354079e-06,9.999999747378752e-05,0.0,0.0,7.539620639486246e-05,2.5955962428042472e-05,10,3.9631699018142674,0.2008599933896512,1-4 px
NGA,NG033002,2026-08-20,2,SFED,9.090909e-06,0.0,0.0,0.0001,11,0.0001,2.8747978e-05,7.264909078354079e-06,9.999999747378752e-05,0.0,0.0,7.539620639486246e-05,2.5955962428042472e-05,10,3.9631699018142674,0.2008599933896512,1-4 px
NGA,NG033003,2026-08-20,2,MFED,0.0,0.0,0.0,0.0,15,0.0,0.0,0.0,0.0,0.0,0.0,0.0,0.0,14,5.404322593383092,,4-16 px
NGA,NG033003,2026-08-20,2,SFED,0.0,0.0,0.0,0.0,15,0.0,0.0,0.0,0.0,0.0,0.0,0.0,0.0,14,5.404322593383092,,4-16 px
NGA,NG033004,2026-08-20,2,MFED,0.0,0.0,0.0,0.0,40,0.0,0.0,0.0,0.0,0.0,0.0,0.0,0.0,41,14.411526915688244,,4-16 px
NGA,NG033004,2026-08-20,2,SFED,0.0,0.0,0.0,0.0,40,0.0,0.0,0.0,0.0,0.0,0.0,0.0,0.0,41,14.411526915688244,,4-16 px
NGA,NG033005,2026-08-20,2,MFED,0.0,0.0,0.0,0.0,8,0.0,0.0,0.0,0.0,0.0,0.0,0.0,0.0,8,2.882305383137649,,1-4 px
NGA,NG033005,2026-08-20,2,SFED,0.0,0.0,0.0,0.0,8,0.0,0.0,0.0,0.0,0.0,0.0,0.0,0.0,8,2.882305383137649,,1-4 px
NGA,NG033006,2026-08-20,2,MFED,0.0,0.0,0.0,0.0,3,0.0,0.0,0.0,0.0,0.0,0.0,0.0,0.0,4,1.0808645186766184,,1-4 px
NGA,NG033006,2026-08-20,2,SFED,0.0,0.0,0.0,0.0,3,0.0,0.0,0.0,0.0,0.0,0.0,0.0,0.0,4,1.0808645186766184,,1-4 px
NGA,NG033007,2026-08-20,2,MFED,0.0,0.0,0.0,0.0,16,0.0,0.0,0.0,0.0,0.0,0.0,0.0,0.0,18,5.764610766275298,,4-16 px
NGA,NG033007,2026-08-20,2,SFED,0.0,0.0,0.0,0.0,16,0.0,0.0,0.0,0.0,0.0,0.0,0.0,0.0,18,5.764610766275298,,4-16 px
NGA,NG033008,2026-08-20,2,MFED,1.1397267e-05,0.0,0.0,0.0003533153,31,0.0003533153,6.24254e-05,1.2905960384542304e-05,0.0010594467166811228,0.0,0.0,0.0004150635840025948,8.21081361759491e-05,32,11.16893335965839,0.13237325970711264,4-16 px
NGA,NG033008,2026-08-20,2,SFED,0.0,0.0,0.0,0.0,31,0.0,0.0,0.0,0.0,0.0,0.0,0.0,0.0,32,11.16893335965839,,4-16 px
NGA,NG033009,2026-08-20,2,MFED,0.000120457735,0.0002007629,0.0,0.0002007629,5,0.0006022887,9.835333e-05,0.00013070675878109914,0.0010594467166811228,0.0,0.0002007628936553374,0.0005821657543046598,0.00015360372460137208,4,1.8014408644610305,0.08508398220420745,1-4 px
NGA,NG033009,2026-08-20,2,SFED,0.0,0.0,0.0,0.0,5,0.0,0.0,1.4552311417282578e-05,0.00020102522103115916,0.0,0.0,6.48157557583296e-05,5.112376892836015e-05,4,1.8014408644610305,,1-4 px
NGA,NG033010,2026-08-20,2,MFED,0.00012965187,0.0,0.0,0.0013,27,0.0035006006,0.00034083237,0.00014896233826381395,0.0013000000035390258,0.0,0.0,0.0040473597417032235,0.00039233155547121535,27,9.727780668089565,0.14894091588354227,4-16 px
NGA,NG033010,2026-08-20,2,SFED,1.8518518e-05,0.0,0.0,0.0001,27,0.00049999997,3.884477e-05,1.8137018404590138e-05,9.999999747378752e-05,0.0,0.0,0.0004927892444549566,3.853245849971956e-05,27,9.727780668089565,0.020600978728960058,4-16 px
NGA,NG033011,2026-08-20,2,MFED,0.010219604,0.0,0.0,0.1107,26,0.2657097,0.029780786,0.013906888793441749,0.11069999635219574,0.0,0.0,0.3701139792203984,0.03397824505759602,27,9.367492495197359,0.36080505599255597,4-16 px
NGA,NG033011,2026-08-20,2,SFED,0.011200876,5e-05,0.0,0.1179,26,0.29122278,0.03126974,0.014578293305529746,0.11789999902248383,0.0,0.0,0.3879825477641122,0.03570245420021442,27,9.367492495197359,0.3015315324917217,4-16 px
NGA,NG033012,2026-08-20,2,MFED,0.0,0.0,0.0,0.0,4,0.0,0.0,0.0,0.0,0.0,0.0,0.0,0.0,4,1.4411526915688244,,1-4 px
NGA,NG033012,2026-08-20,2,SFED,0.0,0.0,0.0,0.0,4,0.0,0.0,0.0,0.0,0.0,0.0,0.0,0.0,4,1.4411526915688244,,1-4 px
NGA,NG033013,2026-08-20,2,MFED,5.2200026e-05,0.0,0.0,0.0003003003,23,0.0012006006,8.789548e-05,0.001368333617548756,0.11069999635219574,0.0,0.0,0.029377294392085945,0.007291175242067657,21,8.286627976520741,25.213274636084588,4-16 px
NGA,NG033013,2026-08-20,2,SFED,4.347826e-05,0.0,0.0,0.0001,23,0.0009999999,4.957284e-05,0.0010391571080561916,0.11789999902248383,0.0,0.0,0.022310074013735658,0.006008790541149321,21,8.286627976520741,22.900613963304686,4-16 px
NGA,NG033014,2026-08-20,2,MFED,0.0,0.0,0.0,0.0,19,0.0,0.0,0.0,0.0,0.0,0.0,0.0,0.0,18,6.845475284951916,,4-16 px
NGA,NG033014,2026-08-20,2,SFED,0.0,0.0,0.0,0.0,19,0.0,0.0,0.0,0.0,0.0,0.0,0.0,0.0,18,6.845475284951916,,4-16 px
NGA,NG033015,2026-08-20,2,MFED,0.0046337014,0.00017665765,0.0,0.035303533,8,0.03706961,0.011597102,0.0016434619940599098,0.03530353307723999,0.0,0.0,0.013808219221099899,0.007224020826364136,8,2.882305383137649,0.6453241475465143,1-4 px
NGA,NG033015,2026-08-20,2,SFED,0.0032754533,0.0,0.0,0.0260026,8,0.026203627,0.008590306,0.0011722595976413638,0.02600260078907013,0.0,0.0,0.009849219249836968,0.005326560540052025,8,2.882305383137649,0.6421076747937869,1-4 px
NGA,NG033016,2026-08-20,2,MFED,0.0,0.0,0.0,0.0,32,0.0,0.0,0.0,0.0,0.0,0.0,0.0,0.0,31,11.529221532550595,,4-16 px
NGA,NG033016,2026-08-20,2,SFED,0.0,0.0,0.0,0.0,32,0.0,0.0,0.0,0.0,0.0,0.0,0.0,0.0,31,11.529221532550595,,4-16 px
NGA,NG033017,2026-08-20,2,MFED,0.0,0.0,0.0,0.0,5,0.0,0.0,0.0,0.0,0.0,0.0,0.0,0.0,4,1.8014408644610305,,1-4 px
NGA,NG033017,2026-08-20,2,SFED,0.0,0.0,0.0,0.0,5,0.0,0.0,0.0,0.0,0.0,0.0,0.0,0.0,4,1.8014408644610305,,1-4 px
NGA,NG033018,2026-08-20,2,MFED,0.00010920284,0.0,0.0,0.0008912655,10,0.0010920285,0.000267471,0.00022374156705316957,0.0010594467166811228,0.0,0.0,0.002089191697353517,0.00038863891818708183,9,3.602881728922061,1.0488621637786122,1-4 px
NGA,NG033018,2026-08-20,2,SFED,0.0,0.0,0.0,0.0,10,0.0,0.0,0.0,0.0,0.0,0.0,0.0,0.0,9,3.602881728922061,,1-4 px
NGA,NG033019,2026-08-20,2,MFED,0.0,0.0,0.0,0.0,5,0.0,0.0,1.4849984880344476e-05,0.002201541094109416,0.0,0.0,7.690491535938212e-05,0.00010715630241021256,5,1.8014408644610305,,1-4 px
NGA,NG033019,2026-08-20,2,SFED,0.0,0.0,0.0,0.0,5,0.0,0.0,2.6152667871389374e-05,0.007205043453723192,0.0,0.0,0.00013543910820632273,0.0003390974796797332,5,1.8014408644610305,,1-4 px
NGA,NG033020,2026-08-20,2,MFED,0.0,0.0,0.0,0.0,4,0.0,0.0,0.0,0.0,0.0,0.0,0.0,0.0,4,1.4411526915688244,,1-4 px
NGA,NG033020,2026-08-20,2,SFED,0.0,0.0,0.0,0.0,4,0.0,0.0,0.0,0.0,0.0,0.0,0.0,0.0,4,1.4411526915688244,,1-4 px
NGA,NG033021,2026-08-20,2,MFED,0.0,0.0,0.0,0.0,6,0.0,0.0,0.0,0.0,0.0,0.0,0.0,0.0,8,2.1617290373532367,,1-4 px
NGA,NG033021,2026-08-20,2,SFED,3.3504202e-05,0.0,0.0,0.00020102522,6,0.00020102522,7.4917676e-05,2.8356753030359434e-05,0.00020102522103115916,0.0,0.0,0.000228665096985024,6.09382089066159e-05,8,2.1617290373532367,0.1536359221342018,1-4 px
NGA,NG033022,2026-08-20,2,MFED,0.00076800917,0.0008912655,0.0003533153,0.0010594467,3,0.0023040276,0.00030116385,0.000867210297493074,0.0010594467166811228,0.0003533152921590954,0.0010594467166811228,0.003059466383767054,0.0002824740007869714,4,1.0808645186766184,0.1291665924940375,1-4 px
NGA,NG033022,2026-08-20,2,SFED,0.0,0.0,0.0,0.0,3,0.0,0.0,0.0,0.0,0.0,0.0,0.0,0.0,4,1.0808645186766184,,1-4 px
NGA,NG033023,2026-08-20,2,MFED,0.0,0.0,0.0,0.0,5,0.0,0.0,0.0,0.0,0.0,0.0,0.0,0.0,5,1.8014408644610305,,1-4 px
NGA,NG033023,2026-08-20,2,SFED,0.0,0.0,0.0,0.0,5,0.0,0.0,4.008695844860794e-07,0.00010033108992502093,0.0,0.0,2.098741356404668e-06,6.32921684772394e-06,5,1.8014408644610305,,1-4 px
NGA,NG034,2026-08-20,1,MFED,1.852037e-07,0.0,0.0,0.00010001,1080,0.00020002,4.2997585e-06,1.250979803596193e-07,0.00010001000191550702,0.0,0.0,0.0001340823521946544,3.5348832725708965e-06,1072,389.1112267235826,0.324538438704954,>64 px
NGA,NG034,2026-08-20,1,SFED,1.852037e-07,0.0,0.0,0.00010001,1080,0.00020002,4.2997585e-06,1.250979803596193e-07,0.00010001000191550702,0.0,0.0,0.0001340823521946544,3.5348832725708965e-06,1072,389.1112267235826,0.324538438704954,>64 px
NGA,NG034001,2026-08-20,2,MFED,0.0,0.0,0.0,0.0,31,0.0,0.0,0.0,0.0,0.0,0.0,0.0,0.0,28,11.16893335965839,,4-16 px
NGA,NG034001,2026-08-20,2,SFED,0.0,0.0,0.0,0.0,31,0.0,0.0,0.0,0.0,0.0,0.0,0.0,0.0,28,11.16893335965839,,4-16 px
NGA,NG034002,2026-08-20,2,MFED,0.0,0.0,0.0,0.0,23,0.0,0.0,0.0,0.0,0.0,0.0,0.0,0.0,21,8.286627976520741,,4-16 px
NGA,NG034002,2026-08-20,2,SFED,0.0,0.0,0.0,0.0,23,0.0,0.0,0.0,0.0,0.0,0.0,0.0,0.0,21,8.286627976520741,,4-16 px
NGA,NG034003,2026-08-20,2,MFED,0.0,0.0,0.0,0.0,35,0.0,0.0,0.0,0.0,0.0,0.0,0.0,0.0,38,12.610086051227213,,4-16 px
NGA,NG034003,2026-08-20,2,SFED,0.0,0.0,0.0,0.0,35,0.0,0.0,0.0,0.0,0.0,0.0,0.0,0.0,38,12.610086051227213,,4-16 px
NGA,NG034004,2026-08-20,2,MFED,0.0,0.0,0.0,0.0,52,0.0,0.0,0.0,0.0,0.0,0.0,0.0,0.0,51,18.734984990394718,,16-64 px
NGA,NG034004,2026-08-20,2,SFED,0.0,0.0,0.0,0.0,52,0.0,0.0,0.0,0.0,0.0,0.0,0.0,0.0,51,18.734984990394718,,16-64 px
NGA,NG034005,2026-08-20,2,MFED,0.0,0.0,0.0,0.0,32,0.0,0.0,0.0,0.0,0.0,0.0,0.0,0.0,34,11.529221532550595,,4-16 px
NGA,NG034005,2026-08-20,2,SFED,0.0,0.0,0.0,0.0,32,0.0,0.0,0.0,0.0,0.0,0.0,0.0,0.0,34,11.529221532550595,,4-16 px
NGA,NG034006,2026-08-20,2,MFED,0.0,0.0,0.0,0.0,56,0.0,0.0,0.0,0.0,0.0,0.0,0.0,0.0,57,20.176137681963542,,16-64 px
NGA,NG034006,2026-08-20,2,SFED,0.0,0.0,0.0,0.0,56,0.0,0.0,0.0,0.0,0.0,0.0,0.0,0.0,57,20.176137681963542,,16-64 px
NGA,NG034007,2026-08-20,2,MFED,0.0,0.0,0.0,0.0,109,0.0,0.0,0.0,0.0,0.0,0.0,0.0,0.0,110,39.271410845250465,,16-64 px
NGA,NG034007,2026-08-20,2,SFED,0.0,0.0,0.0,0.0,109,0.0,0.0,0.0,0.0,0.0,0.0,0.0,0.0,110,39.271410845250465,,16-64 px
NGA,NG034008,2026-08-20,2,MFED,0.0,0.0,0.0,0.0,35,0.0,0.0,0.0,0.0,0.0,0.0,0.0,0.0,36,12.610086051227213,,4-16 px
NGA,NG034008,2026-08-20,2,SFED,0.0,0.0,0.0,0.0,35,0.0,0.0,0.0,0.0,0.0,0.0,0.0,0.0,36,12.610086051227213,,4-16 px
NGA,NG034009,2026-08-20,2,MFED,0.0,0.0,0.0,0.0,74,0.0,0.0,0.0,0.0,0.0,0.0,0.0,0.0,72,26.66132479402325,,16-64 px
NGA,NG034009,2026-08-20,2,SFED,0.0,0.0,0.0,0.0,74,0.0,0.0,0.0,0.0,0.0,0.0,0.0,0.0,72,26.66132479402325,,16-64 px
NGA,NG034010,2026-08-20,2,MFED,2.2224444e-06,0.0,0.0,0.00010001,90,0.00020002,1.4742029e-05,1.5386006847149182e-06,0.00010001000191550702,0.0,0.0,0.0001340823521946544,1.2308865315638731e-05,87,32.42593556029855,0.3076989081414508,16-64 px
NGA,NG034010,2026-08-20,2,SFED,2.2224444e-06,0.0,0.0,0.00010001,90,0.00020002,1.4742029e-05,1.5386006847149182e-06,0.00010001000191550702,0.0,0.0,0.0001340823521946544,1.2308865315638731e-05,87,32.42593556029855,0.3076989081414508,16-64 px
NGA,NG034011,2026-08-20,2,MFED,0.0,0.0,0.0,0.0,20,0.0,0.0,0.0,0.0,0.0,0.0,0.0,0.0,20,7.205763457844122,,4-16 px
NGA,NG034011,2026-08-20,2,SFED,0.0,0.0,0.0,0.0,20,0.0,0.0,0.0,0.0,0.0,0.0,0.0,0.0,20,7.205763457844122,,4-16 px
NGA,NG034012,2026-08-20,2,MFED,0.0,0.0,0.0,0.0,79,0.0,0.0,0.0,0.0,0.0,0.0,0.0,0.0,80,28.462765658484283,,16-64 px
NGA,NG034012,2026-08-20,2,SFED,0.0,0.0,0.0,0.0,79,0.0,0.0,0.0,0.0,0.0,0.0,0.0,0.0,80,28.462765658484283,,16-64 px
NGA,NG034013,2026-08-20,2,MFED,0.0,0.0,0.0,0.0,80,0.0,0.0,0.0,0.0,0.0,0.0,0.0,0.0,79,28.823053831376487,,16-64 px
NGA,NG034013,2026-08-20,2,SFED,0.0,0.0,0.0,0.0,80,0.0,0.0,0.0,0.0,0.0,0.0,0.0,0.0,79,28.823053831376487,,16-64 px
NGA,NG034014,2026-08-20,2,MFED,0.0,0.0,0.0,0.0,47,0.0,0.0,0.0,0.0,0.0,0.0,0.0,0.0,44,16.933544125933686,,16-64 px
NGA,NG034014,2026-08-20,2,SFED,0.0,0.0,0.0,0.0,47,0.0,0.0,0.0,0.0,0.0,0.0,0.0,0.0,44,16.933544125933686,,16-64 px
NGA,NG034015,2026-08-20,2,MFED,0.0,0.0,0.0,0.0,28,0.0,0.0,0.0,0.0,0.0,0.0,0.0,0.0,27,10.088068840981771,,4-16 px
NGA,NG034015,2026-08-20,2,SFED,0.0,0.0,0.0,0.0,28,0.0,0.0,0.0,0.0,0.0,0.0,0.0,0.0,27,10.088068840981771,,4-16 px
NGA,NG034016,2026-08-20,2,MFED,0.0,0.0,0.0,0.0,2,0.0,0.0,0.0,0.0,0.0,0.0,0.0,0.0,1,0.7205763457844122,,<1 px
NGA,NG034016,2026-08-20,2,SFED,0.0,0.0,0.0,0.0,2,0.0,0.0,0.0,0.0,0.0,0.0,0.0,0.0,1,0.7205763457844122,,<1 px
NGA,NG034017,2026-08-20,2,MFED,0.0,0.0,0.0,0.0,1,0.0,0.0,0.0,0.0,0.0,0.0,0.0,0.0,1,0.3602881728922061,,<1 px
NGA,NG034017,2026-08-20,2,SFED,0.0,0.0,0.0,0.0,1,0.0,0.0,0.0,0.0,0.0,0.0,0.0,0.0,1,0.3602881728922061,,<1 px
NGA,NG034018,2026-08-20,2,MFED,0.0,0.0,0.0,0.0,58,0.0,0.0,0.0,0.0,0.0,0.0,0.0,0.0,61,20.896714027747954,,16-64 px
NGA,NG034018,2026-08-20,2,SFED,0.0,0.0,0.0,0.0,58,0.0,0.0,0.0,0.0,0.0,0.0,0.0,0.0,61,20.896714027747954,,16-64 px
NGA,NG034019,2026-08-20,2,MFED,0.0,0.0,0.0,0.0,80,0.0,0.0,0.0,0.0,0.0,0.0,0.0,0.0,79,28.823053831376487,,16-64 px
NGA,NG034019,2026-08-20,2,SFED,0.0,0.0,0.0,0.0,80,0.0,0.0,0.0,0.0,0.0,0.0,0.0,0.0,79,28.823053831376487,,16-64 px
NGA,NG034020,2026-08-20,2,MFED,0.0,0.0,0.0,0.0,77,0.0,0.0,0.0,0.0,0.0,0.0,0.0,0.0,76,27.74218931269987,,16-64 px
NGA,NG034020,2026-08-20,2,SFED,0.0,0.0,0.0,0.0,77,0.0,0.0,0.0,0.0,0.0,0.0,0.0,0.0,76,27.74218931269987,,16-64 px
NGA,NG034021,2026-08-20,2,MFED,0.0,0.0,0.0,0.0,22,0.0,0.0,0.0,0.0,0.0,0.0,0.0,0.0,22,7.926339803628535,,4-16 px
NGA,NG034021,2026-08-20,2,SFED,0.0,0.0,0.0,0.0,22,0.0,0.0,0.0,0.0,0.0,0.0,0.0,0.0,22,7.926339803628535,,4-16 px
NGA,NG034022,2026-08-20,2,MFED,0.0,0.0,0.0,0.0,24,0.0,0.0,0.0,0.0,0.0,0.0,0.0,0.0,23,8.646916149412947,,4-16 px
NGA,NG034022,2026-08-20,2,SFED,0.0,0.0,0.0,0.0,24,0.0,0.0,0.0,0.0,0.0,0.0,0.0,0.0,23,8.646916149412947,,4-16 px
NGA,NG034023,2026-08-20,2,MFED,0.0,0.0,0.0,0.0,25,0.0,0.0,0.0,0.0,0.0,0.0,0.0,0.0,26,9.007204322305153,,4-16 px
NGA,NG034023,2026-08-20,2,SFED,0.0,0.0,0.0,0.0,25,0.0,0.0,0.0,0.0,0.0,0.0,0.0,0.0,26,9.007204322305153,,4-16 px
NGA,NG035,2026-08-20,1,MFED,0.016804418,0.0,0.0,0.38875225,1919,32.247677,0.042220246,0.017855967631890894,0.3887522518634796,0.0,0.0,34.30112679539901,0.04485004393707082,1921,691.3930037801435,0.06257578405219939,>64 px
NGA,NG035,2026-08-20,1,SFED,0.012019624,0.0,0.0,0.28069997,1919,23.065659,0.036151808,0.012285108647084451,0.2806999683380127,0.0,0.0,23.599565035405046,0.03667576203403083,1921,691.3930037801435,0.022087600001834656,>64 px
NGA,NG035001,2026-08-20,2,MFED,0.038180538,0.0001,0.0,0.2285,74,2.8253598,0.059127323,0.04166396121113955,0.23504699766635895,0.0,9.999999747378752e-05,3.0930928598600587,0.06534240399055255,74,26.66132479402325,0.09123557167108409,16-64 px
NGA,NG035001,2026-08-20,2,SFED,0.03258976,0.0003,0.0,0.1855,74,2.4116423,0.052206323,0.03615119311854291,0.20314061641693115,0.0,0.00010009007382905111,2.6838301990471924,0.05777141422065361,74,26.66132479402325,0.10928074089968466,16-64 px
NGA,NG035002,2026-08-20,2,MFED,0.023575954,0.0004,0.0,0.16325277,296,6.9784827,0.0411018,0.022549018409351116,0.16325277090072632,0.0,0.00039999998989515007,6.7590534651400755,0.03967752128550006,300,106.645299176093,0.043558601728222054,>64 px
NGA,NG035002,2026-08-20,2,SFED,0.017146688,0.0,0.0,0.19432315,296,5.0754194,0.041217368,0.015053879617908852,0.19432315230369568,0.0,0.0,4.512390532841665,0.03730831354247155,300,106.645299176093,0.12205321413039932,>64 px
NGA,NG035003,2026-08-20,2,MFED,0.012145476,0.00010065425,0.0,0.0932,99,1.2024022,0.025337119,0.012562049591440933,0.12760181725025177,0.0,0.0003000000142492354,1.2522990436931902,0.026586527878633987,100,35.66852911632841,0.03429866325872552,16-64 px
NGA,NG035003,2026-08-20,2,SFED,0.0047170953,0.0,0.0,0.0875,99,0.46699244,0.014695951,0.00487391127156692,0.14092817902565002,0.0,0.00019999999494757503,0.48587568294487204,0.016143269826680545,100,35.66852911632841,0.03324418134331949,16-64 px
NGA,NG035004,2026-08-20,2,MFED,0.008265094,0.0,0.0,0.11950199,278,2.297696,0.022442559,0.009297225866802874,0.119501993060112,0.0,0.0,2.5520989707886694,0.02367201876827824,275,100.1601120640333,0.12487841841881929,>64 px
NGA,NG035004,2026-08-20,2,SFED,0.0049622618,0.0,0.0,0.1085,278,1.3795089,0.015466428,0.005591442310543927,0.10849999636411667,0.0,0.0,1.5348572112156837,0.016694030792308346,275,100.1601120640333,0.1267930907119666,>64 px
NGA,NG035005,2026-08-20,2,MFED,0.0385474,0.0010826027,0.0,0.38875225,179,6.8999844,0.062357463,0.041964275299951635,0.3887522518634796,0.0,0.005039370618760586,7.640582584210232,0.06932166150839866,182,64.4915829477049,0.08864087590736684,>64 px
NGA,NG035005,2026-08-20,2,SFED,0.02536393,0.0,0.0,0.2141332,179,4.5401435,0.0507673,0.025708613625169643,0.21413320302963257,0.0,0.0,4.680857327444124,0.04996370827782949,182,64.4915829477049,0.013589519651317584,>64 px
NGA,NG035006,2026-08-20,2,MFED,0.021487674,0.0,0.0,0.14744878,91,1.9553784,0.036151174,0.021615845652773275,0.3887522518634796,0.0,0.0,1.894451147902992,0.03993945813154596,88,32.78622373319076,0.005964891908415785,16-64 px
NGA,NG035006,2026-08-20,2,SFED,0.01730615,0.0,0.0,0.14574125,91,1.5748597,0.030840147,0.015167858701310209,0.14574125409126282,0.0,0.0,1.3293381063831242,0.029327973100064544,88,32.78622373319076,0.1235567297573285,16-64 px
NGA,NG035007,2026-08-20,2,MFED,0.010396225,0.0042113704,0.0,0.045531873,6,0.062377356,0.016158318,0.0120928739942457,0.23504699766635895,0.0,0.007000000216066837,0.07571861822725993,0.0397407592159548,6,2.1617290373532367,0.1631985643101895,1-4 px
NGA,NG035007,2026-08-20,2,SFED,0.011749353,0.0057660923,0.0,0.047633342,6,0.07049612,0.016819913,0.012206194203730763,0.20314061641693115,0.0,0.00559999980032444,0.07642816417006192,0.034500152766437385,6,2.1617290373532367,0.03888224345040639,1-4 px
NGA,NG035008,2026-08-20,2,MFED,0.014627202,0.0,0.0,0.2029186,218,3.1887302,0.041530784,0.015985719119495354,0.24761269986629486,0.0,0.0,3.4785562889229604,0.04341034866113892,218,78.54282169050093,0.09287607564969383,>64 px
NGA,NG035008,2026-08-20,2,SFED,0.0123259835,0.0,0.0,0.1968801,218,2.6870644,0.039131038,0.013418108300779212,0.19688010215759277,0.0,0.0,2.9198339259071378,0.04008420599014263,218,78.54282169050093,0.08860346119879293,>64 px
NGA,NG035009,2026-08-20,2,MFED,0.00010086444,0.0,0.0,0.0023,143,0.014423615,0.00038673187,0.00044096204760545624,0.0917000025510788,0.0,0.0,0.0628176845241701,0.0051397074402797956,142,51.521208723585474,3.3718286405541558,16-64 px
NGA,NG035009,2026-08-20,2,SFED,2.3078883e-05,0.0,0.0,0.0005,143,0.0033002803,8.336831e-05,0.0002151449844060277,0.06019999831914902,0.0,0.0,0.030648691493440253,0.0033617347961554496,142,51.521208723585474,8.322157593416792,16-64 px
NGA,NG035010,2026-08-20,2,MFED,0.08890429,0.06761527,0.0,0.31784692,55,4.889736,0.093175866,0.08436742819302694,0.3178469240665436,0.0,0.029122311621904373,4.600613239349019,0.09544248936001085,55,19.815849509071338,0.0510308535951759,16-64 px
NGA,NG035010,2026-08-20,2,SFED,0.06800665,0.039459188,0.0,0.28069997,55,3.7403655,0.08065216,0.06345245398528179,0.2806999683380127,0.0,0.015418502502143383,3.4601054711064356,0.08227783371067084,55,19.815849509071338,0.06696692183364729,16-64 px
NGA,NG035011,2026-08-20,2,MFED,0.0014784454,0.0,0.0,0.06975096,148,0.2188099,0.008313754,0.002020673015973933,0.06975095719099045,0.0,0.0,0.30389824237314655,0.009883782764474507,150,53.3226495880465,0.3667552524928772,16-64 px
NGA,NG035011,2026-08-20,2,SFED,0.0,0.0,0.0,0.0,148,0.0,0.0,0.0,0.0,0.0,0.0,0.0,0.0,150,53.3226495880465,,16-64 px
NGA,NG035012,2026-08-20,2,MFED,0.0073344274,0.0,0.0,0.21519628,78,0.5720853,0.030049507,0.011583470972222345,0.21519628167152405,0.0,0.0,0.9051648548462727,0.04128250213870877,78,28.102477485592075,0.5793286020149773,16-64 px
NGA,NG035012,2026-08-20,2,SFED,0.006586692,0.0,0.0,0.19465803,78,0.513762,0.028879298,0.010654912287741942,0.19465802609920502,0.0,0.0,0.832604679328114,0.03911454095235158,78,28.102477485592075,0.6176424049799114,16-64 px
NGA,NG035013,2026-08-20,2,MFED,0.012236239,0.0,0.0,0.20052399,46,0.562867,0.041140992,0.018351793352399694,0.21519628167152405,0.0,0.0,0.8982416527669179,0.052480915556042056,49,16.573255953041482,0.49979036470272403,16-64 px
NGA,NG035013,2026-08-20,2,SFED,0.010532853,0.0,0.0,0.1907497,46,0.48451123,0.03887963,0.01674488902783165,0.19465802609920502,0.0,0.0,0.8195905711738719,0.049994703472135006,49,16.573255953041482,0.5897771503914133,16-64 px
NGA,NG035014,2026-08-20,2,MFED,0.0041040443,0.0,0.0,0.16740398,130,0.53352576,0.021768019,0.0056211800494803356,0.16740398108959198,0.0,0.0,0.725862603937128,0.025835574956335244,129,46.8374624759868,0.36966846324742053,16-64 px
NGA,NG035014,2026-08-20,2,SFED,0.00067374523,0.0,0.0,0.0517,130,0.08758688,0.004743196,0.0014859418831727872,0.05169999971985817,0.0,0.0,0.19187957601869593,0.00760289084585225,129,46.8374624759868,1.2054952183821581,16-64 px
NGA,NG035015,2026-08-20,2,MFED,0.00099811,0.0,0.0,0.0199,43,0.04291873,0.0033148068,0.0013429335574616952,0.019899999722838402,0.0,0.0,0.05619521914625023,0.003839147000967455,42,15.492391434364864,0.3454765080619323,4-16 px
NGA,NG035015,2026-08-20,2,SFED,0.0006977849,0.0,0.0,0.009600961,43,0.03000475,0.0021992647,0.0009875670255933384,0.011330592446029186,0.0,0.0,0.041324863107690346,0.0025830028319300783,42,15.492391434364864,0.4152886162961371,4-16 px
NGA,NG035016,2026-08-20,2,MFED,8.285714e-05,0.0,0.0,0.0009,35,0.0029,0.000222307,7.341238741643313e-05,0.0008999999845400453,0.0,0.0,0.0024802693423961815,0.00022766165747231497,34,12.610086051227213,0.11398839718057943,4-16 px
NGA,NG035016,2026-08-20,2,SFED,0.0,0.0,0.0,0.0,35,0.0,0.0,0.0,0.0,0.0,0.0,0.0,0.0,34,12.610086051227213,,4-16 px
NGA,NG036,2026-08-20,1,MFED,0.01485931,0.0,0.0,0.33336672,1486,22.080935,0.052319624,0.01516178638233038,0.333366721868515,0.0,0.0,22.60130072776635,0.0527344787887021,1491,535.3882249178183,0.020356018033837277,>64 px
NGA,NG036,2026-08-20,1,SFED,0.00033417196,0.0,0.0,0.189,1486,0.49657956,0.0055081714,0.0006478334315882098,0.1889999955892563,0.0,0.0,0.9657093062523092,0.008860036510656031,1491,535.3882249178183,0.938622952052021,>64 px
NGA,NG036001,2026-08-20,2,MFED,0.06655484,0.00561066,0.0,0.3081,28,1.8635355,0.09386955,0.06530000407528472,0.30809998512268066,0.0,0.005610660184174776,1.812329882980621,0.09848859340172328,28,10.088068840981771,0.018854164846843387,4-16 px
NGA,NG036001,2026-08-20,2,SFED,0.0006974591,0.0,0.0,0.004509018,28,0.019528855,0.0015281169,0.0006256476010943305,0.004509017802774906,0.0,0.0,0.017364161912932472,0.001407770555780306,28,10.088068840981771,0.10296159144768426,4-16 px
NGA,NG036002,2026-08-20,2,MFED,0.071215406,0.0,0.0,0.33336672,125,8.901925,0.1011485,0.07128278765081665,0.333366721868515,0.0,0.0007033761939965189,9.057509140170891,0.09815328042007156,127,45.03602161152576,0.0009461667720697375,16-64 px
NGA,NG036002,2026-08-20,2,SFED,0.00020909302,0.0,0.0,0.00691175,125,0.026136627,0.00090249284,0.00029932393362242204,0.1889999955892563,0.0,0.0,0.03803343491471791,0.0033471115935118775,127,45.03602161152576,0.43153479548203966,16-64 px
NGA,NG036003,2026-08-20,2,MFED,0.0,0.0,0.0,0.0,80,0.0,0.0,5.0267047845204595e-08,0.00019999999494757503,0.0,0.0,3.909363002167263e-06,3.170312687886064e-06,78,28.823053831376487,,16-64 px
NGA,NG036003,2026-08-20,2,SFED,0.0,0.0,0.0,0.0,80,0.0,0.0,0.0,0.0,0.0,0.0,0.0,0.0,78,28.823053831376487,,16-64 px
NGA,NG036004,2026-08-20,2,MFED,0.0,0.0,0.0,0.0,71,0.0,0.0,0.0,0.0,0.0,0.0,0.0,0.0,71,25.580460275346635,,16-64 px
NGA,NG036004,2026-08-20,2,SFED,0.0,0.0,0.0,0.0,71,0.0,0.0,0.0,0.0,0.0,0.0,0.0,0.0,71,25.580460275346635,,16-64 px
NGA,NG036005,2026-08-20,2,MFED,9.611277e-05,0.0,0.0,0.0168,180,0.0173003,0.0012486599,1.8080635153174877e-05,0.01679999940097332,0.0,0.0,0.0032849227391496204,0.0004900467099781077,182,64.8518711205971,0.8118810314885849,>64 px
NGA,NG036005,2026-08-20,2,SFED,0.0,0.0,0.0,0.0,180,0.0,0.0,0.0,0.0,0.0,0.0,0.0,0.0,182,64.8518711205971,,>64 px
NGA,NG036006,2026-08-20,2,MFED,0.022855094,0.0,0.0,0.33336672,128,2.925452,0.06724111,0.022004131114048302,0.333366721868515,0.0,0.0,2.813159455195982,0.06774189600653557,128,46.11688613020238,0.03723296373017314,16-64 px
NGA,NG036006,2026-08-20,2,SFED,0.0023086956,0.0,0.0,0.189,128,0.29551303,0.016762007,0.004877135105986143,0.1889999955892563,0.0,0.0,0.6235264944823786,0.02736284470937905,128,46.11688613020238,1.1125067791466934,16-64 px
NGA,NG036007,2026-08-20,2,MFED,0.0,0.0,0.0,0.0,113,0.0,0.0,0.0,0.0,0.0,0.0,0.0,0.0,115,40.71256353681929,,16-64 px
NGA,NG036007,2026-08-20,2,SFED,0.0,0.0,0.0,0.0,113,0.0,0.0,0.0,0.0,0.0,0.0,0.0,0.0,115,40.71256353681929,,16-64 px
NGA,NG036008,2026-08-20,2,MFED,0.0,0.0,0.0,0.0,72,0.0,0.0,0.0,0.0,0.0,0.0,0.0,0.0,70,25.94074844823884,,16-64 px
NGA,NG036008,2026-08-20,2,SFED,0.0,0.0,0.0,0.0,72,0.0,0.0,0.0,0.0,0.0,0.0,0.0,0.0,70,25.94074844823884,,16-64 px
NGA,NG036009,2026-08-20,2,MFED,0.06582822,0.01755,0.0,0.3235,114,7.5044174,0.08455823,0.06767726497260243,0.32350000739097595,0.0,0.028200000524520874,7.944355007392805,0.08542815183631788,117,41.0728517097115,0.028088940770423735,16-64 px
NGA,NG036009,2026-08-20,2,SFED,0.0011382904,0.0,0.0,0.087043524,114,0.1297651,0.008334191,0.0020759096104793905,0.08704352378845215,0.0,0.0,0.2436824673039476,0.011760779038476525,117,41.0728517097115,0.8237082650256827,16-64 px
NGA,NG036010,2026-08-20,2,MFED,0.0003872593,0.0,0.0,0.0056309705,46,0.017813927,0.0011881324,0.0003354757498291311,0.00563097046688199,0.0,0.0,0.014892370363807875,0.0010943128448686538,44,16.573255953041482,0.1337180286461007,16-64 px
NGA,NG036010,2026-08-20,2,SFED,0.0,0.0,0.0,0.0,46,0.0,0.0,6.357392814362057e-06,0.0030009003821760416,0.0,0.0,0.00028221607191551874,0.00012925948675436165,44,16.573255953041482,,16-64 px
NGA,NG036011,2026-08-20,2,MFED,0.0,0.0,0.0,0.0,43,0.0,0.0,0.0,0.0,0.0,0.0,0.0,0.0,43,15.492391434364864,,4-16 px
NGA,NG036011,2026-08-20,2,SFED,0.0,0.0,0.0,0.0,43,0.0,0.0,0.0,0.0,0.0,0.0,0.0,0.0,43,15.492391434364864,,4-16 px
NGA,NG036012,2026-08-20,2,MFED,0.00046666665,0.0,0.0,0.0168,36,0.0168,0.002760837,0.0001296904725559792,0.01679999940097332,0.0,0.0,0.004492481364447288,0.0012328167652194996,35,12.97037422411942,0.7220918345976102,4-16 px
NGA,NG036012,2026-08-20,2,SFED,0.0,0.0,0.0,0.0,36,0.0,0.0,0.0,0.0,0.0,0.0,0.0,0.0,35,12.97037422411942,,4-16 px
NGA,NG036013,2026-08-20,2,MFED,0.0,0.0,0.0,0.0,25,0.0,0.0,0.0,0.0,0.0,0.0,0.0,0.0,27,9.007204322305153,,4-16 px
NGA,NG036013,2026-08-20,2,SFED,0.0,0.0,0.0,0.0,25,0.0,0.0,1.4261492232115386e-07,9.999999747378752e-05,0.0,0.0,3.881175490355741e-06,3.773745202815251e-06,27,9.007204322305153,,4-16 px
NGA,NG036014,2026-08-20,2,MFED,0.0,0.0,0.0,0.0,17,0.0,0.0,0.0,0.0,0.0,0.0,0.0,0.0,19,6.124898939167504,,4-16 px
NGA,NG036014,2026-08-20,2,SFED,0.0,0.0,0.0,0.0,17,0.0,0.0,0.0,0.0,0.0,0.0,0.0,0.0,19,6.124898939167504,,4-16 px
NGA,NG036015,2026-08-20,2,MFED,5.94783e-05,0.0,0.0,0.0028,153,0.00910018,0.00031528357,5.8794128141941516e-05,0.00279999990016222,0.0,0.0,0.008842016836989175,0.00033998731274188906,150,55.12409045250754,0.011502881858736498,16-64 px
NGA,NG036015,2026-08-20,2,SFED,0.0,0.0,0.0,0.0,153,0.0,0.0,0.0,0.0,0.0,0.0,0.0,0.0,150,55.12409045250754,,16-64 px
NGA,NG036016,2026-08-20,2,MFED,0.00636039,0.0,0.0,0.2738119,129,0.8204903,0.034284562,0.007362810677087054,0.2738119065761566,0.0,0.0,0.9366140767871886,0.03769856669973634,127,46.477174303094586,0.15760364963265686,16-64 px
NGA,NG036016,2026-08-20,2,SFED,0.00019872811,0.0,0.0,0.017664975,129,0.025635928,0.0016424002,0.0003365856143197846,0.017664974555373192,0.0,0.0,0.04281664139443775,0.0022124140273867663,127,46.477174303094586,0.6936990661249914,16-64 px
NGA,NG036017,2026-08-20,2,MFED,3.2539683e-05,0.0,0.0,0.0019,126,0.0041,0.000237657,4.513455160141706e-05,0.0019000000320374966,0.0,0.0,0.005817475682176719,0.0002769439255096117,129,45.39630978441797,0.38706181008023516,16-64 px
NGA,NG036017,2026-08-20,2,SFED,0.0,0.0,0.0,0.0,126,0.0,0.0,0.0,0.0,0.0,0.0,0.0,0.0,129,45.39630978441797,,16-64 px
NGA,NG037,2026-08-20,1,MFED,0.0,0.0,0.0,0.0,1114,0.0,0.0,0.0,0.0,0.0,0.0,0.0,0.0,1113,401.3610246019176,,>64 px
NGA,NG037,2026-08-20,1,SFED,0.0,0.0,0.0,0.0,1114,0.0,0.0,0.0,0.0,0.0,0.0,0.0,0.0,1113,401.3610246019176,,>64 px
NGA,NG037001,2026-08-20,2,MFED,0.0,0.0,0.0,0.0,83,0.0,0.0,0.0,0.0,0.0,0.0,0.0,0.0,85,29.903918350053107,,16-64 px
NGA,NG037001,2026-08-20,2,SFED,0.0,0.0,0.0,0.0,83,0.0,0.0,0.0,0.0,0.0,0.0,0.0,0.0,85,29.903918350053107,,16-64 px
NGA,NG037002,2026-08-20,2,MFED,0.0,0.0,0.0,0.0,48,0.0,0.0,0.0,0.0,0.0,0.0,0.0,0.0,50,17.293832298825894,,16-64 px
NGA,NG037002,2026-08-20,2,SFED,0.0,0.0,0.0,0.0,48,0.0,0.0,0.0,0.0,0.0,0.0,0.0,0.0,50,17.293832298825894,,16-64 px
NGA,NG037003,2026-08-20,2,MFED,0.0,0.0,0.0,0.0,40,0.0,0.0,0.0,0.0,0.0,0.0,0.0,0.0,41,14.411526915688244,,4-16 px
NGA,NG037003,2026-08-20,2,SFED,0.0,0.0,0.0,0.0,40,0.0,0.0,0.0,0.0,0.0,0.0,0.0,0.0,41,14.411526915688244,,4-16 px
NGA,NG037004,2026-08-20,2,MFED,0.0,0.0,0.0,0.0,110,0.0,0.0,0.0,0.0,0.0,0.0,0.0,0.0,109,39.631699018142676,,16-64 px
NGA,NG037004,2026-08-20,2,SFED,0.0,0.0,0.0,0.0,110,0.0,0.0,0.0,0.0,0.0,0.0,0.0,0.0,109,39.631699018142676,,16-64 px
NGA,NG037005,2026-08-20,2,MFED,0.0,0.0,0.0,0.0,67,0.0,0.0,0.0,0.0,0.0,0.0,0.0,0.0,67,24.13930758377781,,16-64 px
NGA,NG037005,2026-08-20,2,SFED,0.0,0.0,0.0,0.0,67,0.0,0.0,0.0,0.0,0.0,0.0,0.0,0.0,67,24.13930758377781,,16-64 px
NGA,NG037006,2026-08-20,2,MFED,0.0,0.0,0.0,0.0,86,0.0,0.0,0.0,0.0,0.0,0.0,0.0,0.0,87,30.984782868729727,,16-64 px
NGA,NG037006,2026-08-20,2,SFED,0.0,0.0,0.0,0.0,86,0.0,0.0,0.0,0.0,0.0,0.0,0.0,0.0,87,30.984782868729727,,16-64 px
NGA,NG037007,2026-08-20,2,MFED,0.0,0.0,0.0,0.0,90,0.0,0.0,0.0,0.0,0.0,0.0,0.0,0.0,90,32.42593556029855,,16-64 px
NGA,NG037007,2026-08-20,2,SFED,0.0,0.0,0.0,0.0,90,0.0,0.0,0.0,0.0,0.0,0.0,0.0,0.0,90,32.42593556029855,,16-64 px
NGA,NG037008,2026-08-20,2,MFED,0.0,0.0,0.0,0.0,30,0.0,0.0,0.0,0.0,0.0,0.0,0.0,0.0,29,10.808645186766183,,4-16 px
NGA,NG037008,2026-08-20,2,SFED,0.0,0.0,0.0,0.0,30,0.0,0.0,0.0,0.0,0.0,0.0,0.0,0.0,29,10.808645186766183,,4-16 px
NGA,NG037009,2026-08-20,2,MFED,0.0,0.0,0.0,0.0,93,0.0,0.0,0.0,0.0,0.0,0.0,0.0,0.0,92,33.50680007897517,,16-64 px
NGA,NG037009,2026-08-20,2,SFED,0.0,0.0,0.0,0.0,93,0.0,0.0,0.0,0.0,0.0,0.0,0.0,0.0,92,33.50680007897517,,16-64 px
NGA,NG037010,2026-08-20,2,MFED,0.0,0.0,0.0,0.0,240,0.0,0.0,0.0,0.0,0.0,0.0,0.0,0.0,239,86.46916149412947,,>64 px
NGA,NG037010,2026-08-20,2,SFED,0.0,0.0,0.0,0.0,240,0.0,0.0,0.0,0.0,0.0,0.0,0.0,0.0,239,86.46916149412947,,>64 px
NGA,NG037011,2026-08-20,2,MFED,0.0,0.0,0.0,0.0,25,0.0,0.0,0.0,0.0,0.0,0.0,0.0,0.0,26,9.007204322305153,,4-16 px
NGA,NG037011,2026-08-20,2,SFED,0.0,0.0,0.0,0.0,25,0.0,0.0,0.0,0.0,0.0,0.0,0.0,0.0,26,9.007204322305153,,4-16 px
NGA,NG037012,2026-08-20,2,MFED,0.0,0.0,0.0,0.0,50,0.0,0.0,0.0,0.0,0.0,0.0,0.0,0.0,49,18.014408644610306,,16-64 px
NGA,NG037012,2026-08-20,2,SFED,0.0,0.0,0.0,0.0,50,0.0,0.0,0.0,0.0,0.0,0.0,0.0,0.0,49,18.014408644610306,,16-64 px
NGA,NG037013,2026-08-20,2,MFED,0.0,0.0,0.0,0.0,60,0.0,0.0,0.0,0.0,0.0,0.0,0.0,0.0,60,21.617290373532366,,16-64 px
NGA,NG037013,2026-08-20,2,SFED,0.0,0.0,0.0,0.0,60,0.0,0.0,0.0,0.0,0.0,0.0,0.0,0.0,60,21.617290373532366,,16-64 px
NGA,NG037014,2026-08-20,2,MFED,0.0,0.0,0.0,0.0,92,0.0,0.0,0.0,0.0,0.0,0.0,0.0,0.0,89,33.146511906082964,,16-64 px
NGA,NG037014,2026-08-20,2,SFED,0.0,0.0,0.0,0.0,92,0.0,0.0,0.0,0.0,0.0,0.0,0.0,0.0,89,33.146511906082964,,16-64 px
SOM,SO,2026-08-20,0,MFED,0.00031584452,0.0,0.0,0.3554,20661,6.5256634,0.008501695,0.0002803756107772284,0.3553999960422516,0.0,0.0,5.809684605205393,0.00790096080555758,20721,7443.913940125871,0.11229863738896466,>64 px
SOM,SO,2026-08-20,0,SFED,1.3745705e-06,0.0,0.0,0.0035,20661,0.0284,5.3175147e-05,1.072445338840433e-06,0.0035000001080334187,0.0,0.0,0.022222222388437435,4.467974242341981e-05,20721,7443.913940125871,0.21979604622648816,>64 px
SOM,SO11,2026-08-20,1,MFED,4.750958e-05,0.0,0.0,0.0216,522,0.0248,0.0009460766,6.924937432894512e-05,0.24500000476837158,0.0,0.0,0.03634828784699337,0.002229006984476041,525,188.07042624973158,0.4575875924170476,>64 px
SOM,SO11,2026-08-20,1,SFED,0.0,0.0,0.0,0.0,522,0.0,0.0,0.0,0.0,0.0,0.0,0.0,0.0,525,188.07042624973158,,>64 px
SOM,SO1101,2026-08-20,2,MFED,3.0097088e-05,0.0,0.0,0.0009,103,0.0031,0.00012985051,0.00027230531939212557,0.24500000476837158,0.0,0.0,0.027742650964463152,0.00487641494140708,102,37.10968180789723,8.047563651078987,16-64 px
SOM,SO1101,2026-08-20,2,SFED,0.0,0.0,0.0,0.0,103,0.0,0.0,0.0,0.0,0.0,0.0,0.0,0.0,102,37.10968180789723,,16-64 px
SOM,SO1102,2026-08-20,2,MFED,0.00019375,0.0,0.0,0.0216,112,0.0217,0.0020318131,7.619616761340059e-05,0.02160000056028366,0.0,0.0,0.008605637776599912,0.001260839219114136,113,40.352275363927085,0.6067294574792228,16-64 px
SOM,SO1102,2026-08-20,2,SFED,0.0,0.0,0.0,0.0,112,0.0,0.0,0.0,0.0,0.0,0.0,0.0,0.0,113,40.352275363927085,,16-64 px
SOM,SO1103,2026-08-20,2,MFED,0.0,0.0,0.0,0.0,110,0.0,0.0,0.0,0.0,0.0,0.0,0.0,0.0,110,39.631699018142676,,16-64 px
SOM,SO1103,2026-08-20,2,SFED,0.0,0.0,0.0,0.0,110,0.0,0.0,0.0,0.0,0.0,0.0,0.0,0.0,110,39.631699018142676,,16-64 px
SOM,SO1104,2026-08-20,2,MFED,0.0,0.0,0.0,0.0,197,0.0,0.0,0.0,0.0,0.0,0.0,0.0,0.0,200,70.9767700597646,,>64 px
SOM,SO1104,2026-08-20,2,SFED,0.0,0.0,0.0,0.0,197,0.0,0.0,0.0,0.0,0.0,0.0,0.0,0.0,200,70.9767700597646,,>64 px
SOM,SO12,2026-08-20,1,MFED,0.002476865,0.0,0.0,0.3501,925,2.2911,0.026271254,0.00208835725295272,0.35010001063346863,0.0,0.0,1.9451305939760937,0.023740534489114142,931,333.26655992529066,0.1568546315795492,>64 px
SOM,SO12,2026-08-20,1,SFED,0.0,0.0,0.0,0.0,925,0.0,0.0,0.0,0.0,0.0,0.0,0.0,0.0,931,333.26655992529066,,>64 px
SOM,SO1201,2026-08-20,2,MFED,1.9911504e-06,0.0,0.0,0.0004,452,0.0009,2.6946684e-05,2.7691052608960384e-06,0.00039999998989515007,0.0,0.0,0.00125050426923573,3.1566239361810384e-05,452,162.85025414727716,0.3907062273628542,>64 px
SOM,SO1201,2026-08-20,2,SFED,0.0,0.0,0.0,0.0,452,0.0,0.0,0.0,0.0,0.0,0.0,0.0,0.0,452,162.85025414727716,,>64 px
SOM,SO1202,2026-08-20,2,MFED,0.0,0.0,0.0,0.0,331,0.0,0.0,0.0,0.0,0.0,0.0,0.0,0.0,339,119.25538522732022,,>64 px
SOM,SO1202,2026-08-20,2,SFED,0.0,0.0,0.0,0.0,331,0.0,0.0,0.0,0.0,0.0,0.0,0.0,0.0,339,119.25538522732022,,>64 px
SOM,SO1203,2026-08-20,2,MFED,0.01612817,0.0,0.0,0.3501,142,2.2902,0.06538903,0.013781559323332004,0.35010001063346863,0.0,0.0,1.9438800897192754,0.05967136403354511,141,51.16092055069327,0.14549764025726394,16-64 px
SOM,SO1203,2026-08-20,2,SFED,0.0,0.0,0.0,0.0,142,0.0,0.0,0.0,0.0,0.0,0.0,0.0,0.0,141,51.16092055069327,,16-64 px
SOM,SO13,2026-08-20,1,MFED,0.0,0.0,0.0,0.0,1113,0.0,0.0,0.0,0.0,0.0,0.0,0.0,0.0,1124,401.0007364290254,,>64 px
SOM,SO13,2026-08-20,1,SFED,0.0,0.0,0.0,0.0,1113,0.0,0.0,0.0,0.0,0.0,0.0,0.0,0.0,1124,401.0007364290254,,>64 px
SOM,SO1301,2026-08-20,2,MFED,0.0,0.0,0.0,0.0,527,0.0,0.0,0.0,0.0,0.0,0.0,0.0,0.0,529,189.8718671141926,,>64 px
SOM,SO1301,2026-08-20,2,SFED,0.0,0.0,0.0,0.0,527,0.0,0.0,0.0,0.0,0.0,0.0,0.0,0.0,529,189.8718671141926,,>64 px
SOM,SO1302,2026-08-20,2,MFED,0.0,0.0,0.0,0.0,219,0.0,0.0,0.0,0.0,0.0,0.0,0.0,0.0,223,78.90310986339314,,>64 px
SOM,SO1302,2026-08-20,2,SFED,0.0,0.0,0.0,0.0,219,0.0,0.0,0.0,0.0,0.0,0.0,0.0,0.0,223,78.90310986339314,,>64 px
SOM,SO1303,2026-08-20,2,MFED,0.0,0.0,0.0,0.0,271,0.0,0.0,0.0,0.0,0.0,0.0,0.0,0.0,275,97.63809485378786,,>64 px
SOM,SO1303,2026-08-20,2,SFED,0.0,0.0,0.0,0.0,271,0.0,0.0,0.0,0.0,0.0,0.0,0.0,0.0,275,97.63809485378786,,>64 px
SOM,SO1304,2026-08-20,2,MFED,0.0,0.0,0.0,0.0,96,0.0,0.0,0.0,0.0,0.0,0.0,0.0,0.0,98,34.58766459765179,,16-64 px
SOM,SO1304,2026-08-20,2,SFED,0.0,0.0,0.0,0.0,96,0.0,0.0,0.0,0.0,0.0,0.0,0.0,0.0,98,34.58766459765179,,16-64 px
SOM,SO14,2026-08-20,1,MFED,0.0,0.0,0.0,0.0,1227,0.0,0.0,0.0,0.0,0.0,0.0,0.0,0.0,1228,442.0735881387369,,>64 px
SOM,SO14,2026-08-20,1,SFED,0.0,0.0,0.0,0.0,1227,0.0,0.0,0.0,0.0,0.0,0.0,0.0,0.0,1228,442.0735881387369,,>64 px
SOM,SO1401,2026-08-20,2,MFED,0.0,0.0,0.0,0.0,386,0.0,0.0,0.0,0.0,0.0,0.0,0.0,0.0,380,139.07123473639157,,>64 px
SOM,SO1401,2026-08-20,2,SFED,0.0,0.0,0.0,0.0,386,0.0,0.0,0.0,0.0,0.0,0.0,0.0,0.0,380,139.07123473639157,,>64 px
SOM,SO1402,2026-08-20,2,MFED,0.0,0.0,0.0,0.0,266,0.0,0.0,0.0,0.0,0.0,0.0,0.0,0.0,266,95.83665398932682,,>64 px
SOM,SO1402,2026-08-20,2,SFED,0.0,0.0,0.0,0.0,266,0.0,0.0,0.0,0.0,0.0,0.0,0.0,0.0,266,95.83665398932682,,>64 px
SOM,SO1403,2026-08-20,2,MFED,0.0,0.0,0.0,0.0,274,0.0,0.0,0.0,0.0,0.0,0.0,0.0,0.0,283,98.71895937246447,,>64 px
SOM,SO1403,2026-08-20,2,SFED,0.0,0.0,0.0,0.0,274,0.0,0.0,0.0,0.0,0.0,0.0,0.0,0.0,283,98.71895937246447,,>64 px
SOM,SO1404,2026-08-20,2,MFED,0.0,0.0,0.0,0.0,301,0.0,0.0,0.0,0.0,0.0,0.0,0.0,0.0,300,108.44674004055403,,>64 px
SOM,SO1404,2026-08-20,2,SFED,0.0,0.0,0.0,0.0,301,0.0,0.0,0.0,0.0,0.0,0.0,0.0,0.0,300,108.44674004055403,,>64 px
SOM,SO15,2026-08-20,1,MFED,0.0,0.0,0.0,0.0,1775,0.0,0.0,0.0,0.0,0.0,0.0,0.0,0.0,1777,639.5115068836659,,>64 px
SOM,SO15,2026-08-20,1,SFED,0.0,0.0,0.0,0.0,1775,0.0,0.0,0.0,0.0,0.0,0.0,0.0,0.0,1777,639.5115068836659,,>64 px
SOM,SO1501,2026-08-20,2,MFED,0.0,0.0,0.0,0.0,855,0.0,0.0,0.0,0.0,0.0,0.0,0.0,0.0,857,308.0463878228362,,>64 px
SOM,SO1501,2026-08-20,2,SFED,0.0,0.0,0.0,0.0,855,0.0,0.0,0.0,0.0,0.0,0.0,0.0,0.0,857,308.0463878228362,,>64 px
SOM,SO1502,2026-08-20,2,MFED,0.0,0.0,0.0,0.0,518,0.0,0.0,0.0,0.0,0.0,0.0,0.0,0.0,517,186.62927355816277,,>64 px
SOM,SO1502,2026-08-20,2,SFED,0.0,0.0,0.0,0.0,518,0.0,0.0,0.0,0.0,0.0,0.0,0.0,0.0,517,186.62927355816277,,>64 px
SOM,SO1503,2026-08-20,2,MFED,0.0,0.0,0.0,0.0,402,0.0,0.0,0.0,0.0,0.0,0.0,0.0,0.0,402,144.83584550266687,,>64 px
SOM,SO1503,2026-08-20,2,SFED,0.0,0.0,0.0,0.0,402,0.0,0.0,0.0,0.0,0.0,0.0,0.0,0.0,402,144.83584550266687,,>64 px
SOM,SO16,2026-08-20,1,MFED,0.0,0.0,0.0,0.0,2243,0.0,0.0,0.0,0.0,0.0,0.0,0.0,0.0,2247,808.1263717972183,,>64 px
SOM,SO16,2026-08-20,1,SFED,0.0,0.0,0.0,0.0,2243,0.0,0.0,0.0,0.0,0.0,0.0,0.0,0.0,2247,808.1263717972183,,>64 px
SOM,SO1601,2026-08-20,2,MFED,0.0,0.0,0.0,0.0,262,0.0,0.0,0.0,0.0,0.0,0.0,0.0,0.0,261,94.395501297758,,>64 px
SOM,SO1601,2026-08-20,2,SFED,0.0,0.0,0.0,0.0,262,0.0,0.0,0.0,0.0,0.0,0.0,0.0,0.0,261,94.395501297758,,>64 px
SOM,SO1602,2026-08-20,2,MFED,0.0,0.0,0.0,0.0,364,0.0,0.0,0.0,0.0,0.0,0.0,0.0,0.0,372,131.14489493276304,,>64 px
SOM,SO1602,2026-08-20,2,SFED,0.0,0.0,0.0,0.0,364,0.0,0.0,0.0,0.0,0.0,0.0,0.0,0.0,372,131.14489493276304,,>64 px
SOM,SO1603,2026-08-20,2,MFED,0.0,0.0,0.0,0.0,152,0.0,0.0,0.0,0.0,0.0,0.0,0.0,0.0,150,54.76380227961533,,16-64 px
SOM,SO1603,2026-08-20,2,SFED,0.0,0.0,0.0,0.0,152,0.0,0.0,0.0,0.0,0.0,0.0,0.0,0.0,150,54.76380227961533,,16-64 px
SOM,SO1604,2026-08-20,2,MFED,0.0,0.0,0.0,0.0,605,0.0,0.0,0.0,0.0,0.0,0.0,0.0,0.0,606,217.9743445997847,,>64 px
SOM,SO1604,2026-08-20,2,SFED,0.0,0.0,0.0,0.0,605,0.0,0.0,0.0,0.0,0.0,0.0,0.0,0.0,606,217.9743445997847,,>64 px
SOM,SO1605,2026-08-20,2,MFED,0.0,0.0,0.0,0.0,248,0.0,0.0,0.0,0.0,0.0,0.0,0.0,0.0,245,89.35146687726711,,>64 px
SOM,SO1605,2026-08-20,2,SFED,0.0,0.0,0.0,0.0,248,0.0,0.0,0.0,0.0,0.0,0.0,0.0,0.0,245,89.35146687726711,,>64 px
SOM,SO1606,2026-08-20,2,MFED,0.0,0.0,0.0,0.0,612,0.0,0.0,0.0,0.0,0.0,0.0,0.0,0.0,614,220.49636181003015,,>64 px
SOM,SO1606,2026-08-20,2,SFED,0.0,0.0,0.0,0.0,612,0.0,0.0,0.0,0.0,0.0,0.0,0.0,0.0,614,220.49636181003015,,>64 px
SOM,SO17,2026-08-20,1,MFED,0.0,0.0,0.0,0.0,902,0.0,0.0,0.0,0.0,0.0,0.0,0.0,0.0,905,324.9799319487699,,>64 px
SOM,SO17,2026-08-20,1,SFED,0.0,0.0,0.0,0.0,902,0.0,0.0,0.0,0.0,0.0,0.0,0.0,0.0,905,324.9799319487699,,>64 px
SOM,SO1701,2026-08-20,2,MFED,0.0,0.0,0.0,0.0,284,0.0,0.0,0.0,0.0,0.0,0.0,0.0,0.0,282,102.32184110138654,,>64 px
SOM,SO1701,2026-08-20,2,SFED,0.0,0.0,0.0,0.0,284,0.0,0.0,0.0,0.0,0.0,0.0,0.0,0.0,282,102.32184110138654,,>64 px
SOM,SO1702,2026-08-20,2,MFED,0.0,0.0,0.0,0.0,316,0.0,0.0,0.0,0.0,0.0,0.0,0.0,0.0,317,113.85106263393713,,>64 px
SOM,SO1702,2026-08-20,2,SFED,0.0,0.0,0.0,0.0,316,0.0,0.0,0.0,0.0,0.0,0.0,0.0,0.0,317,113.85106263393713,,>64 px
SOM,SO1703,2026-08-20,2,MFED,0.0,0.0,0.0,0.0,302,0.0,0.0,0.0,0.0,0.0,0.0,0.0,0.0,305,108.80702821344624,,>64 px
SOM,SO1703,2026-08-20,2,SFED,0.0,0.0,0.0,0.0,302,0.0,0.0,0.0,0.0,0.0,0.0,0.0,0.0,305,108.80702821344624,,>64 px
SOM,SO18,2026-08-20,1,MFED,0.0,0.0,0.0,0.0,1921,0.0,0.0,0.0,0.0,0.0,0.0,0.0,0.0,1920,692.1135801259279,,>64 px
SOM,SO18,2026-08-20,1,SFED,0.0,0.0,0.0,0.0,1921,0.0,0.0,0.0,0.0,0.0,0.0,0.0,0.0,1920,692.1135801259279,,>64 px
SOM,SO1801,2026-08-20,2,MFED,0.0,0.0,0.0,0.0,501,0.0,0.0,0.0,0.0,0.0,0.0,0.0,0.0,498,180.50437461899526,,>64 px
SOM,SO1801,2026-08-20,2,SFED,0.0,0.0,0.0,0.0,501,0.0,0.0,0.0,0.0,0.0,0.0,0.0,0.0,498,180.50437461899526,,>64 px
SOM,SO1802,2026-08-20,2,MFED,0.0,0.0,0.0,0.0,67,0.0,0.0,0.0,0.0,0.0,0.0,0.0,0.0,65,24.13930758377781,,16-64 px
SOM,SO1802,2026-08-20,2,SFED,0.0,0.0,0.0,0.0,67,0.0,0.0,0.0,0.0,0.0,0.0,0.0,0.0,65,24.13930758377781,,16-64 px
SOM,SO1803,2026-08-20,2,MFED,0.0,0.0,0.0,0.0,827,0.0,0.0,0.0,0.0,0.0,0.0,0.0,0.0,831,297.95831898185446,,>64 px
SOM,SO1803,2026-08-20,2,SFED,0.0,0.0,0.0,0.0,827,0.0,0.0,0.0,0.0,0.0,0.0,0.0,0.0,831,297.95831898185446,,>64 px
SOM,SO1804,2026-08-20,2,MFED,0.0,0.0,0.0,0.0,358,0.0,0.0,0.0,0.0,0.0,0.0,0.0,0.0,358,128.9831658954098,,>64 px
SOM,SO1804,2026-08-20,2,SFED,0.0,0.0,0.0,0.0,358,0.0,0.0,0.0,0.0,0.0,0.0,0.0,0.0,358,128.9831658954098,,>64 px
SOM,SO1805,2026-08-20,2,MFED,0.0,0.0,0.0,0.0,168,0.0,0.0,0.0,0.0,0.0,0.0,0.0,0.0,167,60.52841304589063,,16-64 px
SOM,SO1805,2026-08-20,2,SFED,0.0,0.0,0.0,0.0,168,0.0,0.0,0.0,0.0,0.0,0.0,0.0,0.0,167,60.52841304589063,,16-64 px
SOM,SO19,2026-08-20,1,MFED,0.0,0.0,0.0,0.0,1598,0.0,0.0,0.0,0.0,0.0,0.0,0.0,0.0,1608,575.7405002817454,,>64 px
SOM,SO19,2026-08-20,1,SFED,0.0,0.0,0.0,0.0,1598,0.0,0.0,0.0,0.0,0.0,0.0,0.0,0.0,1608,575.7405002817454,,>64 px
SOM,SO1901,2026-08-20,2,MFED,0.0,0.0,0.0,0.0,413,0.0,0.0,0.0,0.0,0.0,0.0,0.0,0.0,415,148.79901540448114,,>64 px
SOM,SO1901,2026-08-20,2,SFED,0.0,0.0,0.0,0.0,413,0.0,0.0,0.0,0.0,0.0,0.0,0.0,0.0,415,148.79901540448114,,>64 px
SOM,SO1902,2026-08-20,2,MFED,0.0,0.0,0.0,0.0,205,0.0,0.0,0.0,0.0,0.0,0.0,0.0,0.0,209,73.85907544290225,,>64 px
SOM,SO1902,2026-08-20,2,SFED,0.0,0.0,0.0,0.0,205,0.0,0.0,0.0,0.0,0.0,0.0,0.0,0.0,209,73.85907544290225,,>64 px
SOM,SO1903,2026-08-20,2,MFED,0.0,0.0,0.0,0.0,211,0.0,0.0,0.0,0.0,0.0,0.0,0.0,0.0,211,76.02080448025549,,>64 px
SOM,SO1903,2026-08-20,2,SFED,0.0,0.0,0.0,0.0,211,0.0,0.0,0.0,0.0,0.0,0.0,0.0,0.0,211,76.02080448025549,,>64 px
SOM,SO1904,2026-08-20,2,MFED,0.0,0.0,0.0,0.0,435,0.0,0.0,0.0,0.0,0.0,0.0,0.0,0.0,435,156.72535520810965,,>64 px
SOM,SO1904,2026-08-20,2,SFED,0.0,0.0,0.0,0.0,435,0.0,0.0,0.0,0.0,0.0,0.0,0.0,0.0,435,156.72535520810965,,>64 px
SOM,SO1905,2026-08-20,2,MFED,0.0,0.0,0.0,0.0,334,0.0,0.0,0.0,0.0,0.0,0.0,0.0,0.0,338,120.33624974599684,,>64 px
SOM,SO1905,2026-08-20,2,SFED,0.0,0.0,0.0,0.0,334,0.0,0.0,0.0,0.0,0.0,0.0,0.0,0.0,338,120.33624974599684,,>64 px
SOM,SO20,2026-08-20,1,MFED,7.2007197e-07,0.0,0.0,0.0002,1111,0.0008,1.1978977e-05,5.036499924259636e-07,0.00019999999494757503,0.0,0.0,0.0005555555415210419,1.0023788337034487e-05,1103,400.280160083241,0.3005560368834193,>64 px
SOM,SO20,2026-08-20,1,SFED,0.0,0.0,0.0,0.0,1111,0.0,0.0,0.0,0.0,0.0,0.0,0.0,0.0,1103,400.280160083241,,>64 px
SOM,SO2001,2026-08-20,2,MFED,0.0,0.0,0.0,0.0,479,0.0,0.0,0.0,0.0,0.0,0.0,0.0,0.0,479,172.57803481536672,,>64 px
SOM,SO2001,2026-08-20,2,SFED,0.0,0.0,0.0,0.0,479,0.0,0.0,0.0,0.0,0.0,0.0,0.0,0.0,479,172.57803481536672,,>64 px
SOM,SO2002,2026-08-20,2,MFED,1.5037593e-06,0.0,0.0,0.0002,532,0.0008,1.727688e-05,1.0629612324472362e-06,0.00019999999494757503,0.0,0.0,0.0005555555415210419,1.4541745236979978e-05,523,191.67330797865364,0.29313073412265106,>64 px
SOM,SO2002,2026-08-20,2,SFED,0.0,0.0,0.0,0.0,532,0.0,0.0,0.0,0.0,0.0,0.0,0.0,0.0,523,191.67330797865364,,>64 px
SOM,SO2003,2026-08-20,2,MFED,0.0,0.0,0.0,0.0,100,0.0,0.0,0.0,0.0,0.0,0.0,0.0,0.0,102,36.02881728922061,,16-64 px
SOM,SO2003,2026-08-20,2,SFED,0.0,0.0,0.0,0.0,100,0.0,0.0,0.0,0.0,0.0,0.0,0.0,0.0,102,36.02881728922061,,16-64 px
SOM,SO21,2026-08-20,1,MFED,0.00082259136,0.0,0.0,0.1217,602,0.49519998,0.009888771,0.0005759128970775094,0.1216999962925911,0.0,0.0,0.3497222124375791,0.008215355180152204,607,216.89348008110807,0.2998797153941546,>64 px
SOM,SO21,2026-08-20,1,SFED,0.0,0.0,0.0,0.0,602,0.0,0.0,0.0,0.0,0.0,0.0,0.0,0.0,607,216.89348008110807,,>64 px
SOM,SO2101,2026-08-20,2,MFED,0.0,0.0,0.0,0.0,151,0.0,0.0,0.0,0.0,0.0,0.0,0.0,0.0,151,54.40351410672312,,16-64 px
SOM,SO2101,2026-08-20,2,SFED,0.0,0.0,0.0,0.0,151,0.0,0.0,0.0,0.0,0.0,0.0,0.0,0.0,151,54.40351410672312,,16-64 px
SOM,SO2102,2026-08-20,2,MFED,0.0038671873,0.0,0.0,0.1217,128,0.49499997,0.021169206,0.0026985439782803503,0.1216999962925911,0.0,0.0,0.349361505286192,0.017630827524984335,129,46.11688613020238,0.3021946523561581,16-64 px
SOM,SO2102,2026-08-20,2,SFED,0.0,0.0,0.0,0.0,128,0.0,0.0,0.0,0.0,0.0,0.0,0.0,0.0,129,46.11688613020238,,16-64 px
SOM,SO2103,2026-08-20,2,MFED,0.0,0.0,0.0,0.0,134,0.0,0.0,0.0,0.0,0.0,0.0,0.0,0.0,137,48.27861516755562,,16-64 px
SOM,SO2103,2026-08-20,2,SFED,0.0,0.0,0.0,0.0,134,0.0,0.0,0.0,0.0,0.0,0.0,0.0,0.0,137,48.27861516755562,,16-64 px
SOM,SO2104,2026-08-20,2,MFED,1.0582011e-06,0.0,0.0,0.0001,189,0.0002,1.0232317e-05,1.9039722722443882e-06,9.999999747378752e-05,0.0,0.0,0.00036070715138713155,1.3666459380582986e-05,189,68.09446467662696,0.7992537262004246,>64 px
SOM,SO2104,2026-08-20,2,SFED,0.0,0.0,0.0,0.0,189,0.0,0.0,0.0,0.0,0.0,0.0,0.0,0.0,189,68.09446467662696,,>64 px
SOM,SO22,2026-08-20,1,MFED,0.0,0.0,0.0,0.0,12,0.0,0.0,0.0,0.0,0.0,0.0,0.0,0.0,11,4.3234580747064735,,4-16 px
SOM,SO22,2026-08-20,1,SFED,0.0,0.0,0.0,0.0,12,0.0,0.0,0.0,0.0,0.0,0.0,0.0,0.0,11,4.3234580747064735,,4-16 px
SOM,SO2201,2026-08-20,2,MFED,0.0,0.0,0.0,0.0,12,0.0,0.0,0.0,0.0,0.0,0.0,0.0,0.0,11,4.3234580747064735,,4-16 px
SOM,SO2201,2026-08-20,2,SFED,0.0,0.0,0.0,0.0,12,0.0,0.0,0.0,0.0,0.0,0.0,0.0,0.0,11,4.3234580747064735,,4-16 px
SOM,SO23,2026-08-20,1,MFED,0.0018862666,0.0,0.0,0.3554,830,1.5656012,0.024609229,0.0013576737535930747,0.3553999960422516,0.0,0.0,1.1306490448173707,0.020493122134246804,833,299.03918350053107,0.2802323099009044,>64 px
SOM,SO23,2026-08-20,1,SFED,1.8072288e-06,0.0,0.0,0.0003,830,0.0015,1.8604609e-05,1.4495680839985498e-06,0.0003000000142492354,0.0,0.0,0.001207177177310255,1.7204169970567325e-05,833,299.03918350053107,0.19790560885342803,>64 px
SOM,SO2301,2026-08-20,2,MFED,0.0,0.0,0.0,0.0,38,0.0,0.0,0.0,0.0,0.0,0.0,0.0,0.0,34,13.690950569903832,,4-16 px
SOM,SO2301,2026-08-20,2,SFED,0.0,0.0,0.0,0.0,38,0.0,0.0,0.0,0.0,0.0,0.0,0.0,0.0,34,13.690950569903832,,4-16 px
SOM,SO2302,2026-08-20,2,MFED,0.0,0.0,0.0,0.0,126,0.0,0.0,2.5836010953028867e-06,0.0008999999845400453,0.0,0.0,0.0003219495448277344,4.7783859505611235e-05,125,45.39630978441797,,16-64 px
SOM,SO2302,2026-08-20,2,SFED,0.0,0.0,0.0,0.0,126,0.0,0.0,0.0,0.0,0.0,0.0,0.0,0.0,125,45.39630978441797,,16-64 px
SOM,SO2303,2026-08-20,2,MFED,0.0,0.0,0.0,0.0,107,0.0,0.0,0.0,0.0,0.0,0.0,0.0,0.0,107,38.550834499466056,,16-64 px
SOM,SO2303,2026-08-20,2,SFED,0.0,0.0,0.0,0.0,107,0.0,0.0,0.0,0.0,0.0,0.0,0.0,0.0,107,38.550834499466056,,16-64 px
SOM,SO2304,2026-08-20,2,MFED,0.000108433735,0.0,0.0,0.0012,83,0.009,0.00030188359,0.00010849699450853581,0.0012000000569969416,0.0,0.0,0.008980104304540949,0.0002976360484066462,83,29.903918350053107,0.0005833932450617051,16-64 px
SOM,SO2304,2026-08-20,2,SFED,9.638554e-06,0.0,0.0,0.0002,83,0.0008,4.2834672e-05,7.0362899433282154e-06,0.00019999999494757503,0.0,0.0,0.0005823812714287565,3.640519080851388e-05,83,29.903918350053107,0.269984901954358,16-64 px
SOM,SO2305,2026-08-20,2,MFED,0.00014660195,0.0,0.0,0.0075,103,0.0150999995,0.00075695035,0.00023883181164026038,0.007499999832361937,0.0,0.0,0.024955075335906535,0.0011323268165881804,104,37.10968180789723,0.6291175638540987,16-64 px
SOM,SO2305,2026-08-20,2,SFED,6.7961164e-06,0.0,0.0,0.0003,103,0.00070000003,3.4870456e-05,5.979590748744479e-06,0.0003000000142492354,0.0,0.0,0.0006247959038118929,3.536892551932943e-05,104,37.10968180789723,0.1201459191098495,16-64 px
SOM,SO2306,2026-08-20,2,MFED,0.00028789474,0.0,0.0,0.005,190,0.0547,0.00074070436,0.0002992280681028283,0.004999999888241291,0.0,0.0,0.05828014303712939,0.0007828459447290424,195,68.45475284951917,0.03936622149758036,>64 px
SOM,SO2306,2026-08-20,2,SFED,0.0,0.0,0.0,0.0,190,0.0,0.0,0.0,0.0,0.0,0.0,0.0,0.0,195,68.45475284951917,,>64 px
SOM,SO2307,2026-08-20,2,MFED,0.008124597,0.0,0.0,0.3554,183,1.4868013,0.05192173,0.0055862686306929026,0.3553999960422516,0.0,0.0,1.0381117723908189,0.043099278435445365,186,65.93273563927372,0.3124251417402116,>64 px
SOM,SO2307,2026-08-20,2,SFED,0.0,0.0,0.0,0.0,183,0.0,0.0,0.0,0.0,0.0,0.0,0.0,0.0,186,65.93273563927372,,>64 px
SOM,SO24,2026-08-20,1,MFED,8.7202796e-05,0.0,0.0,0.0048,1430,0.1247,0.0004215322,8.161502848397308e-05,0.007499999832361937,0.0,0.0,0.11664189548465907,0.00039668967206594097,1429,515.2120872358547,0.06407784810050031,>64 px
SOM,SO24,2026-08-20,1,SFED,1.881119e-05,0.0,0.0,0.0035,1430,0.0269,0.00020080952,1.4704352213055713e-05,0.0035000001080334187,0.0,0.0,0.021015045217335996,0.00016902703963556412,1429,515.2120872358547,0.21831887227465602,>64 px
SOM,SO2401,2026-08-20,2,MFED,2.5821596e-06,0.0,0.0,0.0002,426,0.0011,1.8586154e-05,2.6107614321992526e-06,0.00019999999494757503,0.0,0.0,0.0010970344117311212,1.96589200552961e-05,420,153.4827616520798,0.011076709665526695,>64 px
SOM,SO2401,2026-08-20,2,SFED,0.0,0.0,0.0,0.0,426,0.0,0.0,0.0,0.0,0.0,0.0,0.0,0.0,420,153.4827616520798,,>64 px
SOM,SO2402,2026-08-20,2,MFED,0.00020715503,0.0,0.0,0.0048,587,0.1216,0.00063786,0.0001917169572671664,0.007499999832361937,0.0,0.0,0.11240940797805143,0.0006003526343620008,586,211.48915748772498,0.07452424753014017,>64 px
SOM,SO2402,2026-08-20,2,SFED,4.5826237e-05,0.0,0.0,0.0035,587,0.0269,0.00031144352,3.584166662176753e-05,0.0035000001080334187,0.0,0.0,0.021015045217335996,0.0002624533237245684,586,211.48915748772498,0.21787890588163436,>64 px
SOM,SO2403,2026-08-20,2,MFED,6.329114e-06,0.0,0.0,0.0006,316,0.002,4.991581e-05,9.51391215138097e-06,0.0007999999797903001,0.0,0.0,0.00301019539042594,6.492853445067085e-05,316,113.85106263393713,0.503198101879816,>64 px
SOM,SO2403,2026-08-20,2,SFED,0.0,0.0,0.0,0.0,316,0.0,0.0,0.0,0.0,0.0,0.0,0.0,0.0,316,113.85106263393713,,>64 px
SOM,SO2404,2026-08-20,2,MFED,0.0,0.0,0.0,0.0,100,0.0,0.0,1.1789479382747488e-06,9.999999747378752e-05,0.0,0.0,0.0001252577008287798,1.0793742289310025e-05,106,36.02881728922061,,16-64 px
SOM,SO2404,2026-08-20,2,SFED,0.0,0.0,0.0,0.0,100,0.0,0.0,0.0,0.0,0.0,0.0,0.0,0.0,106,36.02881728922061,,16-64 px
SOM,SO25,2026-08-20,1,MFED,0.0,0.0,0.0,0.0,833,0.0,0.0,0.0,0.0,0.0,0.0,0.0,0.0,841,300.1200480192077,,>64 px
SOM,SO25,2026-08-20,1,SFED,0.0,0.0,0.0,0.0,833,0.0,0.0,0.0,0.0,0.0,0.0,0.0,0.0,841,300.1200480192077,,>64 px
SOM,SO2501,2026-08-20,2,MFED,0.0,0.0,0.0,0.0,182,0.0,0.0,0.0,0.0,0.0,0.0,0.0,0.0,177,65.57244746638152,,>64 px
SOM,SO2501,2026-08-20,2,SFED,0.0,0.0,0.0,0.0,182,0.0,0.0,0.0,0.0,0.0,0.0,0.0,0.0,177,65.57244746638152,,>64 px
SOM,SO2502,2026-08-20,2,MFED,0.0,0.0,0.0,0.0,245,0.0,0.0,0.0,0.0,0.0,0.0,0.0,0.0,250,88.2706023585905,,>64 px
SOM,SO2502,2026-08-20,2,SFED,0.0,0.0,0.0,0.0,245,0.0,0.0,0.0,0.0,0.0,0.0,0.0,0.0,250,88.2706023585905,,>64 px
SOM,SO2503,2026-08-20,2,MFED,0.0,0.0,0.0,0.0,209,0.0,0.0,0.0,0.0,0.0,0.0,0.0,0.0,215,75.30022813447108,,>64 px
SOM,SO2503,2026-08-20,2,SFED,0.0,0.0,0.0,0.0,209,0.0,0.0,0.0,0.0,0.0,0.0,0.0,0.0,215,75.30022813447108,,>64 px
SOM,SO2504,2026-08-20,2,MFED,0.0,0.0,0.0,0.0,89,0.0,0.0,0.0,0.0,0.0,0.0,0.0,0.0,91,32.065647387406344,,16-64 px
SOM,SO2504,2026-08-20,2,SFED,0.0,0.0,0.0,0.0,89,0.0,0.0,0.0,0.0,0.0,0.0,0.0,0.0,91,32.065647387406344,,16-64 px
SOM,SO2505,2026-08-20,2,MFED,0.0,0.0,0.0,0.0,108,0.0,0.0,0.0,0.0,0.0,0.0,0.0,0.0,108,38.91112267235826,,16-64 px
SOM,SO2505,2026-08-20,2,SFED,0.0,0.0,0.0,0.0,108,0.0,0.0,0.0,0.0,0.0,0.0,0.0,0.0,108,38.91112267235826,,16-64 px
SOM,SO26,2026-08-20,1,MFED,0.0,0.0,0.0,0.0,1462,0.0,0.0,0.0,0.0,0.0,0.0,0.0,0.0,1466,526.7413087684054,,>64 px
SOM,SO26,2026-08-20,1,SFED,0.0,0.0,0.0,0.0,1462,0.0,0.0,0.0,0.0,0.0,0.0,0.0,0.0,1466,526.7413087684054,,>64 px
SOM,SO2601,2026-08-20,2,MFED,0.0,0.0,0.0,0.0,273,0.0,0.0,0.0,0.0,0.0,0.0,0.0,0.0,271,98.35867119957227,,>64 px
SOM,SO2601,2026-08-20,2,SFED,0.0,0.0,0.0,0.0,273,0.0,0.0,0.0,0.0,0.0,0.0,0.0,0.0,271,98.35867119957227,,>64 px
SOM,SO2602,2026-08-20,2,MFED,0.0,0.0,0.0,0.0,491,0.0,0.0,0.0,0.0,0.0,0.0,0.0,0.0,497,176.9014928900732,,>64 px
SOM,SO2602,2026-08-20,2,SFED,0.0,0.0,0.0,0.0,491,0.0,0.0,0.0,0.0,0.0,0.0,0.0,0.0,497,176.9014928900732,,>64 px
SOM,SO2603,2026-08-20,2,MFED,0.0,0.0,0.0,0.0,122,0.0,0.0,0.0,0.0,0.0,0.0,0.0,0.0,124,43.95515709284915,,16-64 px
SOM,SO2603,2026-08-20,2,SFED,0.0,0.0,0.0,0.0,122,0.0,0.0,0.0,0.0,0.0,0.0,0.0,0.0,124,43.95515709284915,,16-64 px
SOM,SO2604,2026-08-20,2,MFED,0.0,0.0,0.0,0.0,257,0.0,0.0,0.0,0.0,0.0,0.0,0.0,0.0,253,92.59406043329697,,>64 px
SOM,SO2604,2026-08-20,2,SFED,0.0,0.0,0.0,0.0,257,0.0,0.0,0.0,0.0,0.0,0.0,0.0,0.0,253,92.59406043329697,,>64 px
SOM,SO2605,2026-08-20,2,MFED,0.0,0.0,0.0,0.0,55,0.0,0.0,0.0,0.0,0.0,0.0,0.0,0.0,53,19.815849509071338,,16-64 px
SOM,SO2605,2026-08-20,2,SFED,0.0,0.0,0.0,0.0,55,0.0,0.0,0.0,0.0,0.0,0.0,0.0,0.0,53,19.815849509071338,,16-64 px
SOM,SO2606,2026-08-20,2,MFED,0.0,0.0,0.0,0.0,264,0.0,0.0,0.0,0.0,0.0,0.0,0.0,0.0,269,95.11607764354241,,>64 px
SOM,SO2606,2026-08-20,2,SFED,0.0,0.0,0.0,0.0,264,0.0,0.0,0.0,0.0,0.0,0.0,0.0,0.0,269,95.11607764354241,,>64 px
SOM,SO27,2026-08-20,1,MFED,3.3333333e-07,0.0,0.0,0.0001,600,0.0002,5.763872e-06,3.437140140780627e-07,0.00019999999494757503,0.0,0.0,0.00020993821930852523,5.996740462383018e-06,611,216.17290373532367,0.031142052545608704,>64 px
SOM,SO27,2026-08-20,1,SFED,0.0,0.0,0.0,0.0,600,0.0,0.0,0.0,0.0,0.0,0.0,0.0,0.0,611,216.17290373532367,,>64 px
SOM,SO2701,2026-08-20,2,MFED,1.1494252e-06,0.0,0.0,0.0001,174,0.0002,1.0659332e-05,1.0801851351840018e-06,0.00019999999494757503,0.0,0.0,0.00019275228005982405,1.0615872902054601e-05,178,62.69014208324386,0.06023886096807192,16-64 px
SOM,SO2701,2026-08-20,2,SFED,0.0,0.0,0.0,0.0,174,0.0,0.0,0.0,0.0,0.0,0.0,0.0,0.0,178,62.69014208324386,,16-64 px
SOM,SO2702,2026-08-20,2,MFED,0.0,0.0,0.0,0.0,166,0.0,0.0,0.0,0.0,0.0,0.0,0.0,0.0,171,59.807836700106215,,16-64 px
SOM,SO2702,2026-08-20,2,SFED,0.0,0.0,0.0,0.0,166,0.0,0.0,0.0,0.0,0.0,0.0,0.0,0.0,171,59.807836700106215,,16-64 px
SOM,SO2703,2026-08-20,2,MFED,0.0,0.0,0.0,0.0,260,0.0,0.0,6.566644729617421e-08,9.999999747378752e-05,0.0,0.0,1.7185935109489857e-05,2.5617049950042106e-06,262,93.6749249519736,,>64 px
SOM,SO2703,2026-08-20,2,SFED,0.0,0.0,0.0,0.0,260,0.0,0.0,0.0,0.0,0.0,0.0,0.0,0.0,262,93.6749249519736,,>64 px
SOM,SO28,2026-08-20,1,MFED,0.0013011331,0.0,0.0,0.2756,1555,2.023262,0.013492139,0.001433305336721304,0.27559998631477356,0.0,0.0,2.230427083466059,0.015370033162710815,1556,560.2481088473805,0.10158241053225384,>64 px
SOM,SO28,2026-08-20,1,SFED,0.0,0.0,0.0,0.0,1555,0.0,0.0,0.0,0.0,0.0,0.0,0.0,0.0,1556,560.2481088473805,,>64 px
SOM,SO2801,2026-08-20,2,MFED,0.0063940044,0.0,0.0,0.2756,303,1.9373834,0.03000299,0.00718725299369975,0.27559998631477356,0.0,0.0,2.152378604342494,0.034427055381966644,299,109.16731638633846,0.12406131495620332,>64 px
SOM,SO2801,2026-08-20,2,SFED,0.0,0.0,0.0,0.0,303,0.0,0.0,0.0,0.0,0.0,0.0,0.0,0.0,299,109.16731638633846,,>64 px
SOM,SO2802,2026-08-20,2,MFED,9.707482e-05,0.0,0.0,0.0115,863,0.08377557,0.0007987433,8.692778901733097e-05,0.011500000022351742,0.0,0.0,0.0755910225727585,0.0006775927149736388,870,310.9286932059739,0.10452794022867141,>64 px
SOM,SO2802,2026-08-20,2,SFED,0.0,0.0,0.0,0.0,863,0.0,0.0,0.0,0.0,0.0,0.0,0.0,0.0,870,310.9286932059739,,>64 px
SOM,SO2803,2026-08-20,2,MFED,0.0,0.0,0.0,0.0,316,0.0,0.0,0.0,0.0,0.0,0.0,0.0,0.0,317,113.85106263393713,,>64 px
SOM,SO2803,2026-08-20,2,SFED,0.0,0.0,0.0,0.0,316,0.0,0.0,0.0,0.0,0.0,0.0,0.0,0.0,317,113.85106263393713,,>64 px
SOM,SO2804,2026-08-20,2,MFED,2.880865e-05,0.0,0.0,0.0004,73,0.0021030316,8.684843e-05,3.5190227766005783e-05,0.00039999998989515007,0.0,0.0,0.0024574567065904925,9.715948950471428e-05,70,26.301036621131047,0.22151602959547853,16-64 px
SOM,SO2804,2026-08-20,2,SFED,0.0,0.0,0.0,0.0,73,0.0,0.0,0.0,0.0,0.0,0.0,0.0,0.0,70,26.301036621131047,,16-64 px
TCD,TD,2026-08-20,0,MFED,0.003511593,0.0,0.0,0.9682,42685,149.89235,0.03852873,0.0034892655411131084,0.9682000279426575,0.0,0.0,148.9081760625246,0.03791069468579236,42676,15378.900659903818,0.006358213747120333,>64 px
TCD,TD,2026-08-20,0,SFED,0.0027718614,0.0,0.0,0.975,42685,118.3169,0.033503458,0.0027792021204721107,0.9750000238418579,0.0,0.0,118.6054525780179,0.033194509654133404,42676,15378.900659903818,0.0026482999734801197,>64 px
TCD,TD01,2026-08-20,1,MFED,0.0,0.0,0.0,0.0,3041,0.0,0.0,0.0,0.0,0.0,0.0,0.0,0.0,3048,1095.6363337651987,,>64 px
TCD,TD01,2026-08-20,1,SFED,0.0,0.0,0.0,0.0,3041,0.0,0.0,0.0,0.0,0.0,0.0,0.0,0.0,3048,1095.6363337651987,,>64 px
TCD,TD0101,2026-08-20,2,MFED,0.0,0.0,0.0,0.0,1637,0.0,0.0,0.0,0.0,0.0,0.0,0.0,0.0,1637,589.7917390245414,,>64 px
TCD,TD0101,2026-08-20,2,SFED,0.0,0.0,0.0,0.0,1637,0.0,0.0,0.0,0.0,0.0,0.0,0.0,0.0,1637,589.7917390245414,,>64 px
TCD,TD0102,2026-08-20,2,MFED,0.0,0.0,0.0,0.0,1018,0.0,0.0,0.0,0.0,0.0,0.0,0.0,0.0,1022,366.77336000426584,,>64 px
TCD,TD0102,2026-08-20,2,SFED,0.0,0.0,0.0,0.0,1018,0.0,0.0,0.0,0.0,0.0,0.0,0.0,0.0,1022,366.77336000426584,,>64 px
TCD,TD0103,2026-08-20,2,MFED,0.0,0.0,0.0,0.0,386,0.0,0.0,0.0,0.0,0.0,0.0,0.0,0.0,390,139.07123473639157,,>64 px
TCD,TD0103,2026-08-20,2,SFED,0.0,0.0,0.0,0.0,386,0.0,0.0,0.0,0.0,0.0,0.0,0.0,0.0,390,139.07123473639157,,>64 px
TCD,TD02,2026-08-20,1,MFED,0.0,0.0,0.0,0.0,5098,0.0,0.0,0.0,0.0,0.0,0.0,0.0,0.0,5096,1836.7491054044667,,>64 px
TCD,TD02,2026-08-20,1,SFED,0.0,0.0,0.0,0.0,5098,0.0,0.0,0.0,0.0,0.0,0.0,0.0,0.0,5096,1836.7491054044667,,>64 px
TCD,TD0201,2026-08-20,2,MFED,0.0,0.0,0.0,0.0,2459,0.0,0.0,0.0,0.0,0.0,0.0,0.0,0.0,2456,885.9486171419348,,>64 px
TCD,TD0201,2026-08-20,2,SFED,0.0,0.0,0.0,0.0,2459,0.0,0.0,0.0,0.0,0.0,0.0,0.0,0.0,2456,885.9486171419348,,>64 px
TCD,TD0202,2026-08-20,2,MFED,0.0,0.0,0.0,0.0,2639,0.0,0.0,0.0,0.0,0.0,0.0,0.0,0.0,2640,950.800488262532,,>64 px
TCD,TD0202,2026-08-20,2,SFED,0.0,0.0,0.0,0.0,2639,0.0,0.0,0.0,0.0,0.0,0.0,0.0,0.0,2640,950.800488262532,,>64 px
TCD,TD03,2026-08-20,1,MFED,0.00034207766,0.0,0.0,0.09833934,1542,0.52748376,0.004855256,0.00030630780490017984,0.1864873170852661,0.0,0.0,0.4755008830796958,0.005409786702799161,1552,555.5643625997818,0.10456647505078281,>64 px
TCD,TD03,2026-08-20,1,SFED,0.000223497,0.0,0.0,0.08,1542,0.3446324,0.004064052,0.00012802543497982287,0.07999999821186066,0.0,0.0,0.19874194002143172,0.0029729680829657986,1552,555.5643625997818,0.42717157286306806,>64 px
TCD,TD0301,2026-08-20,2,MFED,3.7124732e-07,0.0,0.0,0.0001106317,894,0.0003318951,6.3979605e-06,2.3165443048611278e-07,0.00011063169949920848,0.0,0.0,0.00020850271182360289,5.043170691252422e-06,900,322.09762656563225,0.3760104975677325,>64 px
TCD,TD0301,2026-08-20,2,SFED,3.916582e-06,0.0,0.0,0.00081243017,894,0.003501424,5.2671396e-05,4.338588176516315e-06,0.0008124301675707102,0.0,0.0,0.003904986398883924,5.616689373831746e-05,900,322.09762656563225,0.10774858703745122,>64 px
TCD,TD0302,2026-08-20,2,MFED,0.00076916214,0.0,0.0,0.09833934,142,0.10922103,0.008223746,0.001704222312265823,0.1864873170852661,0.0,0.0,0.248535060589029,0.015278668201288738,146,51.16092055069327,1.2156866850802395,16-64 px
TCD,TD0302,2026-08-20,2,SFED,0.00068257016,0.0,0.0,0.07893158,142,0.09692497,0.0066460907,0.0007441765306260919,0.07893157750368118,0.0,0.0,0.10852689687074124,0.006992538911051169,146,51.16092055069327,0.09025646627460532,16-64 px
TCD,TD0303,2026-08-20,2,MFED,0.0008259503,0.0,0.0,0.0865,506,0.41793087,0.007236559,0.0004477221818451608,0.08649999648332596,0.0,0.0,0.2267573197788432,0.004662126622892622,506,182.30581548345629,0.45793084421040736,>64 px
TCD,TD0303,2026-08-20,2,SFED,0.00048262055,0.0,0.0,0.08,506,0.244206,0.0061417334,0.00017041534518835816,0.07999999821186066,0.0,0.0,0.08631005675180656,0.0035871476828425895,506,182.30581548345629,0.6468957959035143,>64 px
TCD,TD04,2026-08-20,1,MFED,3.3634462e-06,0.0,0.0,0.0019038076,2024,0.006807615,7.611513e-05,4.131944251502093e-06,0.0019038076279684901,0.0,0.0,0.00835876429740395,8.467472770709083e-05,2023,729.2232619338251,0.22848531113775297,>64 px
TCD,TD04,2026-08-20,1,SFED,3.4622606e-06,0.0,0.0,0.0019038076,2024,0.007007615,7.809713e-05,4.226281682912139e-06,0.0019038076279684901,0.0,0.0,0.008549605292727743,8.642556106963053e-05,2023,729.2232619338251,0.2206711658019443,>64 px
TCD,TD0401,2026-08-20,2,MFED,0.0,0.0,0.0,0.0,280,0.0,0.0,0.0,0.0,0.0,0.0,0.0,0.0,279,100.88068840981771,,>64 px
TCD,TD0401,2026-08-20,2,SFED,0.0,0.0,0.0,0.0,280,0.0,0.0,0.0,0.0,0.0,0.0,0.0,0.0,279,100.88068840981771,,>64 px
TCD,TD0402,2026-08-20,2,MFED,0.0,0.0,0.0,0.0,319,0.0,0.0,0.0,0.0,0.0,0.0,0.0,0.0,319,114.93192715261375,,>64 px
TCD,TD0402,2026-08-20,2,SFED,0.0,0.0,0.0,0.0,319,0.0,0.0,0.0,0.0,0.0,0.0,0.0,0.0,319,114.93192715261375,,>64 px
TCD,TD0403,2026-08-20,2,MFED,6.392127e-06,0.0,0.0,0.0019038076,1065,0.006807615,0.00010483814,7.821186459914095e-06,0.0019038076279684901,0.0,0.0,0.00835876429740395,0.00011637259890570323,1069,383.7069041301995,0.22356556118395257,>64 px
TCD,TD0403,2026-08-20,2,SFED,6.5799204e-06,0.0,0.0,0.0019038076,1065,0.007007615,0.00010756746,7.999753883939503e-06,0.0019038076279684901,0.0,0.0,0.008549605292727743,0.00011877831973594693,1069,383.7069041301995,0.215782775113739,>64 px
TCD,TD0404,2026-08-20,2,MFED,0.0,0.0,0.0,0.0,360,0.0,0.0,0.0,0.0,0.0,0.0,0.0,0.0,357,129.7037422411942,,>64 px
TCD,TD0404,2026-08-20,2,SFED,0.0,0.0,0.0,0.0,360,0.0,0.0,0.0,0.0,0.0,0.0,0.0,0.0,357,129.7037422411942,,>64 px
TCD,TD05,2026-08-20,1,MFED,0.00643925,0.0,0.0,0.2645795,967,6.2267547,0.034222335,0.006216705402963898,0.26457950472831726,0.0,0.0,5.963361259613606,0.032653230530554966,959,348.3986631867633,0.034560639365780466,>64 px
TCD,TD05,2026-08-20,1,SFED,0.0066458606,0.0,0.0,0.26723963,967,6.426547,0.03454081,0.0062846037618542756,0.26723963022232056,0.0,0.0,6.028492614045356,0.03335671606634165,959,348.3986631867633,0.05435817268657796,>64 px
TCD,TD0501,2026-08-20,2,MFED,0.0017741359,0.0,0.0,0.19415495,220,0.3903099,0.01842682,0.0022987127921257474,0.19415494799613953,0.0,0.0,0.5066697017580207,0.020966130412388505,220,79.26339803628535,0.29568021938214967,>64 px
TCD,TD0501,2026-08-20,2,SFED,0.0021276397,0.0,0.0,0.2328355,220,0.46808073,0.022097861,0.0027566430671567897,0.23283550143241882,0.0,0.0,0.6076041885154487,0.025143058703712477,220,79.26339803628535,0.2956343440840993,>64 px
TCD,TD0502,2026-08-20,2,MFED,0.0,0.0,0.0,0.0,542,0.0,0.0,0.0,0.0,0.0,0.0,0.0,0.0,538,195.27618970757572,,>64 px
TCD,TD0502,2026-08-20,2,SFED,0.0,0.0,0.0,0.0,542,0.0,0.0,0.0,0.0,0.0,0.0,0.0,0.0,538,195.27618970757572,,>64 px
TCD,TD0503,2026-08-20,2,MFED,0.028470462,0.0,0.0,0.2645795,205,5.836445,0.06739241,0.027230545929172803,0.26457950472831726,0.0,0.0,5.456691541782616,0.06370379207891495,200,73.85907544290225,0.04355096418270963,>64 px
TCD,TD0503,2026-08-20,2,SFED,0.02906569,0.0,0.0,0.26723963,205,5.9584665,0.06680127,0.027051877423003207,0.26723963022232056,0.0,0.0,5.420888406254801,0.06387360951256808,200,73.85907544290225,0.06928487082181067,>64 px
TCD,TD06,2026-08-20,1,MFED,0.0,0.0,0.0,0.0,2444,0.0,0.0,0.0,0.0,0.0,0.0,0.0,0.0,2448,880.5442945485518,,>64 px
TCD,TD06,2026-08-20,1,SFED,0.00033261048,0.0,0.0,0.3977,2444,0.8129,0.011375602,0.00046906481462065283,0.3977000117301941,0.0,0.0,1.1484526553424985,0.01339597898919677,2448,880.5442945485518,0.41025266137330624,>64 px
TCD,TD0601,2026-08-20,2,MFED,0.0,0.0,0.0,0.0,322,0.0,0.0,0.0,0.0,0.0,0.0,0.0,0.0,325,116.01279167129037,,>64 px
TCD,TD0601,2026-08-20,2,SFED,0.0025245342,0.0,0.0,0.3977,322,0.8129,0.031251453,0.0035359876234000607,0.3977000117301941,0.0,0.0,1.1484361670755994,0.036632685588734434,325,116.01279167129037,0.4006495231477003,>64 px
TCD,TD0602,2026-08-20,2,MFED,0.0,0.0,0.0,0.0,2023,0.0,0.0,0.0,0.0,0.0,0.0,0.0,0.0,2027,728.862973760933,,>64 px
TCD,TD0602,2026-08-20,2,SFED,0.0,0.0,0.0,0.0,2023,0.0,0.0,8.135449360884489e-09,0.00019999999494757503,0.0,0.0,1.6488268968835602e-05,1.275548370520243e-06,2027,728.862973760933,,>64 px
TCD,TD0603,2026-08-20,2,MFED,0.0,0.0,0.0,0.0,99,0.0,0.0,0.0,0.0,0.0,0.0,0.0,0.0,97,35.66852911632841,,16-64 px
TCD,TD0603,2026-08-20,2,SFED,0.0,0.0,0.0,0.0,99,0.0,0.0,0.0,0.0,0.0,0.0,0.0,0.0,97,35.66852911632841,,16-64 px
TCD,TD07,2026-08-20,1,MFED,0.117498316,0.0,0.0,0.9682,729,85.65627,0.24504142,0.11544382273286047,0.9682000279426575,0.0,0.0,83.59520270623696,0.2406295861389435,724,262.65007803841826,0.017485299679865514,>64 px
TCD,TD07,2026-08-20,1,SFED,0.08340185,0.0,0.0,0.975,729,60.79995,0.21601972,0.08341333731659709,0.9750000238418579,0.0,0.0,60.40128156116437,0.21343315685314437,724,262.65007803841826,0.0001377345538148896,>64 px
TCD,TD0701,2026-08-20,2,MFED,0.095682085,0.0048820176,0.0,0.64359367,166,15.883225,0.177291,0.10282194982949565,0.6435936689376831,0.0,0.006239081267267466,16.657364849393474,0.17922732261263394,162,59.807836700106215,0.07462070699541767,16-64 px
TCD,TD0701,2026-08-20,2,SFED,0.052910708,0.0,0.0,0.6498439,166,8.783177,0.14058687,0.059768322374021916,0.6498438715934753,0.0,0.0,9.682589698709018,0.14527175554000935,162,59.807836700106215,0.1296073069750251,16-64 px
TCD,TD0702,2026-08-20,2,MFED,0.00037285755,0.0,0.0,0.0113000665,172,0.0641315,0.0015233015,0.00042057306574841527,0.011300066486001015,0.0,0.0,0.07231946787784455,0.0016231185672665916,172,61.969565737459455,0.12797250786101894,16-64 px
TCD,TD0702,2026-08-20,2,SFED,0.00013128601,0.0,0.0,0.008,172,0.022581194,0.0009403973,0.0002193408556118625,0.00800000037997961,0.0,0.0,0.03771666626699762,0.0011585534696166217,172,61.969565737459455,0.6707100445193094,16-64 px
TCD,TD0703,2026-08-20,2,MFED,0.061037343,0.0,0.0,0.6498,125,7.629668,0.13537247,0.0599016616654197,0.6518999934196472,0.0,0.0,7.595589154944401,0.13605602194881056,127,45.03602161152576,0.01860633636330304,16-64 px
TCD,TD0703,2026-08-20,2,SFED,0.03863325,0.0,0.0,0.7738,125,4.829156,0.114440106,0.04316473258486312,0.7738000154495239,0.0,0.0,5.473330214592877,0.12533714160626516,127,45.03602161152576,0.1172948841959483,16-64 px
TCD,TD0704,2026-08-20,2,MFED,0.23338062,0.0006,0.0,0.9682,266,62.079247,0.33501822,0.22505067414486826,0.9682000279426575,0.0,0.0006000000284984708,59.26992914381489,0.32908230290280494,263,95.83665398932682,0.03569253460348056,>64 px
TCD,TD0704,2026-08-20,2,SFED,0.17731217,0.0,0.0,0.975,266,47.165035,0.30753008,0.17165552759547908,0.9750000238418579,0.0,0.0,45.20764488436526,0.30211769843136055,263,95.83665398932682,0.031902166695726,>64 px
TCD,TD08,2026-08-20,1,MFED,0.012820254,0.0,0.0,0.3992582,292,3.7435143,0.047460016,0.015670510247623084,0.39925819635391235,0.0,0.0,4.559079478746322,0.051149428369098415,291,105.20414648452419,0.222324475601114,>64 px
TCD,TD08,2026-08-20,1,SFED,0.009269906,0.0,0.0,0.41379312,292,2.7068126,0.043236535,0.01157506905218503,0.4137931168079376,0.0,0.0,3.3675776312958834,0.04697887926548632,291,105.20414648452419,0.2486716750078188,>64 px
TCD,TD0801,2026-08-20,2,MFED,0.011566078,0.0,0.0,0.16274826,95,1.0987774,0.03272363,0.01446879532317728,0.21933011710643768,0.0,0.0,1.3724491136346777,0.03746170838983492,95,34.22737642475958,0.25096816078685263,16-64 px
TCD,TD0801,2026-08-20,2,SFED,0.009629939,0.0,0.0,0.15823941,95,0.9148442,0.027499298,0.012929702562773001,0.1836158186197281,0.0,0.0,1.226457243016762,0.03303341615418471,95,34.22737642475958,0.34265674608873437,16-64 px
TCD,TD0802,2026-08-20,2,MFED,0.010092723,0.0,0.0,0.1908,109,1.1001068,0.037358526,0.013104270923193858,0.1907999962568283,0.0,0.0,1.406174029459361,0.041662914246484585,107,39.271410845250465,0.29838804881436437,16-64 px
TCD,TD0802,2026-08-20,2,SFED,0.0010743913,0.0,0.0,0.0391,109,0.11710865,0.005418408,0.001223308304557555,0.03909999877214432,0.0,0.0,0.13126898688015995,0.006000708371074517,107,39.271410845250465,0.13860592928996635,16-64 px
TCD,TD0803,2026-08-20,2,MFED,0.00041430077,0.0,0.0,0.006642512,34,0.014086226,0.001562915,0.0002754494096176336,0.006642512045800686,0.0,0.0,0.009532748469803414,0.0012747996234846735,35,12.249797878335007,0.3351462764174115,4-16 px
TCD,TD0803,2026-08-20,2,SFED,0.00018320399,0.0,0.0,0.0021135265,34,0.0062289354,0.0005234829,0.00012720629914328552,0.00211352645419538,0.0,0.0,0.004402353431037745,0.00043566717258871647,35,12.249797878335007,0.30565759433904516,4-16 px
TCD,TD0804,2026-08-20,2,MFED,0.028343404,0.0,0.0,0.3992582,54,1.5305438,0.084390126,0.03269596241108333,0.39925819635391235,0.0,0.0,1.770923593005843,0.08774099464327273,54,19.45556133617913,0.15356512616068735,16-64 px
TCD,TD0804,2026-08-20,2,SFED,0.03090057,0.0,0.0,0.41379312,54,1.6686307,0.08979484,0.03702592644945811,0.4137931168079376,0.0,0.0,2.0054490483515295,0.09447384403541338,54,19.45556133617913,0.19822794367411709,16-64 px
TCD,TD09,2026-08-20,1,MFED,0.010762778,0.0,0.0,0.21933012,781,8.40573,0.032481354,0.012081996665548666,0.21933011710643768,0.0,0.0,9.39649206460017,0.03543512883146667,778,281.38506302881297,0.12257231966957464,>64 px
TCD,TD09,2026-08-20,1,SFED,0.014212232,0.0,0.0,0.20495681,781,11.099753,0.035919122,0.01483977341942665,0.2049568146467209,0.0,0.0,11.541288831317084,0.03677537759736431,778,281.38506302881297,0.04415502219684074,>64 px
TCD,TD0901,2026-08-20,2,MFED,0.010375497,0.0,0.0,0.18620689,83,0.86116624,0.034437988,0.014353094880517994,0.2171945720911026,0.0,0.0,1.181650268673214,0.04143184184471441,82,29.903918350053107,0.38336456369444233,16-64 px
TCD,TD0901,2026-08-20,2,SFED,0.013212004,0.0,0.0,0.163286,83,1.0965964,0.036087092,0.01608882126848414,0.2049568146467209,0.0,0.0,1.3245477810046704,0.04091172735289701,82,29.903918350053107,0.21774268827682322,16-64 px
TCD,TD0902,2026-08-20,2,MFED,0.0056360397,0.0,0.0,0.21719457,50,0.28180197,0.030634364,0.013246065980362024,0.2171945720911026,0.0,0.0,0.6712894349989408,0.047976309128915054,51,18.014408644610306,1.3502435549490583,16-64 px
TCD,TD0902,2026-08-20,2,SFED,0.004995792,0.0001,0.0,0.20495681,50,0.24978963,0.02870777,0.011750233876699332,0.2049568146467209,0.0,9.999999747378752e-05,0.5954830567724025,0.04502418756749587,51,18.014408644610306,1.3520262406239756,16-64 px
TCD,TD0903,2026-08-20,2,MFED,0.014651307,0.0,0.0,0.12041832,69,1.0109402,0.033608392,0.01335480144209944,0.12041831761598587,0.0,0.0,0.9114664940481303,0.03098730173004981,68,24.859883929562223,0.0884907781879501,16-64 px
TCD,TD0903,2026-08-20,2,SFED,0.019370688,0.0002,0.0,0.1699665,69,1.3365774,0.04128842,0.01975631487995736,0.16996650397777557,0.0,0.00019999999494757503,1.348370407228969,0.03896634547330322,68,24.859883929562223,0.01990775340335668,16-64 px
TCD,TD0904,2026-08-20,2,MFED,0.02097018,0.0,0.0,0.15010615,94,1.971197,0.036075525,0.019613523292734036,0.2171945720911026,0.0,0.0,1.8250540101842503,0.036297066350719116,93,33.86708825186737,0.06469456663061383,16-64 px
TCD,TD0904,2026-08-20,2,SFED,0.024246223,0.0,0.0,0.1699665,94,2.279145,0.043083947,0.02104361267215726,0.2049568146467209,0.0,0.0,1.9581249693323781,0.03935344801311158,93,33.86708825186737,0.13208697815914422,16-64 px
TCD,TD0905,2026-08-20,2,MFED,0.008002257,0.0,0.0,0.1153,153,1.2243453,0.021337692,0.009001874984103037,0.1152999997138977,0.0,0.0,1.3729866828660715,0.02270385401253782,153,55.12409045250754,0.12491700580261748,16-64 px
TCD,TD0905,2026-08-20,2,SFED,0.012716502,0.0,0.0,0.1508,153,1.9456247,0.03098296,0.013247749277883946,0.15080000460147858,0.0,0.0,2.0205771984841285,0.030153073941426963,153,55.12409045250754,0.041776211562263514,16-64 px
TCD,TD0906,2026-08-20,2,MFED,0.00920566,0.0,0.0,0.21933012,332,3.0562792,0.03447357,0.01037795842203273,0.21933011710643768,0.0,0.0,3.434045144621214,0.036611823533402255,331,119.61567340021243,0.127345396422715,>64 px
TCD,TD0906,2026-08-20,2,SFED,0.012626567,0.0,0.0,0.18361582,332,4.19202,0.03482083,0.012977370872754352,0.1836158186197281,0.0,0.0,4.29418539015518,0.0355206878489263,331,119.61567340021243,0.027782996974106394,>64 px
TCD,TD10,2026-08-20,1,MFED,0.0027075792,0.0,0.0,0.0887,569,1.5406125,0.013578173,0.002425772224525769,0.10440000146627426,0.0,0.0,1.3909852914513081,0.01241599294807468,573,205.0039703756653,0.1040807875441763,>64 px
TCD,TD10,2026-08-20,1,SFED,0.004003453,0.0,0.0,0.1257,569,2.2779646,0.014827173,0.0038341372332012388,0.1256999969482422,0.0,0.0,2.1985693639605284,0.01501128390907425,573,205.0039703756653,0.04229243275711266,>64 px
TCD,TD1001,2026-08-20,2,MFED,0.0012140969,0.0,0.0,0.0857,227,0.2756,0.009044431,0.0017277409202504153,0.10440000146627426,0.0,0.0,0.3980555201068161,0.010683070021912504,230,81.78541524653079,0.423066742243074,>64 px
TCD,TD1001,2026-08-20,2,SFED,0.006682819,0.0,0.0,0.1257,227,1.517,0.01900911,0.006743133227621195,0.1256999969482422,0.0,0.0,1.553555497013565,0.020280548331076786,230,81.78541524653079,0.00902526727436343,>64 px
TCD,TD1002,2026-08-20,2,MFED,0.0045222673,0.0,0.0,0.0887,279,1.2617126,0.017399494,0.003524372758475823,0.08869999647140503,0.0,0.0,0.9874965184602431,0.014791741770570192,280,100.52040023692551,0.22066244105565735,>64 px
TCD,TD1002,2026-08-20,2,SFED,0.002715644,0.0,0.0,0.0821,279,0.7576647,0.011972054,0.0022810585579882883,0.08209999650716782,0.0,0.0,0.6391314253012007,0.010509034607687552,280,100.52040023692551,0.16003034345139194,>64 px
TCD,TD1003,2026-08-20,2,MFED,5.2380954e-05,0.0,0.0,0.0006,63,0.0033000002,0.00014459265,8.6464280991968e-05,0.00139999995008111,0.0,0.0,0.005433252916069141,0.00024400111626846354,63,22.698154892208986,0.6506816770074101,16-64 px
TCD,TD1003,2026-08-20,2,SFED,5.2380954e-05,0.0,0.0,0.0006,63,0.0033000002,0.00014459265,9.361262932669919e-05,0.0017000000225380063,0.0,0.0,0.005882441690776747,0.00027807089309651563,63,22.698154892208986,0.7871501409977983,16-64 px
TCD,TD11,2026-08-20,1,MFED,0.018906005,0.0,0.0,0.3204342,593,11.211261,0.0520711,0.019828897406885555,0.4977407455444336,0.0,0.0,11.854068165904264,0.053193135089574906,598,213.65088652507822,0.04881477641022281,>64 px
TCD,TD11,2026-08-20,1,SFED,0.015938431,0.0,0.0,0.31179014,593,9.451489,0.048676617,0.017249912766849475,0.46350038051605225,0.0,0.0,10.312305197722694,0.050821340050764795,598,213.65088652507822,0.08228424534695267,>64 px
TCD,TD1101,2026-08-20,2,MFED,0.015374253,0.0,0.0,0.28589743,276,4.243294,0.0477256,0.018331783501100884,0.4977407455444336,0.0,0.0,5.145690224149225,0.0523669152952193,281,99.43953571824889,0.19236905370952884,>64 px
TCD,TD1101,2026-08-20,2,SFED,0.017049687,0.0,0.0,0.2690171,276,4.7057137,0.050739113,0.02003511878922259,0.46350038051605225,0.0,0.0,5.623812592330689,0.05559004586122508,281,99.43953571824889,0.17510185314384893,>64 px
TCD,TD1102,2026-08-20,2,MFED,0.030206062,0.0,0.0,0.3204342,106,3.2018425,0.07173287,0.02690884030116969,0.32043421268463135,0.0,0.0,2.824023227484381,0.06844090107756584,105,38.190546326573845,0.10915761540946017,16-64 px
TCD,TD1102,2026-08-20,2,SFED,0.01736612,0.0,0.0,0.31179014,106,1.8408087,0.057830736,0.016461303891815656,0.3117901384830475,0.0,0.0,1.727577406713649,0.05767049718724588,105,38.190546326573845,0.05210237567080861,16-64 px
TCD,TD1103,2026-08-20,2,MFED,0.020815795,0.0,0.0,0.18648732,117,2.435448,0.0510587,0.019860150174666302,0.1864873170852661,0.0,0.0,2.2997949704236267,0.04871674209462392,116,42.15371622838811,0.04590960015381104,16-64 px
TCD,TD1103,2026-08-20,2,SFED,0.015403947,0.0,0.0,0.20114473,117,1.8022617,0.046100374,0.015092160475027244,0.2011447250843048,0.0,0.0,1.7476642647732192,0.044541532153659226,116,42.15371622838811,0.020240690582274526,16-64 px
TCD,TD1104,2026-08-20,2,MFED,0.01415613,0.00054541044,0.0,0.18076429,94,1.3306762,0.034088142,0.016441978616254446,0.2673663794994354,0.0,0.0005052036140114069,1.584559740962737,0.03923554706359966,96,33.86708825186737,0.1614741187213205,16-64 px
TCD,TD1104,2026-08-20,2,SFED,0.011730908,0.00030009003,0.0,0.17206956,94,1.1027055,0.03078719,0.012589140903739847,0.24410301446914673,0.0,0.00030009003239683807,1.2132509301315286,0.031058138013467722,96,33.86708825186737,0.07315997224936444,16-64 px
TCD,TD12,2026-08-20,1,MFED,0.009474592,0.0,0.0,0.1881,410,3.884583,0.031854853,0.008152695382399983,0.18809999525547028,0.0,0.0,3.3261758619295354,0.030160624930931284,408,147.7181508858045,0.13952016272574244,>64 px
TCD,TD12,2026-08-20,1,SFED,0.0011361584,0.0,0.0,0.097,410,0.4658249,0.008924594,0.0008885306208952961,0.09700000286102295,0.0,0.0,0.3625069949488517,0.0076755178307927165,408,147.7181508858045,0.21795180945254108,>64 px
TCD,TD1201,2026-08-20,2,MFED,0.014173449,0.0,0.0,0.1881,263,3.727617,0.038698114,0.012233504369245866,0.18809999525547028,0.0,0.0,3.2412723432079007,0.036679649767523526,265,94.75578947065021,0.13687174030499802,>64 px
TCD,TD1201,2026-08-20,2,SFED,0.001716795,0.0,0.0,0.097,263,0.4515171,0.011094264,0.0013160646836157723,0.09700000286102295,0.0,0.0,0.3486919146079006,0.009489386165801545,265,94.75578947065021,0.2334176860861242,>64 px
TCD,TD1202,2026-08-20,2,MFED,0.0015516792,0.0,0.0,0.0764,96,0.14896122,0.0078411,0.0008317514685211801,0.07639999687671661,0.0,0.0,0.07807025706201132,0.0046665319432802185,94,34.58766459765179,0.46396686343338234,16-64 px
TCD,TD1202,2026-08-20,2,SFED,7.504067e-05,0.0,0.0,0.0038003803,96,0.007203904,0.00044550517,8.218317516797672e-05,0.00380038027651608,0.0,0.0,0.007713916782069216,0.0004870789281561323,94,34.58766459765179,0.09518178832860516,16-64 px
TCD,TD1203,2026-08-20,2,MFED,0.00015695284,0.0,0.0,0.0041004103,51,0.008004595,0.00066866755,0.0001389668387763395,0.004100410267710686,0.0,0.0,0.006833261845027011,0.0006481132248059408,49,18.37469681750251,0.11459493962428775,16-64 px
TCD,TD1203,2026-08-20,2,SFED,0.00013929224,0.0,0.0,0.0038003803,51,0.007103904,0.00060382206,0.00012407828789762153,0.00380038027651608,0.0,0.0,0.006101163687343304,0.0005880699633097962,49,18.37469681750251,0.10922325681874646,16-64 px
TCD,TD13,2026-08-20,1,MFED,0.0038953717,0.0,0.0,0.25136116,1335,5.200321,0.018595718,0.004179874295388177,0.2513611614704132,0.0,0.0,5.564651408997561,0.020769453448023573,1331,480.98471081109517,0.07303605850711924,>64 px
TCD,TD13,2026-08-20,1,SFED,0.0020718735,0.0,0.0,0.22242387,1335,2.7659512,0.013571809,0.002396557316741225,0.22242386639118195,0.0,0.0,3.190528017567807,0.016064620690877978,1331,480.98471081109517,0.15671025124903867,>64 px
TCD,TD1301,2026-08-20,2,MFED,0.0024651627,0.0,0.0,0.1275,572,1.410073,0.014053307,0.00215166176131412,0.1274999976158142,0.0,0.0,1.2244323258061305,0.012521855548198794,569,206.0848348943419,0.1271725142871423,>64 px
TCD,TD1301,2026-08-20,2,SFED,0.00031903852,0.0,0.0,0.0715,572,0.18249002,0.003540355,0.0001984782131519493,0.07150000333786011,0.0,0.0,0.1129467207722559,0.0023994951528691494,569,206.0848348943419,0.37788636572176515,>64 px
TCD,TD1302,2026-08-20,2,MFED,0.0041873115,0.0,0.0,0.059,185,0.77465266,0.012841857,0.00423035010915926,0.08720000088214874,0.0,0.0,0.7637367877854824,0.013403993265627289,181,66.65331198505812,0.010278339492836859,>64 px
TCD,TD1302,2026-08-20,2,SFED,3.9475777e-05,0.0,0.0,0.00110011,185,0.007303019,0.00016772252,4.1090087379184564e-05,0.0032999999821186066,0.0,0.0,0.007418301212671986,0.00020244383580976088,181,66.65331198505812,0.04089369486469034,>64 px
TCD,TD1303,2026-08-20,2,MFED,0.0052172933,0.0,0.0,0.25136116,578,3.0155954,0.023380846,0.006148377577085727,0.2513611614704132,0.0,0.0,3.5764822979948825,0.02775248902473821,582,208.24656393169514,0.17846117201916312,>64 px
TCD,TD1303,2026-08-20,2,SFED,0.004457021,0.0,0.0,0.22242387,578,2.576158,0.020074017,0.005277957430588955,0.22242386639118195,0.0,0.0,3.070162995588056,0.02387969791819056,582,208.24656393169514,0.18418949127431858,>64 px
TCD,TD14,2026-08-20,1,MFED,0.0,0.0,0.0,0.0,998,0.0,0.0,0.0,0.0,0.0,0.0,0.0,0.0,994,359.5675965464217,,>64 px
TCD,TD14,2026-08-20,1,SFED,0.0,0.0,0.0,0.0,998,0.0,0.0,0.0,0.0,0.0,0.0,0.0,0.0,994,359.5675965464217,,>64 px
TCD,TD1401,2026-08-20,2,MFED,0.0,0.0,0.0,0.0,600,0.0,0.0,0.0,0.0,0.0,0.0,0.0,0.0,596,216.17290373532367,,>64 px
TCD,TD1401,2026-08-20,2,SFED,0.0,0.0,0.0,0.0,600,0.0,0.0,0.0,0.0,0.0,0.0,0.0,0.0,596,216.17290373532367,,>64 px
TCD,TD1402,2026-08-20,2,MFED,0.0,0.0,0.0,0.0,130,0.0,0.0,0.0,0.0,0.0,0.0,0.0,0.0,128,46.8374624759868,,16-64 px
TCD,TD1402,2026-08-20,2,SFED,0.0,0.0,0.0,0.0,130,0.0,0.0,0.0,0.0,0.0,0.0,0.0,0.0,128,46.8374624759868,,16-64 px
TCD,TD1403,2026-08-20,2,MFED,0.0,0.0,0.0,0.0,268,0.0,0.0,0.0,0.0,0.0,0.0,0.0,0.0,270,96.55723033511124,,>64 px
TCD,TD1403,2026-08-20,2,SFED,0.0,0.0,0.0,0.0,268,0.0,0.0,0.0,0.0,0.0,0.0,0.0,0.0,270,96.55723033511124,,>64 px
TCD,TD15,2026-08-20,1,MFED,0.003929383,0.0,0.0,0.234,2248,8.833254,0.024367291,0.003686432965274884,0.23399999737739563,0.0,0.0,8.28323727246866,0.023168299918127928,2247,809.9278126616794,0.06182905426249262,>64 px
TCD,TD15,2026-08-20,1,SFED,0.002622014,0.0,0.0,0.2171,2248,5.8942876,0.01973565,0.0024553618665094736,0.21709999442100525,0.0,0.0,5.517079822595644,0.018867000794189445,2247,809.9278126616794,0.0635588267227126,>64 px
TCD,TD1501,2026-08-20,2,MFED,0.0069633904,0.0,0.0,0.234,886,6.1695642,0.031684555,0.006803344778425559,0.23399999737739563,0.0,0.0,6.008571990616452,0.03093103227631714,883,319.2153211824946,0.022983864523011863,>64 px
TCD,TD1501,2026-08-20,2,SFED,0.0066496455,0.0,0.0,0.2171,886,5.891586,0.03100759,0.006242811533315402,0.21709999442100525,0.0,0.0,5.513520737729977,0.02969837076041046,883,319.2153211824946,0.061181301572331565,>64 px
TCD,TD1502,2026-08-20,2,MFED,0.007120025,0.0,0.0,0.22700311,374,2.6628895,0.033435486,0.006012772406039327,0.22700311243534088,0.0,0.0,2.2738363716759387,0.029857207057028542,378,134.7477766616851,0.15551245872882097,>64 px
TCD,TD1502,2026-08-20,2,SFED,0.0,0.0,0.0,0.0,374,0.0,0.0,0.0,0.0,0.0,0.0,0.0,0.0,378,134.7477766616851,,>64 px
TCD,TD1503,2026-08-20,2,MFED,8.0989884e-07,0.0,0.0,0.00030006003,988,0.0008001801,1.4207683e-05,8.410175485351999e-07,0.0005007010186091065,0.0,0.0,0.0008289111033378695,1.5301069355410014e-05,986,355.9647148174996,0.03842295728587522,>64 px
TCD,TD1503,2026-08-20,2,SFED,2.7342833e-06,0.0,0.0,0.00070013996,988,0.0027014718,3.9533592e-05,3.6110661712210886e-06,0.0007001399644650519,0.0,0.0,0.0035590848840506084,4.3654580209153284e-05,986,355.9647148174996,0.3206627752219709,>64 px
TCD,TD16,2026-08-20,1,MFED,0.025320893,0.0,0.0,0.49774075,579,14.660797,0.067262255,0.025097363795880043,0.4977407455444336,0.0,0.0,14.491062874816043,0.06752819913128641,577,208.60685210458735,0.008827856273471758,>64 px
TCD,TD16,2026-08-20,1,SFED,0.026362313,0.0,0.0,0.46350038,579,15.26378,0.06712485,0.024818551388029828,0.46350038051605225,0.0,0.0,14.330078312242202,0.06529241717300273,577,208.60685210458735,0.0585594144174743,>64 px
TCD,TD1601,2026-08-20,2,MFED,0.017687423,0.0,0.0,0.331,414,7.322593,0.04991941,0.017589782872293038,0.33570411801338196,0.0,0.0,7.23517826246849,0.05016807020707306,411,149.15930357737332,0.005520313937590716,>64 px
TCD,TD1601,2026-08-20,2,SFED,0.019486025,0.0,0.0,0.3124194,414,8.067215,0.050905656,0.01750988582163207,0.3601910173892975,0.0,0.0,7.20231433183475,0.04739842220135224,411,149.15930357737332,0.1014131501097802,>64 px
TCD,TD1602,2026-08-20,2,MFED,0.034325566,0.0001,0.0,0.49774075,122,4.1877193,0.08335216,0.037242736245055225,0.4977407455444336,0.0,9.999999747378752e-05,4.674440708271771,0.08922177885743021,126,43.95515709284915,0.08498535013392708,16-64 px
TCD,TD1602,2026-08-20,2,SFED,0.033056673,0.0,0.0,0.46350038,122,4.0329137,0.08163123,0.03386822776644035,0.46350038051605225,0.0,0.0,4.250896645906054,0.08561513668707184,126,43.95515709284915,0.02455040670427867,16-64 px
TCD,TD1603,2026-08-20,2,MFED,0.07326709,0.003,0.0,0.3992582,43,3.1504848,0.1188492,0.06365675726924434,0.39925819635391235,0.0,0.002300230087712407,2.581443867282277,0.11065669612062662,41,15.492391434364864,0.13116847865468198,4-16 px
TCD,TD1603,2026-08-20,2,SFED,0.073573284,0.00230023,0.0,0.41379312,43,3.1636512,0.11833559,0.07094171052788757,0.4137931168079376,0.0,0.003000000026077032,2.8768673025889404,0.11091351024246421,41,15.492391434364864,0.03576805776553933,4-16 px
TCD,TD17,2026-08-20,1,MFED,0.0,0.0,0.0,0.0,1737,0.0,0.0,0.0,0.0,0.0,0.0,0.0,0.0,1736,625.820556313762,,>64 px
TCD,TD17,2026-08-20,1,SFED,0.0,0.0,0.0,0.0,1737,0.0,0.0,0.0,0.0,0.0,0.0,0.0,0.0,1736,625.820556313762,,>64 px
TCD,TD1701,2026-08-20,2,MFED,0.0,0.0,0.0,0.0,796,0.0,0.0,0.0,0.0,0.0,0.0,0.0,0.0,791,286.78938562219605,,>64 px
TCD,TD1701,2026-08-20,2,SFED,0.0,0.0,0.0,0.0,796,0.0,0.0,0.0,0.0,0.0,0.0,0.0,0.0,791,286.78938562219605,,>64 px
TCD,TD1702,2026-08-20,2,MFED,0.0,0.0,0.0,0.0,316,0.0,0.0,0.0,0.0,0.0,0.0,0.0,0.0,319,113.85106263393713,,>64 px
TCD,TD1702,2026-08-20,2,SFED,0.0,0.0,0.0,0.0,316,0.0,0.0,0.0,0.0,0.0,0.0,0.0,0.0,319,113.85106263393713,,>64 px
TCD,TD1703,2026-08-20,2,MFED,0.0,0.0,0.0,0.0,370,0.0,0.0,0.0,0.0,0.0,0.0,0.0,0.0,369,133.30662397011625,,>64 px
TCD,TD1703,2026-08-20,2,SFED,0.0,0.0,0.0,0.0,370,0.0,0.0,0.0,0.0,0.0,0.0,0.0,0.0,369,133.30662397011625,,>64 px
TCD,TD1704,2026-08-20,2,MFED,0.0,0.0,0.0,0.0,255,0.0,0.0,0.0,0.0,0.0,0.0,0.0,0.0,256,91.87348408751257,,>64 px
TCD,TD1704,2026-08-20,2,SFED,0.0,0.0,0.0,0.0,255,0.0,0.0,0.0,0.0,0.0,0.0,0.0,0.0,256,91.87348408751257,,>64 px
TCD,TD18,2026-08-20,1,MFED,0.0,0.0,0.0,0.0,15,0.0,0.0,0.0,0.0,0.0,0.0,0.0,0.0,14,5.404322593383092,,4-16 px
TCD,TD18,2026-08-20,1,SFED,0.0,0.0,0.0,0.0,15,0.0,0.0,0.0,0.0,0.0,0.0,0.0,0.0,14,5.404322593383092,,4-16 px
TCD,TD1801,2026-08-20,2,MFED,0.0,0.0,0.0,0.0,15,0.0,0.0,0.0,0.0,0.0,0.0,0.0,0.0,14,5.404322593383092,,4-16 px
TCD,TD1801,2026-08-20,2,SFED,0.0,0.0,0.0,0.0,15,0.0,0.0,0.0,0.0,0.0,0.0,0.0,0.0,14,5.404322593383092,,4-16 px
TCD,TD19,2026-08-20,1,MFED,0.0,0.0,0.0,0.0,1693,0.0,0.0,0.0,0.0,0.0,0.0,0.0,0.0,1690,609.967876706505,,>64 px
TCD,TD19,2026-08-20,1,SFED,0.0,0.0,0.0,0.0,1693,0.0,0.0,0.0,0.0,0.0,0.0,0.0,0.0,1690,609.967876706505,,>64 px
TCD,TD1901,2026-08-20,2,MFED,0.0,0.0,0.0,0.0,337,0.0,0.0,0.0,0.0,0.0,0.0,0.0,0.0,336,121.41711426467346,,>64 px
TCD,TD1901,2026-08-20,2,SFED,0.0,0.0,0.0,0.0,337,0.0,0.0,0.0,0.0,0.0,0.0,0.0,0.0,336,121.41711426467346,,>64 px
TCD,TD1902,2026-08-20,2,MFED,0.0,0.0,0.0,0.0,1198,0.0,0.0,0.0,0.0,0.0,0.0,0.0,0.0,1195,431.6252311248629,,>64 px
TCD,TD1902,2026-08-20,2,SFED,0.0,0.0,0.0,0.0,1198,0.0,0.0,0.0,0.0,0.0,0.0,0.0,0.0,1195,431.6252311248629,,>64 px
TCD,TD1903,2026-08-20,2,MFED,0.0,0.0,0.0,0.0,158,0.0,0.0,0.0,0.0,0.0,0.0,0.0,0.0,159,56.925531316968566,,16-64 px
TCD,TD1903,2026-08-20,2,SFED,0.0,0.0,0.0,0.0,158,0.0,0.0,0.0,0.0,0.0,0.0,0.0,0.0,159,56.925531316968566,,16-64 px
TCD,TD20,2026-08-20,1,MFED,0.0,0.0,0.0,0.0,2833,0.0,0.0,0.0,0.0,0.0,0.0,0.0,0.0,2841,1020.6963938036199,,>64 px
TCD,TD20,2026-08-20,1,SFED,0.0,0.0,0.0,0.0,2833,0.0,0.0,0.0,0.0,0.0,0.0,0.0,0.0,2841,1020.6963938036199,,>64 px
TCD,TD2001,2026-08-20,2,MFED,0.0,0.0,0.0,0.0,2467,0.0,0.0,0.0,0.0,0.0,0.0,0.0,0.0,2480,888.8309225250725,,>64 px
TCD,TD2001,2026-08-20,2,SFED,0.0,0.0,0.0,0.0,2467,0.0,0.0,0.0,0.0,0.0,0.0,0.0,0.0,2480,888.8309225250725,,>64 px
TCD,TD2002,2026-08-20,2,MFED,0.0,0.0,0.0,0.0,366,0.0,0.0,0.0,0.0,0.0,0.0,0.0,0.0,362,131.86547127854743,,>64 px
TCD,TD2002,2026-08-20,2,SFED,0.0,0.0,0.0,0.0,366,0.0,0.0,0.0,0.0,0.0,0.0,0.0,0.0,362,131.86547127854743,,>64 px
TCD,TD21,2026-08-20,1,MFED,0.0,0.0,0.0,0.0,1195,0.0,0.0,0.0,0.0,0.0,0.0,0.0,0.0,1187,430.5443666061863,,>64 px
TCD,TD21,2026-08-20,1,SFED,0.0,0.0,0.0,0.0,1195,0.0,0.0,0.0,0.0,0.0,0.0,0.0,0.0,1187,430.5443666061863,,>64 px
TCD,TD2101,2026-08-20,2,MFED,0.0,0.0,0.0,0.0,707,0.0,0.0,0.0,0.0,0.0,0.0,0.0,0.0,698,254.72373823478972,,>64 px
TCD,TD2101,2026-08-20,2,SFED,0.0,0.0,0.0,0.0,707,0.0,0.0,0.0,0.0,0.0,0.0,0.0,0.0,698,254.72373823478972,,>64 px
TCD,TD2102,2026-08-20,2,MFED,0.0,0.0,0.0,0.0,488,0.0,0.0,0.0,0.0,0.0,0.0,0.0,0.0,489,175.8206283713966,,>64 px
TCD,TD2102,2026-08-20,2,SFED,0.0,0.0,0.0,0.0,488,0.0,0.0,0.0,0.0,0.0,0.0,0.0,0.0,489,175.8206283713966,,>64 px
TCD,TD22,2026-08-20,1,MFED,0.0,0.0,0.0,0.0,7308,0.0,0.0,0.0,0.0,0.0,0.0,0.0,0.0,7320,2632.985967496242,,>64 px
TCD,TD22,2026-08-20,1,SFED,0.0,0.0,0.0,0.0,7308,0.0,0.0,0.0,0.0,0.0,0.0,0.0,0.0,7320,2632.985967496242,,>64 px
TCD,TD2201,2026-08-20,2,MFED,0.0,0.0,0.0,0.0,4320,0.0,0.0,0.0,0.0,0.0,0.0,0.0,0.0,4327,1556.4449068943304,,>64 px
TCD,TD2201,2026-08-20,2,SFED,0.0,0.0,0.0,0.0,4320,0.0,0.0,0.0,0.0,0.0,0.0,0.0,0.0,4327,1556.4449068943304,,>64 px
TCD,TD2202,2026-08-20,2,MFED,0.0,0.0,0.0,0.0,2988,0.0,0.0,0.0,0.0,0.0,0.0,0.0,0.0,2993,1076.5410606019118,,>64 px
TCD,TD2202,2026-08-20,2,SFED,0.0,0.0,0.0,0.0,2988,0.0,0.0,0.0,0.0,0.0,0.0,0.0,0.0,2993,1076.5410606019118,,>64 px
TCD,TD23,2026-08-20,1,MFED,0.0,0.0,0.0,0.0,4255,0.0,0.0,0.0,0.0,0.0,0.0,0.0,0.0,4239,1533.026175656337,,>64 px
TCD,TD23,2026-08-20,1,SFED,0.0,0.0,0.0,0.0,4255,0.0,0.0,0.0,0.0,0.0,0.0,0.0,0.0,4239,1533.026175656337,,>64 px
TCD,TD2301,2026-08-20,2,MFED,0.0,0.0,0.0,0.0,3574,0.0,0.0,0.0,0.0,0.0,0.0,0.0,0.0,3559,1287.6699299167446,,>64 px
TCD,TD2301,2026-08-20,2,SFED,0.0,0.0,0.0,0.0,3574,0.0,0.0,0.0,0.0,0.0,0.0,0.0,0.0,3559,1287.6699299167446,,>64 px
TCD,TD2303,2026-08-20,2,MFED,0.0,0.0,0.0,0.0,681,0.0,0.0,0.0,0.0,0.0,0.0,0.0,0.0,680,245.35624573959237,,>64 px
TCD,TD2303,2026-08-20,2,SFED,0.0,0.0,0.0,0.0,681,0.0,0.0,0.0,0.0,0.0,0.0,0.0,0.0,680,245.35624573959237,,>64 px
